2024년 귀속 단순기준경비율,,,,,,,,,
,,,,,,,,,
귀속연도,업종코드,업태명,중분류,세분류,세세분류,적용기준내용,단순경비율(일반율),단순경비율(초과율),기준경비율(일반율)
2024,011000,"농업, 임업 및 어업",농업,곡물 및 기타 식량작물 재배업,곡물 및 기타 식량작물 재배업,"◦곡물작물, 식량용 뿌리작물, 콩과 작물 및 기타식량작물을 재배하는 산업활동을 말한다.
<예 시>
·벼, 보리, 밀, 수수 재배        ·감자, 고구마 재배         ·메밀 재배 
·옥수수, 콩, 녹두 재배

<제 외>
·작물의 종묘 생산(011003)   ·시설작물 재배(011007~011009)
·사료용 작물 재배(011006)   ·과실, 견과, 음료용 또는 향신용 작물 재배(011004,011005)",0.0,0.0,0.0
2024,011001,"농업, 임업 및 어업",농업,"채소, 화훼작물 및 종묘 재배업",채소작물 재배업,"◦노지에서 각종 채소작물을 재배하는 산업활동을 말한다. 노지에서 깻잎 등과 같이 채소로 사용하기 위하여 각종 작물을 재배하는 경우에도 여기에 분류된다.
<예 시>
·풋마늘, 마늘 및 풋고추 재배
·파 및 양파 재배
·아스파라거스 재배
·참외, 수박 및 멜론, 딸기, 토마토 등 과일채소 재배
·잎채소 재배
<제 외>
·채소작물 종자 및 묘목 생산(011003)
·커피, 코코아, 차, 겨자, 붉은 고추 등의 음료용 또는 향신용 작물 재배(011005)
·콩나물, 버섯 및 기타 채소작물의 시설재배(011007~011009)",93.5,0.0,9.7
2024,011002,"농업, 임업 및 어업",농업,"채소, 화훼작물 및 종묘 재배업",화훼작물 재배업,"◦노지에서 화초, 잔디, 관상수 등과 같은 장식, 관상, 조원 및 조경용의 수목◦꽃◦풀 등을 재배하는 산업활동을 말한다.
<예 시>
·정원수 재배
·조원용 풀 재배
·절화용 화초 재배
·분재 재배
<제 외>
·화훼작물의 종자 및 묘목 생산(011003)
·화훼작물의 시설재배(011008)
·공원에 화훼작물 식재 및 관리 활동(749303)",93.5,0.0,5.4
2024,011003,"농업, 임업 및 어업",농업,"채소, 화훼작물 및 종묘 재배업",종자 및 묘목 생산업,"◦노지 또는 시설에서 각종 농작물의 종자, 버섯 종균, 묘목 등을 생산하는 산업활동을 말한다.
<예 시>
·채소, 화초, 과수 종자 생산
·채소, 화초, 과수 묘목 생산
·버섯 종균 생산
·접수 및 삽수 묘목 생산
·화초 종근 생산
·벼 모판 생산
<제 외>
·육림용 종자 및 묘목 생산(020100)
·종균 없는 버섯재배용 배지 혼합·발효생산(369908)
·종균 없는 버섯재배용 배지 단순 혼합 생산·판매(G)
·공원에 화훼작물 식재 및 관리 활동(749303)",93.5,0.0,5.9
2024,011004,"농업, 임업 및 어업",농업,"과실, 음료용 및 향신용 작물 재배업",과실작물 재배업,"◦노지에서 견과(땅콩 제외)를 포함한 각종 과실작물을 재배하는 산업활동을 말한다.
<예 시>
·밤, 호두 및 대추 재배
·복숭아, 포도 및 감귤 재배
·바나나 재배
·키위 및 망고스틴 재배
·무화과 재배
<제 외>
·호프 재배(011006)
·낙화생(땅콩) 재배(011006)
·유지(기름 추출용) 작물 재배(011006)
·멜론, 수박, 토마토 및 기타 과일채소 노지재배(011001)",93.5,0.0,5.8
2024,011005,"농업, 임업 및 어업",농업,"과실, 음료용 및 향신용 작물 재배업",음료용 및 향신용 작물 재배업,"◦노지에서 음료용 또는 향신용 작물을 재배하는 산업활동을 말한다.
<예 시>
·고추(풋고추 제외) 재배
·생강 재배
·정향 재배
·녹차용 작물 재배
·커피 재배
·코코아 재배
<제 외>
·커피 가공(154901), 차류 가공(154905)
·향신료 가공(154501,154509)",93.5,0.0,9.0
2024,011006,"농업, 임업 및 어업",농업,기타 작물 재배업,기타 작물 재배업,"◦노지에서 약용작물, 사료작물, 기름추출용 작물 및 공업용 원료작물 등 달리 분류되지 않은 기타 작물을 재배하는 산업활동을 말한다.
<예 시>
·인삼 재배
·호프 재배
·섬유작물 재배
·비 및 솔 제조용 작물 재배
·유지작물 재배
·조물재료용 작물 재배 
·낙화생(땅콩) 재배
·잎담배 재배
<제 외>
·곡물 및 기타 식량작물 재배(011000) 
·음료용 및 향신용 작물 재배(011005)
·작물 배양 재배(011009)
·식용과 사료용으로 모두 가능한 작물은 해당 작물 재배업으로 분류",93.5,0.0,11.1
2024,011007,"농업, 임업 및 어업",농업,시설작물 재배업,기타 시설작물 재배업,◦콩나물을 재배하는 산업활동을 말한다.,93.5,0.0,4.4
2024,011008,"농업, 임업 및 어업",농업,시설작물 재배업,"채소, 화훼 및 과실작물 시설 재배업","◦시설 내에서 채소, 화훼 및 과실작물을 재배하는 산업활동을 말한다.
<제 외>
·음료용 및 향신용, 공예용 작물 시설 재배(011009)",93.5,0.0,14.4
2024,011009,"농업, 임업 및 어업",농업,시설작물 재배업,기타 시설작물 재배업,"◦콩나물, 채소, 화훼 및 과실작물 이외의 각종 작물을 시설 재배하는 산업활동을 말한다.
<예 시>
··버섯 재배
·작물 배양 재배
·음료용 작물 시설재배
·공예작물 시설재배
·향신용 작물 시설재배
<제 외>
·화훼작물 시설 재배(011008)
·노지 및 시설 내에서 종묘 생산(011003)
·콩나물 재배(011007)",93.5,0.0,9.4
2024,012101,"농업, 임업 및 어업",농업,소 사육업,육우 사육업,◦쇠고기를 생산하기 위하여 육우를 사육하는 산업활동을 말한다. 젖소 이외 기타 용도의 소 사육업도 포함한다.,97.2,0.0,7.8
2024,012102,"농업, 임업 및 어업",농업,기타 축산업,말 및 양 사육업,"◦각종 용도의 말, 양 및 염소를 사육하는 산업활동을 말한다.
<예 시>
·양 사육
·양모 생산
·당나귀 사육
·양젖 생산
·말 사육
<제 외>
·수수료 또는 계약에 의한 양털 깎기 및 사육장 서비스 활동(014300)
·도축활동에 관련된 양모 생산(151101)
·경마장에서 경주마를 사육관리하는 경우(924202)",91.8,0.0,11.4
2024,012103,"농업, 임업 및 어업",농업,기타 축산업,"그 외 기타 축산업(사슴, 토끼, 개)","◦사슴, 토끼, 개 사육
<예 시>
·녹용생산(사육관련)",88.0,0.0,7.4
2024,012104,"농업, 임업 및 어업",농업,소 사육업,젖소 사육업,"◦우유를 생산하기 위하여 젖소를 사육하는 산업활동을 말한다.
<예 시>
·젖소 사육
·생우유 생산
<제 외>
·구입한 생우유의 처리 및 가공(152001~152003)",97.2,0.0,7.1
2024,012201,"농업, 임업 및 어업",농업,양돈업,양돈업,"◦각종 용도의 돼지, 멧돼지를 번식 및 사육하는 산업활동을 말한다.
<예 시>
·돼지 사육
·멧돼지 사육",96.5,0.0,9.1
2024,012202,"농업, 임업 및 어업",농업,가금류 및 조류 사육업,양계업,"◦각종 용도의 닭을 사육하거나 병아리를 부화하는 산업활동을 말한다.
<예 시>
·닭 사육
·양계장 운영
·계란 생산
·병아리 부화장 운영
<제 외>
·가금 감별활동(014300)",95.9,0.0,8.7
2024,012203,"농업, 임업 및 어업",농업,가금류 및 조류 사육업,기타 가금류 및 조류 사육업,"◦닭을 제외한 각종 용도의 가금 및 기타 조류를 사육하거나 부화하는 산업활동을 말한다.
<예 시>
·가금(닭 제외) 사육
·조란(계란 제외) 생산
·실험용 조류 사육
·관상용 조류 사육
·메추리 사육
·가금(닭 제외) 부화
<제 외>
·가금 감별활동(014300)
·닭 사육 및 부화(012202)",94.2,0.0,8.4
2024,012204,"농업, 임업 및 어업",농업,기타 축산업,그 외 기타 축산업,"◦달리 분류되지 않은 육지동물(소, 돼지, 가금류, 말 및 양을 제외)을 번식◦증식◦사육하는 산업활동을 말한다.
<예 시>
·양봉업
·실험용 쥐 생산
·여우 및 곰 사육
·곤충류 사육
·양잠업
·환형동물(지렁이 등) 사육
<제 외>
·가금 및 조류 감별활동(014300)

*사슴, 토끼, 개 사육(→012103)",93.9,0.0,10.6
2024,014300,"농업, 임업 및 어업",농업,축산 관련 서비스업,축산 관련 서비스업,"◦수수료 또는 계약에 의하여 축산관련 서비스를 제공하는 산업활동을 말한다.
<예 시>
·가금감별 서비스
·동물 인공수정
·품종개량 서비스
·거세 서비스
·혈통검사 서비스
·동물 먹이주기 대리
·병아리 감별
<제 외>
·가금부화 서비스(012202, 012203)
·수렵관련 서비스 활동(015000)
·축산분뇨 수집 및 처리(900203)",93.7,0.0,28.5
2024,014301,"농업, 임업 및 어업",농업,작물재배 및 축산 복합농업,작물재배 및 축산 복합농업,"◦작물 재배활동과 축산활동을 복합적으로 운영하는 산업활동으로서 이중 한편의 전문화율이 66% 이하로 운영되는 산업활동을 말한다.
<예 시>
·작물재배와 축산 복합 생산
<제 외>
·축산활동이나 작물 생산활동을 복합적으로 운영하면서 어느 한쪽의 전문화율이 66%를 초과하는 경우에는 주된 산업활동에 따라 작물 재배업 또는 축산업에 각각 분류",93.7,0.0,12.0
2024,014302,"농업, 임업 및 어업",농업,작물재배 관련 서비스업,작물재배 지원 서비스업,"◦수수료 또는 계약에 의하여 밭갈기, 작물심기, 농약뿌리기, 가지치기, 작물 수확하기 등 작물재배에 수반되는 활동을 제공하는 산업활동을 말한다. 운전자와 함께 농업용 기계 및 장비를 제공하는 활동과 농업용수 공급활동도 포함한다.
<예 시>
·농약 뿌리기 서비스
·작물 수확 서비스
·농업용수 공급
·농업 노동자 공급
<제 외>
·과실 선과장 운영(014303)
·농산물 건조장 운영(014303)
·생활용수 및 공업용수 공급(41000)
·농업 노동력 이외의 인력공급(749100~749102)",93.7,0.0,23.0
2024,014303,"농업, 임업 및 어업",농업,작물재배 관련 서비스업,"농산물 건조, 선별 및 기타 수확 후 서비스업","◦수수료 또는 계약에 의하여 곡물, 종자, 채소, 화훼 및 과실 등의 각종 농산물을 선별, 건조 및 기타 출하준비를 위한 고정 처리시설(가공처리시설 제외)을 운영하는 시장 출하 이전 활동을 말한다.
<예 시>
·과실 선과장 운영
·농산물 건조장 운영
·종자 가공업 운영
<제 외>
·담배 재건조업(160000)
·농업용 종자 재배업(011003)
·종자 신품종 개발을 위한 연구활동(730002)",93.7,0.0,13.7
2024,015000,"농업, 임업 및 어업",농업,수렵 및 관련 서비스업,수렵 및 관련 서비스업,"◦육상에서 각종 야생 육지 동물과 수산 동물(고래 제외)을 포획 또는 채집하는 활동 및 수렵관련 서비스 활동을 포함한다.
<예 시>
·수렵활동
·야생 개구리 포획
·육상에서 수행하는 수산 포유동물(해마, 바다표범) 포획
<제 외>
·사육활동에 결합된 동물성 물질 생산(012101~012104, 012201~012204)
·고래 수상 포획활동(051104)
·도축활동 과정에서의 동물성 물질 생산(151101,151103)",80.0,0.0,14.3
2024,020100,"농업, 임업 및 어업",임업,영림업,임업용 종묘 생산업,"◦조림 및 육림 등 임업용 수목의 종자 및 묘목을 생산 또는 채취하는 산업활동을 말한다.
<예 시>
·임업용 묘목 생산
·임업용 종자 생산
<제 외>
·임업용 이외의 종묘 생산(011003)",91.3,0.0,9.1
2024,020101,"농업, 임업 및 어업",임업,영림업,육림업,"◦임목을 생산하기 위하여 산림에서 나무를 심고, 가꾸고, 보호하는 산업활동을 말한다.
<예 시>
·임목지 운영
·자영 산림 내에서 임업 부산물 생산
<제 외>
·식물원, 수목원 관리 운영(923300, 924905)",91.3,0.0,10.1
2024,020102,"농업, 임업 및 어업",임업,임산물 채취업,임산물 채취업,"◦자연적으로 번식◦생장하는 각종 용도의 야생 식물 및 식물성 물질을 채취하는 산업활동을 말한다. 야생 딸기, 버섯, 송로 및 견과 등 식용 가능한 야생 식물을 채취하는 활동도 포함한다.
<예 시>
·천연 검 및 수지 채취
·쿠션, 매트리스 등 충전용 식물성 재료 채취
·천연 코르크 채취
·편조물용 식물성 재료 채취
·야생 딸기, 버섯, 송로 및 견과 등 식용 야생 식물 채취
<제 외>
·재배한 고무나무에서 천연고무 라텍스액 채취(011006)
·임업사업자를 대리한 임산물 채취·정리활동(020300)
·육림업자가 자영 산림 내에서 야생식물을 채취하는 경우(020101)",91.3,0.0,14.4
2024,020200,"농업, 임업 및 어업",임업,벌목업,벌목업,"◦원목과 연료용 목재를 벌목하는 산업활동을 말한다.
<예 시>
·원목 생산
·연료용 나무 생산
·벌목업자
·화목 생산",90.5,0.0,17.7
2024,020300,"농업, 임업 및 어업",임업,임업 관련 서비스업,임업 관련 서비스업,"◦수수료 또는 계약에 의하여 영림 및 벌목관련 서비스를 제공하는 산업 활동을 말한다.
<예 시>
·산불 방지 서비스
·산림 병충해 방지 서비스
·산림 경비 및 보조 서비스
·수목 조사 및 평가 서비스
·목재 운반 및 이동 서비스(벌목장 내)",90.5,0.0,17.2
2024,051102,"농업, 임업 및 어업",어업,해수면 어업,연근해 어업,"◦연안 및 근해에서 어류, 갑각류, 연체동물, 해조류 및 기타 수산 동◦식물을 채취 또는 포획하는 산업활동을 말한다.
<예 시>
·어류 포획
·수산 무척추동물 포획
·산호 채취
·진주조개채취
·저인망
·조개류채취
·트롤",96.8,0.0,16.7
2024,051104,"농업, 임업 및 어업",어업,해수면 어업,원양 어업,"◦원양에서 어류, 갑각류, 연체동물, 해조류 및 기타 수산 동◦식물을 채취 또는 포획하는 산업활동을 말한다.
<예 시>
·어류 포획
·수산 무척추동물 포획
·진주조개 채취
·산호 채취
·저인망
·트롤
·일본조, 고래포획",96.4,0.0,18.8
2024,051200,"농업, 임업 및 어업",어업,내수면 어업,내수면 어업,"◦강, 호수, 하천 등 내수면에서 어류 등의 각종 수산 동◦식물을 채취 또는 포획하는 산업활동을 말한다.
<예 시>
·어류 포획
·연체동물 포획
·갑각류 채취
·수산 식물 채취",93.5,0.0,7.6
2024,052101,"농업, 임업 및 어업",어업,양식 어업,해수면 양식 어업,"◦해수면 또는 육상에서 해수를 이용하여 각종 수산 동◦식물을 증식 또는 양식하는 산업활동을 말한다.
<예 시>
·수산 동물 양식
·수산 식물 양식
·진주 양식
·해산물 양식",95.3,0.0,8.9
2024,052103,"농업, 임업 및 어업",어업,양식 어업,내수면 양식 어업,"◦내수면에서 각종 수산 동◦식물을 증식 또는 양식하는 산업활동을 말한다.
<예 시>
·수산 동물 양식
·수산 식물 양식
·개구리 양식
·우렁이 양식
<제 외>
·개구리 포획(015000)",92.7,0.0,9.0
2024,052104,"농업, 임업 및 어업",어업,양식 어업,수산물 부화 및 수산 종자 생산업,"◦각종 수산 동물과 식물을 부화하거나 종자를 생산하는 산업활동을 말한다.
<예 시>
·수산 동물 및 식물 종자생산
·어족 부화 서비스",95.5,0.0,9.5
2024,052200,"농업, 임업 및 어업",어업,어업 관련 서비스업,어업 관련 서비스업,"◦수수료 또는 계약에 의하여 어로어업 및 양식어업에 관련된 서비스를 제공하는 산업활동을 말한다.
<예 시>
·어획물 정리 서비스
·어획물 출하 준비 서비스
·수산물 선별, 정리 서비스
·수산자원 보호 활동(플랑크톤 등 배양 활동 포함)
<제 외>
·어족부화 서비스(052104)
·오락 목적의 낚시장 운영 및 관련 서비스 활동(924914)",95.3,0.0,11.6
2024,101000,광업,"석탄, 원유 및 천연가스 광업",석탄 광업,석탄 광업,"◦무연탄, 유연탄, 갈탄 등의 석탄(토탄 제외)을 채굴하는 산업활동을 말한다. 석탄 광업 사업체와 수수료 또는 계약에 의해 채굴한 석탄의 파쇄◦분쇄◦체질 및 선별에 종사하는 사업체는 직접 채광활동을 하지 않더라도 포함하여 분류한다.
<예 시>
·역청질탄(석탄) 채굴 및 선광
·유연탄 채굴 및 선광
·갈탄 채굴 및 선광
<제 외>
·구입한 무·유연탄 및 갈탄으로 연탄 생산(231002)
·구입한 석탄을 건류하여 코크스 생산(231001)
·토탄 채굴(101001)

*석탄 조광권자(→143106)",96.9,0.0,18.9
2024,101001,광업,비금속광물 광업: 연료용 제외,그 외 기타 비금속광물 광업,그 외 기타 비금속광물 광업,◦토탄을 채굴·선광하는 활동,96.9,0.0,18.9
2024,131000,광업,금속 광업,철 광업,철 광업,"◦철 성분을 주로 함유하고 있는 각종 철광석을 채굴하는 산업활동으로서 철광석의 정광 및 기타 부수적인 처리활동과 철광석의 응집처리 활동도 포함한다.
<예 시>
·적·갈·자철광석 채굴
·철광석 채굴 및 정광활동
·철광석분 응집처리
·능철광석 채굴
·사철광 채굴
<제 외>
·황화철광 채굴(142104)

*철 조광권자(→143103)",92.2,0.0,23.6
2024,131003,광업,금속 광업,비철금속 광업,비철금속 광업,"◦텅스텐광, 몰리브덴광석, 중석(흑중석, 회중석 등)광 채굴",92.2,0.0,23.6
2024,132002,광업,금속 광업,비철금속 광업,비철금속 광업,"◦역청 우라늄광을 포함하여 우라늄 또는 토륨을 주로 함유한 광물의 채굴 및 이들의 정광활동 
◦망간광석의 채굴 및 정광활동
◦연광석 및 아연광석의 채굴 및 정광활동
◦달리 분류되지 않은 비철금속 광업 및 정광활동으로 코발트, 크롬, 탄탈륨, 바나듐, 수은, 니켈, 티타늄, 질코늄, 하프늄, 안티모니, 베리륨, 세륨, 카드미늄 등의 광석을 채굴 및 정광하는 활동",95.5,0.0,23.6
2024,132003,광업,금속 광업,비철금속 광업,비철금속 광업,"◦금·은 및 백금류 등 귀금속 광석의 채굴 및 정광하는 산업활동을 말한다.
<예 시>
·귀금속 채굴 및 정광
·배금광석 채굴 및 정광
·사금 채취
·동광석 채굴 및 정광
<제 외>
*우라늄 또는 토륨을 주로 함유한 광물의 채굴(→132002)
*텅스텐광, 몰리브덴광, 중석광 채굴(→131003)
*연, 아연, 구리, 주석 채굴(→132002)
*금, 은, 동 조광권자(→143101)
*텅스텐, 망간, 연, 아연 등 조광권자(→143101)",96.6,0.0,21.2
2024,141001,광업,비금속광물 광업: 연료용 제외,"석재, 쇄석 및 모래, 자갈 채취업",건설용 석재 채굴 및 쇄석 생산업,"◦건설용 또는 기념비용의 각종 암석, 석재 및 판석을 채굴하는 산업활동을 말한다.
<예 시>
·대리석 채취
·화강암 채취
·사암 채취
·암석 채취(건축용)
<제 외>
*직접 분쇄하여 건설용에 적합한 상태의 쇄석 및 석분 생산(→141003)
*조광권자(→143107)",91.9,0.0,26.7
2024,141002,광업,비금속광물 광업: 연료용 제외,석회석 및 점토 광업,석회석 및 점토 광업,"◦천연 석고 채굴과 석회, 플라스터, 시멘트 제조용 및 농업용 등의 석회석을 채굴하는 산업활동과 각종 용도의 고령토, 고령토질의 점토 및 기타 점토와 기타 내화용의 토사석을 채굴하는 산업활동을 말한다. 백악 및 백운석을 채굴하는 산업활동도 포함한다.
<예 시>
·석회질암석 채굴
·백운석 채굴
·천연 무수석고(경석고) 채굴
·점토 채취
·남정석, 규선석 채취
·내화재용 광물 채취
·천연 뮬라이트 채취
·홍주석 채취
<제 외>
·하소석고 및 플라스터 제조(269403)
·천연 황산 마그네슘광 채굴(142104)
·흑연(142902), 장석, 백류석, 규조토 채굴(142101)
·샤모트 가공(269201)
·다이나스어스드(Dinas earth) 가공(269201)

*조광권자(→143107)",94.1,0.0,39.9
2024,141003,광업,비금속광물 광업: 연료용 제외,"석재, 쇄석 및 모래, 자갈 채취업",건설용 석재 채굴 및 쇄석 생산업,"◦각종 암석을 채굴하고 이를 직접 분쇄하여 건축용 재료, 도로 포장재 및 철도 노반용 등 건설용에 적합한 상태의 쇄석 및 석분을 생산하는 산업활동을 말한다.
<예 시>
·쇄석 채굴 생산(건설용)
·암석 채굴 분쇄
·사암 채굴 분쇄
·반려암 채굴 분쇄
<제 외>
·구입한 석재로 쇄석 및 석분 생산(269904)

*건설용 또는 기념비용의 각종 암석, 석재 및 판석 채굴(→141001)
*조광권자(→143107)",89.4,0.0,26.7
2024,141004,광업,비금속광물 광업: 연료용 제외,"석재, 쇄석 및 모래, 자갈 채취업",모래 및 자갈 채취업,"◦건설용 등의 천연 모래 및 자갈을 채취하는 산업활동을 말한다.
<예 시>
·자갈 채취
·장석사 채취
<제 외>
·금속을 함유한 모래 채취는 주로 함유된 금속의 종류에 따라 금속광업의 적합한 항목에 분류

*공업용 모래채취(→141006)
*요업용, 공업용 및 기타의 점토와 토사석 채취(→141006)
*조광권자(→143107)
",88.3,0.0,39.9
2024,141006,광업,비금속광물 광업: 연료용 제외,"석재, 쇄석 및 모래, 자갈 채취업",모래 및 자갈 채취업,"◦유리제조용, 주형제조용 및 연마재용 등의 공업용 모래채취업
◦기타 달리 분류되지 않은 토사석채취업으로 요업용, 공업용 및 기타의 점토와 토사석을 채취하는 업",94.1,0.0,39.9
2024,142101,광업,비금속광물 광업: 연료용 제외,그 외 기타 비금속광물 광업,그 외 기타 비금속광물 광업,"◦활석, 동석 등을 채굴하는 업
◦장석, 백류석, 섬장암, 규조토 및 이와 유사한 규산질의 흙을 채굴·채취하는 업",93.5,0.0,23.3
2024,142102,광업,비금속광물 광업: 연료용 제외,화학용 및 비료 원료용 광물 광업,화학용 및 비료 원료용 광물 광업,"◦납석
<예 시>
·납석(천연동석)",94.2,0.0,23.3
2024,142104,광업,비금속광물 광업: 연료용 제외,화학용 및 비료 원료용 광물 광업,화학용 및 비료 원료용 광물 광업,"◦질소, 인산, 칼륨을 함유한 광물 및 구아노, 천연 바륨을 함유한 광물, 천연 황산마그네슘광, 색소토, 형석 등의 화학용, 비료용 광물을 채굴◦채취하는 산업활동을 말한다.
<예 시>
·인산염 광석 채굴
·어드칼라(earth collour, 색소토) 채굴
·붕산나트륨광 채굴
·황산마그네슘광 채굴
·황함유 광석 채굴
·빙정석 채굴
·황화철광 채굴
·치올라이트 채굴
·붕산칼슘광 채굴
·명반석 채굴
·붕산광 채굴 
·규회석 채굴
·황산비소광 채굴
·황산바륨광, 탄산바륨광 채굴
·연망가니즈광 채굴(건전지 제조용)
<제 외>
·암염 채취 및 천일염 생산(142200)
·합성 비료 및 질소 화합물 제조(241200~241202)

*납석광 채굴(→142102)
*조광권자(→143107)",93.5,0.0,23.3
2024,142200,광업,비금속광물 광업: 연료용 제외,천일염 생산 및 암염 채취업,천일염 생산 및 암염 채취업,"◦바닷물 및 기타 천연 염수를 태양열에 의하여 증발시켜 천일염, 염수 및 기타 간수를 생산하거나 암염을 채굴하는 산업활동을 말한다.
<예 시>
·염수 생산(천연)
·식염 채취
·간수 생산(천연)
·순염화나트륨 채취
<제 외>
·천일염을 재처리하거나 해수를 이온 분리 및 결합 방법 등으로 처리하여 가공염 및 정제염을 제조하는 활동(242904)",93.7,0.0,18.3
2024,142902,광업,비금속광물 광업: 연료용 제외,그 외 기타 비금속광물 광업,그 외 기타 비금속광물 광업,"◦그 외 기타 비금속광물 또는 천연 유출물을 채굴◦채취하는 산업활동을 말한다.
<예 시>
·흑연, 인상흑연 채굴
·토상흑연 채굴
·연마용 광물재료 채굴
·천연 아스팔트 채굴
·석면 채굴
·천연 커런덤 채굴
·다이아몬드 채굴
<제 외>
·천연 석고 및 무수석고 채굴(141002)

*토탄을 채굴·선광((→101001)
*활석, 동석 등 채굴(→142101)
*장석, 백류석, 섬장암, 규조토 및 이와 유사한 규산질의 흙을 채굴·채취(→142101)
*조광권자(→143107)",94.3,0.0,21.4
2024,142909,광업,"석탄, 원유 및 천연가스 광업",원유 및 천연가스 채굴업,원유 및 천연가스 채굴업,"◦각종 형태의 유전, 천연가스전 또는 역청광물 채굴장에서 원유, 천연가스 또는 역청질 광물, 석유 함유 혈암, 타르 모래를 채굴◦추출◦채취하는 산업활동을 말한다. 원유생산에 관련된 부유처리◦탈염◦탈수◦침전◦불순물 제거활동 및 그 생산물의 기본적 특성을 변경시키지 않는 기타 단순한 처리활동이 결합될 수 있으며 수송을 위하여 유전 또는 천연가스전에서 직접 채굴한 천연가스를 액화, 재가스화 및 액화 탄화수소화하는 경우도 포함한다.
<예 시>
·원유 채굴
·타르 모래 채굴
·유모 혈암(oil shale, 油母頁岩) 채굴
·천연가스 채굴
·역청질을 함유한 광물 채굴(석탄 제외)
<제 외>
·수수료 또는 계약에 의하여 유전 또는 천연가스전의 천공, 유정의 완성과 관련 장치의 설치활동 및 기타 원유가스 추출 서비스 활동(142910)
·정제 석유제품의 생산 또는 석유정제 과정에서의 액화가스 생산(232100)
·산업용 가스 제조(241101)
·석유, 천연가스의 운송을 위한 관로(파이프라인) 운영(603000)",94.3,0.0,18.9
2024,142910,광업,광업 지원 서비스업,광업 지원 서비스업,광업 지원 서비스업,"◦수수료 또는 계약에 의하여 유전 및 천연가스전, 석탄, 금속 및 비금속 광물의 탐사, 지질 조사, 표본 채취 및 시험 굴착, 채굴, 광산 배수활동 등 광업 운영과 관련되는 지원 서비스를 제공하는 산업활동을 말한다.
<예 시>
·원유 및 천연가스 채굴관련 서비스
·유정탑 등 유정 및 천연가스전 관련 장치물 설치ㆍ수리ㆍ폐기 서비스
·유정 및 천연가스전 천공 서비스
·매장량 탐사 서비스
·유정 및 천연가스전 배수ㆍ양수 서비스
·굴착 및 시험 굴착, 표본 채취 서비스
·채광 현장에서 운송목적의 천연가스 액화 및 재가스화 서비스
·유전 및 천연가스전 소방 서비스
·광업 예정지 탐사 및 지질조사 활동
<제 외>
·채광 현장 이외에서 운송을 위해 실시하는 천연가스의 액화와 재가스화(630309)
·지구물리학적 지질 조사 및 탐사업(742113)
·채광기계 등 전문수리(922106)",94.3,0.0,18.9
2024,143101,광업,금속 광업,비철금속 광업,비철금속 광업(조광권자),"◦금, 은, 동 조광권자
◦텅스텐, 망간, 연, 아연 등 기타 비철금속 조광권자",97.5,0.0,23.3
2024,143103,광업,금속 광업,철 광업,철 광업(조광권자),◦철 조광권자,94.9,0.0,23.3
2024,143106,광업,"석탄, 원유 및 천연가스 광업",석탄 광업,석탄 광업(조광권자),◦석탄 조광권자,97.5,0.0,23.3
2024,143107,광업,비금속광물 광업: 연료용 제외,"석회석 및 점토 광업, 석재, 쇄석 및 모래, 자갈 채취업, 화학용 및 비료 원료용 광물 광업, 그외 기타 비금속광물 광업","석회석 및 점토 광업, 건설용 석재 채굴 및 쇄석 생산업, 모래 및 자갈 채취업, 화학용 및 비료 원료용 광물 광업, 그 외 기타 비금속광물 광업","◦조광권자
<예 시>
·석회석, 석고, 점토 조광권자              ·건설용 석재 조광권자
·규사, 자갈 조광권자                      ·화학 및 비료원료용 광물, 납석 조광권자
·흑연, 석면 조광권자",94.9,0.0,23.3
2024,143200,"사업시설 관리, 사업지원 및 임대 서비스업",임대업: 부동산 제외,무형 재산권 임대업,무형 재산권 임대업,"◦「소득세법 시행령」 제101조제2항에 따른 광업권자, 조광권자(덕대)로부터 받은 조광료(분철료 또는 덕대료) 수입 중 사업소득과세분",88.0,0.0,15.8
2024,151101,제조업,식료품 제조업,도축업,육류 도축업(가금류 제외),"◦가금류를 제외한 소, 돼지 및 각종 육지 동물을 자영 방식으로 도축하는 산업활동을 말한다. 고래 및 수렵물의 도축활동도 포함한다.
<예 시>
·가금류 이외 가축 도축
·고래 도축
·수렵동물 도축
<제 외>
·도축된 고기를 일관된 공정에 의하여 분할·포장(151104)
·구입한 도축 고기 냉동활동(151102,151104)
·구입한 도축 고기를 단순히 분할하여 포장육 판매(512223,522020)

*소, 돼지 및 육지 동물 도축 임가공(→154803)",91.1,0.0,13.6
2024,151102,제조업,식료품 제조업,육류 가공 및 저장 처리업,가금류 가공 및 저장 처리업,"◦닭, 오리 등의 각종 가금 고기 및 조류 고기를 냉동◦건조◦훈연◦염장◦조리 및 기타 방법으로 가공 또는 저장 처리하여 고기 가공품이나 식용 또는 비식용의 고기 분말 등을 생산하는 산업활동을 말한다.
<예 시>
·가금 고기 통조림 제조
·가금 고기 훈제품 제조
·가금 고기 햄 제조
·가금 고기 커틀릿 제조
·밀폐 포장한 가금 고기 가공품 제조
<제 외>
·가금 동물 지방 용출 및 정제(151401,151402)

*가금 고기 냉동 임가공(→154804)",90.2,0.0,5.7
2024,151103,제조업,식료품 제조업,도축업,가금류 도축업,"◦닭, 오리 등 가금 및 조류 등을 자영 방식으로 도축하는 산업활동을 말한다.
<예 시>
·가금 도축
<제 외>
·도축된 고기를 일관된 공정에 의하여 분할·포장(151104)
·구입한 도축 고기 냉동활동(151102,151104)
·구입한 도축 고기를 단순히 분할하여 포장육 판매((512223,522020)

*닭, 오리 등 가금 도축 임가공(→154803)
",91.1,0.0,13.6
2024,151104,제조업,식료품 제조업,육류 가공 및 저장 처리업,육류 포장육 및 냉동육 가공업(가금류 제외),"◦가금 및 조류를 제외한 각종 육지동물 및 고래 고기 등을 특정 부위별로 절단, 분할하고 진공◦밀폐 포장하여 냉각, 냉동한 부분육, 포장육, 냉동육을 생산하는 산업활동을 말한다.
<예 시>
·밀폐 포장한 가금류 이외 육지 동물고기 부분육 제조
<제 외>
·식용동물(돼지, 소 등) 지방 용출 및 정제(151401,151402)
·가금류 가공품을 제조하는 산업활동(151102)

*육류 가공 냉동 임가공(→154804)
",90.2,0.0,5.2
2024,151105,제조업,식료품 제조업,육류 가공 및 저장 처리업,육류 기타 가공 및 저장 처리업(가금류 제외),"◦가금 및 조류를 제외한 각종 육지동물 및 고래 고기를 건조◦훈연◦염장◦조리 및 기타 방법으로 가공 또는 저장 처리하여 고기 가공품이나 식용 또는 비식용의 고기 분말 등을 생산하는 산업활동을 말한다.
<예 시>
·육지 동물고기 통조림 제조
·육지 동물고기 햄, 소시지 제조
·육지 동물고기 커틀릿 제조
·육지 동물고기 건조·훈제품 제조
·육지 동물고기 분 및 조분 생산(식용 또는 비식용)
<제 외>
·식용동물(돼지, 소 등) 지방 용출 및 정제(151401,151402)
·가금류 가공품을 제조하는 산업활동(151102)",90.2,0.0,5.3
2024,151200,제조업,식료품 제조업,수산동물 가공 및 저장 처리업,수산동물 건조 및 염장품 제조업,"◦수산동물의 건제품, 염수장 및 염장품을 자영으로 제조하는 산업활동을 말한다.
<예 시>
·어류 염장품 제조
·어란 염장품 제조
·건어물 제조
·조미하지 않은 젓갈류 제조
·수산동물 훈증·건조제품 제조
·수산동물 염장·건조제품 제조
·수산동물 소건품, 자건품, 염건품, 동건품 제조
<제 외>
·직접 소비용 조미 젓갈제품 제조(151201)
·포장방법을 불문하고 직접 소비할 수 있도록 조미·조제한 수산동물의 염장품 제조(151201)
·수산식물(해조류) 건조 및 염장품 제조(154904)

*수산동물 염장 건조 임가공(→154805) ",94.2,0.0,6.3
2024,151201,제조업,식료품 제조업,수산동물 가공 및 저장 처리업,"수산동물 훈제, 조리 및 유사 조제식품 제조업","◦수산동물을 훈제, 조리, 조미, 분쇄 및 기타 유사 조제 처리하여 더 이상 가공하지 않고도 직접 소비할 수 있는 상태의 수산동물 조제 가공식품을 제조하는 산업활동을 말한다. 이러한 제품은 신선, 냉동, 냉장하거나 밀폐 포장 및 통조림 상태로 포장될 수 있다.
<예 시>
·어묵 및 소시지 제조
·젓갈 조미제품 제조
·어류 조미제품 제조
·수산동물 통조림 제조
·식용 어분 생산
·수산동물 훈제품 제조
<제 외>
·고래고기 가공품 생산(151104,151105)
·비식용 어분 생산(151203)
·직접 소비용으로 가공되지 않은 새우젓, 멸치젓 등의 제조(151200)",94.2,0.0,5.0
2024,151202,제조업,식료품 제조업,수산동물 가공 및 저장 처리업,수산동물 냉동품 제조업,"◦수산동물을 더 이상 가공하지 않고 냉동하는 산업활동을 말한다. 가공 조제 활동에 결합된 냉동활동은 그 가공 조제품 생산활동에 부수되는 보조활동으로 본다.
<예 시>
·냉동 어류 생산
·냉동 갑각류 생산     
·냉동 수산물 생산
·수산 연체동물 냉동품 생산
<제 외>
·냉동 수산물 보관업(630202)
·해조류 냉동품 제조업(154904)

*수산물 및 가공식품 냉동 임가공(→154804)
",94.2,0.0,7.8
2024,151203,제조업,식료품 제조업,수산동물 가공 및 저장 처리업,기타 수산동물 가공 및 저장 처리업,"◦수산동물을 기타의 방법으로 가공 및 저장 처리하는 산업활동으로서 직접 소비하기에 적합한 신선◦냉장◦냉동상태의 저민 어육(피레트, fillet)이나 뼈를 제거한 절단 어육을 생산하는 산업활동과 비식용 어분 또는 수산동물 가공품을 혼합한 조제품, 구입한 수산동물의 탈각활동 및 건제품 세절활동을 포함한다. 단순히 머리, 내장, 지느러미, 꼬리 등만을 제거하는 경우는 수산동물의 선별 및 정리활동으로 분류한다.
<예 시>
·어육 생산(등뼈가 제거된)
·수산동물 탈각활동
·저민 어육(피레트, fillet) 생산
·어란 및 간장 생산(부산물)
·오징어채 제조
·비식용 어분 생산
<제 외>
·수수료 또는 계약에 의한 수산물의 선별·정리 활동(052200)
·식용 어분 생산(151201)",94.2,0.0,7.8
2024,151301,제조업,식료품 제조업,"과실, 채소 가공 및 저장 처리업",김치류 제조업,"◦배추 등 채소류를 주원료로 비식용 부분을 제거하고 절임 및 발효시키거나 이를 가공한 배추김치, 기타 김치류를 제조하는 산업활동을 말한다.
<예 시>
·배추 김치 제조
·기타 김치 제조
<제 외>
·김치용 절임배추 제조(151304)
·발효하지 않은 겉절이 채소 식품 제조(151304)
·김칫소 제조(154501)",92.3,0.0,8.4
2024,151302,제조업,식료품 제조업,"과실, 채소 가공 및 저장 처리업",기타 과실ㆍ채소 가공 및 저장 처리업,"◦절임 가공을 제외한 건조, 조리, 분쇄, 씨 제거, 껍질 벗기기 및 기타 방법으로 과실 및 채소 가공품을 제조하는 산업활동을 말한다. 과실이나 채소를 직접 가공하여 농축 원액 및 원액 주스(즙)를 제조하는 산업활동을 포함한다.
<예 시>
·과실 및 채소 건조식품 제조
·과실 및 채소 주스 제조
·과실 통조림 제조
·얇게 벗긴 감자 조각(플레이크, flake), 냉동 및 으깬 감자 제조
·과실 및 채소 잼, 젤리 제조
·음료용 및 향신용 작물 건조
·과실 및 채소 샐러드 제조
·볶음견과
<제 외>
·구입한 농축액 및 원액을 희석하여 희석 주스 또는 과일 주스를 제조하는 경우(155402)
·마요네즈, 케첩 및 혼합 조미료 제조(154501)
·건조한 강낭콩을 가공하여 분 및 조분 제조(153103)

*과실 및 채소 냉동 임가공(→154804)
*과실 및 채소 건조식품 임가공(→154805)",92.3,0.0,9.7
2024,151304,제조업,식료품 제조업,"과실, 채소 가공 및 저장 처리업",과실 및 그 외 채소 절임식품 제조업,"◦각종 과실 및 채소를 소금, 식초, 장류, 기름, 혼합 양념 등에 절여 단무지, 피클 등 과실 및 채소 절임식품을 제조하는 산업활동을 말한다.
<예 시>
·단무지 제조
·오이피클 제조
·채소 절임식품 제조
·견과 절임식품 제조
·과실 절임식품 제조
<제 외>
·설탕에 절인 과실, 견과 및 채소 가공품 제조(154102)
·김치류 제조(151301)",92.3,0.0,8.2
2024,151400,제조업,식료품 제조업,동물성 및 식물성 유지 제조업,식물성 유지 제조업,"◦기름을 함유한 각종 식물성 물질로부터 조유를 생산하는 산업활동을 말한다. 참깨기름 및 들깨기름을 추출하는 활동 및 비식용의 식물성 정제유를 제조하는 산업활동도 포함한다.
<예 시>
·대두유 생산
·옥수수기름 추출
·식물성 왁스 생산
·면실유 생산
·낙화생유 생산
·피마자유 생산
·식물성 혼합 유지 및 희석물 생산
<제 외>
·식용 정제유 및 경화유를 생산하는 경우(151402)
·옥수수의 습식 가공과 결합된 옥수수기름을 결합 생산(153105)
·식물성 유지에 물 등을 혼합하고 산화 또는 중합 등 화학적 변성 처리하여 가죽광택용 오일제품을 생산(242405)

*식물성 유지 원료의 착유 임가공(→154805)",92.6,0.0,4.1
2024,151401,제조업,식료품 제조업,동물성 및 식물성 유지 제조업,동물성 유지 제조업,"◦각종 육지 및 수산 동물성 물질로 조유를 생산하는 산업활동을 말한다. 동물성의 비식용 정제유를 제조하는 산업활동도 포함한다.
<예 시>
·동물(소, 돼지 등) 지방 생산
·수산동물 유지 생산
·어류의 간유 생산
·우각유 및 그 분획물 생산
·라드스테아린 생산
·올레오유 생산
<제 외>
·식용 동물성 유지의 정제, 조제 및 가공유 생산(151402)

*동물성 유지 원료의 착유 임가공(→154805)",92.6,0.0,5.9
2024,151402,제조업,식료품 제조업,동물성 및 식물성 유지 제조업,식용 정제유 및 가공유 제조업,"◦동물성 및 식물성 기름을 정제․경화 및 기타 가공하여 식용 정제유, 식용 경화유 및 기타 식용 가공기름을 생산하는 산업활동을 말한다.
<예 시>
·마가린 제조
·쇼트닝 제조
·식용 가공유 생산    
·이미테이션 라드 생산
·식용 경화유 제조
·라드 정제 생산
<제 외>
·참깨기름 및 들기름 생산(151400)
·비식용 정제유 생산(151401 또는 151400)",92.6,0.0,4.1
2024,152001,제조업,식료품 제조업,낙농제품 및 식용 빙과류 제조업,액상 시유 및 기타 낙농제품 제조업(분유 및 조제분유),"◦분유 및 조제분유
<예 시>
·이유식(우유기저)포함
·가당분유, 전지분유, 탈지분유",94.9,0.0,6.1
2024,152002,제조업,식료품 제조업,낙농제품 및 식용 빙과류 제조업,액상 시유 및 기타 낙농제품 제조업,"◦젖을 분리, 여과, 살균, 발효 및 기타 처리하여 액상 시유, 발효유 및 관련 낙농제품을 제조하거나 기타 액상유 제품을 가당, 농축, 응축, 건조시켜 가당 우유, 연유, 농축유 제품을 제조하는 산업활동을 말한다. 여기에는 치즈, 버터, 유당 등과 같이 젖을 주원료로 제조되는 유가공품을 포함한다.
<예 시>
·생크림 제조
·치즈 제조
·버터밀크 제조
·유장 제조
·케피어(발포성 발효유) 제조
·발효유 제조
·농축유 제조
·버터 제조
·연유 제조
·유당 및 유당 시럽 제조
<제 외>
·아이스크림 및 기타 식용 빙과류 제조(152003)

*분유 및 조제분유(→152001)",91.2,0.0,7.9
2024,152003,제조업,식료품 제조업,낙농제품 및 식용 빙과류 제조업,아이스크림 및 기타 식용 빙과류 제조업,"◦우유를 주원료로 하는지 여부를 불문하고 아이스크림, 냉동 디저트 및 기타 식용 빙과류를 제조하는 산업활동을 말한다.
<예 시>
·아이스크림 제조
·셔벗(sherbet) 제조
<제 외>
·얼음 제조(155404)",91.2,0.0,6.1
2024,153101,제조업,식료품 제조업,곡물 가공품 제조업,기타 곡물 가공품 제조업,"◦낱알 또는 얇은 조각 상태의 곡물을 찌거나 볶거나 팽창 또는 기타 방법으로 조제하여 곡물 가공품을 제조하는 산업활동을 말한다. 이러한 곡물 가공품은 식염, 설탕, 맥아엑스, 당밀, 과실 또는 코코아, 꿀, 채소 등이 첨가될 수 있으나 곡물 가공품의 특성을 변경시키지 않아야 하며 보존성이 있어야 한다.
<예 시>
·찐 곡물 제조
·콘플레이크 제조
·훈제, 조리 곡물 제조
·전투식량용 곡물 가공품 제조
<제 외>
·도시락, 피자, 김밥, 만두 및 식사용 조리식품 제조(153107,154103)
·조제 수프, 간식용 조제식품 및 균질화 식품 제조(154907)
·빵(154104) 및 곡분 과자 제조(154102)

*튀김 곡물 임가공(→154805)",90.2,0.0,8.6
2024,153102,제조업,식료품 제조업,곡물 가공품 제조업,곡물 도정업,"◦각종 곡물을 도정하여 도정 곡물을 생산하는 산업활동을 말한다.
<예 시>
·도정 쌀, 보리, 밀 생산
·압맥 생산
·도정 곡물 생산
·정미소 운영
<제 외>
*수수료 또는 계약에 의하여 벼, 밀, 보리 등의 곡물 도정 (정부미도정 포함)(→154801)",97.5,0.0,3.0
2024,153103,제조업,식료품 제조업,곡물 가공품 제조업,곡물 제분업,"◦각종 곡물, 건조한 채소, 뿌리 또는 덩이줄기(괴경), 과실 및 견과 등을 분쇄 또는 마쇄하여 이들의 분 및 조분을 생산하는 산업활동을 말한다. 동물사료용 재료와 줄기, 뿌리 등을 절단◦분쇄하는 활동은 제외된다.
<예 시>
·곡물 제분제품 생산
·밀가루 및 콩가루 생산
·제분소 운영  
·쌀가루 생산
·줄기 및 뿌리 분쇄물 생산
·건조된 강낭콩 분과 조분 생산
<제 외>
·건조되지 않은 감자를 가공하여 분과 조분을 생산할 경우(151302)
·타피오카 제조 및 옥수수의 습식 가공(153105)
·고춧가루, 후춧가루, 겨자 등 천연 향신료 분쇄활동(154501)
·동물사료용 재료의 분쇄물을 생산하는 경우(153104)

*떡방앗간 (→154802)
*수수료 또는 계약에 의하여 벼, 밀, 보리 등의 곡물 제분업(정부미 임가공 포함)(→154806)",92.6,0.0,6.0
2024,153104,제조업,식료품 제조업,동물용 사료 및 조제식품 제조업,"반려동물용 사료 제조업, 단미사료 및 기타사료 제조업","◦기타 건조되지 않은 동물사료용 재료와 줄기, 뿌리 등을 거칠게 절단·분쇄하는 업",90.2,0.0,9.3
2024,153105,제조업,식료품 제조업,전분제품 및 당류 제조업,전분제품 및 당류 제조업,"◦각종 곡물 및 감자, 고구마 등의 식물성 재료로 전분, 글루텐, 타피오카를 제조하는 산업활동을 말한다. 옥수수 습식 가공과정에서 생산된 글루텐, 전분 등을 제조하는 산업활동도 포함한다.
<예 시>
·글루텐 제조
·가용성 녹말(전분) 제조
·타피오카 제조
·습식 옥수수 가공 생산품(배아, 옥피, 글루텐, 전분 등)
<제 외>
·접착용 풀 생산(242901)
·조각 감자, 으깬 감자 제조(151302)

*각종 포도당, 과당, 맥아당 등 당류 제조(→153202)",92.2,0.0,7.8
2024,153106,제조업,식료품 제조업,곡물 가공품 제조업,곡물 혼합 분말 및 반죽 제조업,"◦곡분 및 기타 분말을 혼합하여 파이, 비스킷, 빵, 과자 등의 베이커리제품 제조용 반죽이나 혼합 분말을 생산하는 산업활동을 말한다. 각종 분말을 혼합하여 인조 곡물을 제조하는 경우와 곡물을 주재료로 떡고물 및 빵속을 제조하는 산업활동도 여기에 포함한다.
<예 시>
·만두피 제조
·제과 및 제빵용 가루반죽 제조
·곡분제 빵속 제조
·곡분제 떡고물 제조
·면류 제조용 혼합분말 및 반죽 제조
<제 외>
·빵(154104) 및 곡분과자 제조(154102)",90.2,0.0,6.8
2024,153107,제조업,식료품 제조업,도시락 및 식사용 조리식품 제조업,도시락류 제조업,"◦곡류, 육류, 어패류, 채소류 등 동․식물성 식품을 혼합, 배합하여 도시락, 김밥류, 샌드위치류 등 식사용 조리식품을 제조하는 산업활동을 말한다. 별도의 장소에서 다량의 집단 급식용 식사를 제조할 수 있는 특정 시설을 갖추고 계약기관에 일정 기간 동안 지속적으로 급식용 식사를 조제하여 운송․공급하는 산업활동을 포함한다. 식사용 조리식품은 양념 이외에 두 가지 이상의 명확하게 구분되는 재료가 포함되어야 한다. 냉동 포장하거나, 레토르트 용기 등으로 가공 처리한 식사용 조리식품을 제조하는 산업활동을 포함한다.
<예 시>
·도시락 제조
·김밥 제조
·식사용 죽류 제조    
·집단급식용 식사 제조(구내식당 제외)
<제 외>
·곡분 등 분말로 만든 균질화식품 제조(154907)
·접객시설을 갖춘 구내식당을 운영하거나(552109) 특정 행사장 단위로 공급하는 연회 급식 서비스(552105)
·직접 조리한 도시락 및 김밥을 최종소비자에게 소매하는 경우(552108, 552123)",90.2,0.0,7.7
2024,153202,제조업,식료품 제조업,전분제품 및 당류 제조업,전분제품 및 당류 제조업,"◦각종 포도당, 과당, 맥아당 등 당류를 제조하는 산업활동을 말한다.
<예 시>
·맥아당, 포도당 및 과당 제조(화학적 처리를 통해 순수한 성질의 것도 포함)
·물엿 제조
·이눌린 제조
<제 외>
·사탕수수당 및 자당 제조(154200)
·유당 제조(152002)
·인조꿀, 캐러멜당 제조(154509)
·전화당 제조(154200)
·화학적 처리(가수분해 등)를 통하여 얻은 순수한 당 이성체(갈락토오스, 소르보오스, 크실로오스, 트레할로오스, 리보오스, 아라비노오스, 라피노오스 제조(242303)

*전분, 글루텐, 타피오카등 전분제품 제조(→153105)",89.8,0.0,7.1
2024,153300,제조업,식료품 제조업,동물용 사료 및 조제식품 제조업,"반려동물용 사료 제조업, 배합사료 제조업","◦가금류를 포함한 가축용, 어류 양식용, 반려애완동물용, 실험 동물용 각종 배합사료를 생산하는 산업활동을 말한다.
<예 시>
·가축용 배합사료 제조
·어류용 배합사료 제조
·반려·애완동물용, 실험 동물용 배합사료 제조",96.0,0.0,9.9
2024,153301,제조업,식료품 제조업,동물용 사료 및 조제식품 제조업,"반려동물용 사료 제조업, 단미사료 및 기타사료 제조업","◦식물성, 동물성 또는 광물성 물질로서 사료로 직접 사용되거나 배합사료의 원료로 사용되는 단미사료를 생산하는 산업활동과 배합사료용 혼합 조제품 및 조제 보조사료 등을 제조하는 산업활동을 말한다. 개껌 및 비스킷 등의 반려애완동물용 기호식품을 제조하는 산업활동도 포함한다.
<예 시>
·단미사료(원료 사료) 제조
·개껌 및 비스킷 제조(동물용)
·조제 보조사료 제조
·음식폐기물 가공 단미사료 생산
<제 외>
*건조되지 않은 동물사료용 재료와 줄기, 뿌리 등을 거칠게 절단·분쇄
(→153104)",96.2,0.0,11.7
2024,154101,제조업,식료품 제조업,"떡, 빵 및 과자류 제조업",떡류 제조업,"◦각종 떡류 및 유사 제품을 제조하는 산업활동을 말한다.
<예 시>
·떡류 제조
·약과 제조",91.9,0.0,11.5
2024,154102,제조업,식료품 제조업,"떡, 빵 및 과자류 제조업",과자류 및 코코아 제품 제조업,"◦곡물 분말 등을 주원료로 하는 비스킷, 크래커, 와플 및 웨이퍼, 의약용 또는 식용 캡슐(젤라틴 캡슐 제외), 라이스 페이퍼 및 유사 식품을 제조하거나 코코아를 가공 처리하여 코코아 분 및 코코아 제품, 초콜릿 또는 코코아를 함유한 조제 식료품, 추잉 껌, 설탕과자 및 설탕으로 저장처리한 과일, 견과류 등을 제조하는 산업활동을 말한다.
<예 시>
·건빵 제조
·쌀과자 제조
·전분제 빈 캡슐 제조   
·튀김과자 제조
·코코아 버터 제조
·코코아 분말 제조   
·캐러멜과자 제조
·초콜릿 및 초콜릿과자 제조
·설탕 절임 과실 및 견과 제조
·코코아 유지 제조
<제 외>
·젤라틴 빈 캡슐 제조(242901)",90.2,0.0,11.0
2024,154103,제조업,식료품 제조업,도시락 및 식사용 조리식품 제조업,기타 식사용 가공처리 조리식품 제조업,"◦도시락류 등 식사용 조리식품을 제외한 기타 식사용 가공처리 조리식품(반조리식품 포함)을 제조하는 산업활동을 말한다. 이들 기타 식사용 조리ㆍ반조리 식품은 양념 이외에 두 가지 이상의 명확하게 구분되는 재료가 포함되어야 한다. 냉동 포장하거나, 통조림 및 레토르트 용기 등으로 가공 처리한 기타 식사용 조리식품(반조리식품 포함)을 제조하는 산업활동을 포함한다.
<예 시>
·식사용 냉동 포장식품 제조
·레토르트 식품 제조     
·식사용 음식 통조림 제조
·냉동 피자·만두·찐빵 제조
<제 외>
·단일 재료를 조리하여 통조림, 레토르트 등으로 가공처리한 경우는 주된 재료에 따라 구분(151102, 151105, 151201등)
·곡분 등 분말로 만든 균질화 식품 제조(154907)
·접객시설을 갖춘 구내식당을 운영하거나(552109) 특정 행사장 단위로 공급하는 연회 급식 서비스(552105)
·직접 조리한 도시락 및 김밥을 최종소비자에게 소매하는 경우(552108, 552123)",91.9,0.0,9.0
2024,154104,제조업,식료품 제조업,"떡, 빵 및 과자류 제조업",빵류 제조업,"◦신선․냉동된 빵을 제조하는 산업활동을 말한다.
<예 시>
·케이크 제조
·파이 제조
·생과자 제조
·베이커리제품 제조(신선, 냉동)
·기타 생과자류 제조
·식빵 제조
<제 외>
·즉석식 빵을 생산하여 최종 소비자에게 판매(552301)
·제빵 또는 제과용 혼합 조제분말 및 반죽 제조(153106)",90.2,0.0,13.8
2024,154200,제조업,식료품 제조업,설탕 제조업,설탕 제조업,"◦사탕수수 및 사탕무 등으로 원당 및 당즙(시럽)을 제조하거나 원당을 정제하여 정제당을 생산하는 산업활동을 말한다.
<예 시>
·사탕수수당 제조
·사탕무당 제조
·전화당 제조
·순수한 자당(고체) 제조
<제 외>
·캐러멜당 및 인조 감미료 제조(154501,154503,154509)    
·맥아당, 포도당 및 과당 생산(153202)",91.4,0.0,11.5
2024,154400,제조업,식료품 제조업,"면류, 마카로니 및 유사 식품 제조업","면류, 마카로니 및 유사 식품 제조업","◦곡물 분말 등으로 신선◦건조한 상태의 라면, 국수, 마카로니 및 유사 면류를 제조하는 산업활동을 말한다.
<예 시>
·메밀국수 제조
·스파게티 제조
·당면 제조
·인스턴트 면류 제조
·마카로니 제조
<제 외>
·면류 제조용 혼합분말 및 가루반죽을 제조하는 경우(153106)
·인스턴트 면류용 소스만 제조하는 경우(154501)",94.2,0.0,10.0
2024,154501,제조업,식료품 제조업,조미료 및 식품 첨가물 제조업,천연 및 혼합 조제 조미료 제조업,"◦고추, 후추, 겨자, 계피 등 천연 조미 및 향신용 재료를 분쇄 및 기타 가공처리하여 천연 조미제품을 생산하거나 천연◦정제 및 발효 조미료와 기타 향신료를 혼합◦조제하여 혼합 소스 및 양념, 김칫소 등의 혼합 조미료 및 조제 조미료를 제조하는 산업활동을 말한다.
<예 시>
·고추, 후추 및 계피가루 제조
·천연 향신재료 분 제조
·마요네즈 제조
·케첩 제조
·혼합양념 제조
·김칫소 제조       
·인스턴트 커리 제조
·조제한 겨자 제조
<제 외>
·조미료, 향신재료 이외의 기타 채소 건조·분쇄활동(151302)
·곡물을 주 재료로 한 빵속 제조(153106)",89.2,0.0,6.7
2024,154502,제조업,식료품 제조업,조미료 및 식품 첨가물 제조업,장류 제조업,"◦콩, 보리, 밀, 탈지 대두 등을 발효시켜 메주 및 각종 장류를 제조하는 산업활동을 말한다.
<예 시>
·간장 제조
·고추장 제조
·춘장 제조
·된장 및 청국장 제조",91.5,0.0,9.7
2024,154503,제조업,식료품 제조업,조미료 및 식품 첨가물 제조업,"식초, 발효 및 화학 조미료 제조업","◦정제, 발효, 화학적 합성 및 기타 유사한 방법으로 가공하여 식품용 보조재료 및 첨가제로 사용되는 식초, 아미노산 및 글루탐산 소다(MSG) 등을 제조하는 산업활동을 말한다.
<예 시>
·조미료(합성) 제조
·아미노산 제조(식품 첨가용)
·식초 대용품 제조
·글루탐산 소다 제조(식품용)
·맛소금 제조
<제 외>
·구입한 정제 및 발효 조미료를 다른 물질과 혼합하여 혼합 조미료 제조(154501)
·장류 제조(154502)
·정제 및 가공염 제조(242904)
·식품용의 죽염 및 구운 소금 제조(154509)",89.2,0.0,8.3
2024,154509,제조업,식료품 제조업,조미료 및 식품 첨가물 제조업,기타 식품 첨가물 제조업,"◦기타 조미료 및 식품 첨가물을 제조하는 산업활동을 말하며, 양조용 또는 제빵용 첨가물 및 효모를 제조하거나 색소용 식품, 식품 향미료, 고기 유연제 등의 식품 첨가물을 생산하는 산업활동을 포함한다. 천일염 또는 정제염(기계염)을 구입하여 식탁용으로 특별히 가공하는 경우도 포함한다.
<예 시>
·누룩 및 종국 제조
·효모(이스트) 제조(활성, 불활성)
·조제 베이킹파우더 제조
·인조꿀 제조
·커피크리머 제조
·캐러멜당 제조
·감미용 조제품 제조
·단세포 미생물(박테리아, 단세포 조류 등) 제조(죽은 것)
·죽염 제조
·구운 소금 제조(식품용)
·재제염(꽃소금)
<제 외>
·이눌린 및 물엿 제조(153202)
·정제염(기계염) 제조(242904)
·소금과 화학 조미료를 혼합한 제품(맛소금 등) 제조(154503)",93.7,0.0,8.7
2024,154801,제조업,식료품 제조업,곡물 가공품 제조업,곡물 도정업,"◦수수료 또는 계약에 의하여 벼, 밀, 보리 등의 곡물 도정 (정부미도정 포함)",91.2,0.0,11.5
2024,154802,제조업,식료품 제조업,곡물 가공품 제조업,곡물 제분업,◦떡방앗간,92.7,0.0,9.6
2024,154803,제조업,식료품 제조업,도축업,"육류 도축업(가금류 제외), 가금류 도축업","◦임가공 도축업
<예 시>
·소, 돼지 및 육지 동물 도축               ·닭, 오리 등 가금 도축",92.3,0.0,2.8
2024,154804,제조업,식료품 제조업,"육류 가공 및 저장 처리업, 수산동물 가공 및 저장 처리업, 과실 채소 가공 및 저장 처리업","가금류 가공 및 저장 처리업, 육류 포장육 및 냉동육 가공업(가금류 제외), 수산동물 냉동품 제조업, 기타 과실ㆍ채소 가공 및 저장 처리업","◦임가공 냉동업
<예 시>
·가금 고기 냉동 임가공                     ·육류 가공 냉동 임가공
·수산물 및 가공식품 냉동 임가공            ·과실 및 채소 냉동 임가공",93.1,0.0,6.0
2024,154805,제조업,식료품 제조업,"수산물 가공 및 저장 처리업, 과실,채소 가공 및 저장 처리업, 동식물성 유지 제조업, 곡물 가공업 제조업, 기타 식료품 제조업","수산동물 건조 및 염장품 제조업, 수산식물 가공 및 저장 처리업, 기타 과실ㆍ채소 가공 및 저장 처리업, 동물성 유지 제조업, 식물성 유지 제조업, 기타 곡물 가공품 제조업, 건강 보조용 액화식품 제조업","◦임가공
<예 시>
·수산동물 염장 건조 임가공                  ·해조류 건조품 임가공
·과실 및 채소 건조식품 임가공        ·동식물성 유지 원료의 착유 임가공
·튀김 곡물 임가공                    
·한약 및 건강식품 액화처리 임가공",92.0,0.0,4.4
2024,154806,제조업,식료품 제조업,곡물 가공품 제조업,곡물 제분업,"◦수수료 또는 계약에 의하여 벼, 밀, 보리 등의 곡물 제분업(정부미 임가공업 포함)",91.2,0.0,6.8
2024,154901,제조업,식료품 제조업,기타 식료품 제조업,커피 가공업,"◦커피 가공품, 커피를 함유하는 커피 대용품 및 농축물 생산과 이들을 재료로 하는 조제식품을 제조하는 산업활동을 말한다.
<예 시>
·볶은 커피 생산
·카페인 제거 커피 생산
·커피 농축물 생산
·커피 대용품 제조(커피 함유한 것)
·커피 조제품 제조
<제 외>
·캔커피(음료) 제조(155402)
·볶은 곡물·치커리 등으로 만든 기타 대용차 제조(154905)",91.4,0.0,11.0
2024,154902,제조업,식료품 제조업,기타 식료품 제조업,두부 및 유사 식품 제조업,"◦콩, 메밀, 도토리 등을 원료로 두부, 유부, 묵 등을 생산하는 산업활동을 말한다.
<예 시>
·유부 제조
·묵 제조
·두부 제조
·순두부 제조
<제 외>
·생선 어묵 제조(151201)
·식용 한천 제조(154904)",94.1,0.0,8.1
2024,154903,제조업,식료품 제조업,기타 식료품 제조업,건강 보조용 액화식품 제조업,"◦육지 및 수산 동물고기 등에 한약재를 혼합하고 추출기에서 가열 및 농축하여 액화한 후 1회용으로 포장한 액화식품을 제조하는 산업활동을 말한다. 이러한 산업활동을 수행하는 사업체가 과실 및 채소를 동일한 방법으로 함께 가공하는 경우에도 이곳에 분류한다.
<예 시>
·육지 동물고기 혼합 추출물 엑스 제조
·수산 동물고기 혼합 추출물 엑스 제조     
·건강원
<제 외>
·과실 및 채소 원액 주스 제조(151302)

*한약 및 건강식품 액화처리 임가공(→154805)",89.3,0.0,11.6
2024,154904,제조업,식료품 제조업,수산식물 가공 및 저장 처리업,수산식물 가공 및 저장 처리업,"◦김, 미역, 다시마 등의 식용 해조류를 조제◦염장◦건조◦냉동 및 기타 가공처리하여 해조류 가공식품을 제조하는 산업활동을 말한다. 여기에는 식용 우뭇가사리(한천) 제조활동도 포함한다.
<예 시>
·해조류 건조품 제조
·조미 해조류 제조
·식용 우뭇가사리 제조
·해조류 염장품 제조
·조미 구운김 제조
·해조류 튀김제품 제조
<제 외>
·수산동물 가공품 제조(151200~151203)

*해조류 건조품 임가공(→154805)",94.4,0.0,4.4
2024,154905,제조업,식료품 제조업,기타 식료품 제조업,차류 가공업,"◦율무, 유자, 꽃잎, 곡물 등으로 각종 차류를 제조하는 산업활동을 말하며, 음료로 가공된 차제품은 제외한다.
<예 시>
·홍차(발효차) 제조
·차 농축물 및 추출물 제조
·차류 조제품 제조
·대용차류 제조
·볶은 치커리차 제조
·둥글레차 제조
<제 외>
·인삼차 제조(154906)
·캔음료(녹차, 홍차 등) 제조(155402)",91.4,0.0,7.8
2024,154906,제조업,식료품 제조업,기타 식료품 제조업,인삼식품 제조업,"◦인삼 가공품 또는 인삼 성분을 주재료로 각종 인삼 조제식품을 제조하는 산업활동을 말한다.
<예 시>
·인삼 분말 제조
·인삼차 제조
·인삼 즙 및 주스 제조
·홍삼차 제조
<제 외>
·인삼주 제조(155103)
·캔 인삼음료 제조(155402)
·약제용으로 특별히 조제된 인삼 약제품 또는 인삼에서 추출한 특정성분 제조(242303)",91.4,0.0,11.3
2024,154907,제조업,식료품 제조업,기타 식료품 제조업,수프 및 균질화식품 제조업,"◦육류, 어류, 과실 또는 채소 등의 기본재료를 두 가지 이상 혼합하여 균질화한 조제 수프 및 균질화 식품을 제조하는 산업활동을 말한다. 이러한 제품은 주성분 외에 우유, 맥아 추출물 등의 각종 보조적인 물질이 첨가될 수 있다. 또한 이들은 액체, 분말, 입상, 말랑말랑한 덩어리, 스트립 및 디스크 등의 형상으로서 단순히 우유 또는 물에 혼합하거나 가열하여 음료, 유아식용, 식이요법용 등으로 사용된다. 육지 및 수산동물의 농축액과 추출물의 생산활동도 여기에 포함한다.
<예 시>
·조제 수프 제조
·맥아 농축액 및 추출물 제조
<제 외>
·유아용 조제분유 제조(152001)
·베이커리제품 제조용 혼합물 및 반죽 제조(153106)
·동물고기와 한약재를 혼합·가열하여 건강보조용 액화식품(1회용으로 포장된) 제조(154903)",94.1,0.0,6.9
2024,154908,제조업,식료품 제조업,기타 식료품 제조업,건강 기능식품 제조업,"◦동물성, 식물성, 광물성 등의 각종 물질에서 추출한 기능성 원료에 비타민류, 철화합물 등을 첨가하여 만든 건강 유지 또는 건강 증진용 조제 가공식품을 제조하는 산업활동을 말한다. 의약용 물질이나 다른 산업에서 분류되는 식품을 제조하는 산업활동은 제외된다.
<예 시>
·스쿠알렌 제조
·키토산 제조
·로열젤리 가공품 제조     
·효모, 효소 추출 가공품 제조
·화분 가공품 제조    
·인삼, 홍삼, 엽록소, 클로렐라 함유 가공식품 제조
·농축 미네랄 제조
·알로에 가공품 제조
·식이섬유 가공식품 제조     
·오메가-3, 레시틴, 스쿠알렌(상어간유) 등 지방산 가공식품 제조
·글루코사민, 영지버섯 자실체 추출물, 키토산, 키토올리고당 등 당 및 탄수화물류 가공식품 제조
·발효 미생물류 가공식품 제조
·아미노산 및 단백질류 가공식품 제조
<제 외>
·건강원에서 제조한 1회용 액화식품(154903)",89.3,0.0,11.7
2024,154909,제조업,식료품 제조업,기타 식료품 제조업,그 외 기타 식료품 제조업,"◦그 외 기타 식료품을 제조하는 산업활동을 말한다.
<예 시>
·조란 껍질 제거제품 생산
·새알 가공품 제조",91.4,0.0,8.4
2024,155101,제조업,음료 제조업,증류주 및 합성주 제조업,주정 제조업,"◦고구마, 감자 등 전분 또는 당분을 함유하는 원료를 발효 및 증류시켜 비변성 에틸알코올 및 중성 주정을 생산하는 산업활동을 말한다.(주세법 제4조제2항 준용)
<예 시>
·비변성 에틸알코올 제조
·발효주정, 조주정, 정제주정 제조
<제 외>
·합성주정, 무수주정(241106)",83.9,0.0,17.8
2024,155102,제조업,음료 제조업,증류주 및 합성주 제조업,소주 제조업,"◦증류소주, 희석소주 또는 혼합소주를 제조하는 산업활동을 말한다.(주세법 제4조제2항 준용)
<예 시>
·소주 제조(희석, 혼합)
·합성 증류소주 제조
<제 외>
·소주 이외의 곡물을 주성분으로 증류주(고량주 등) 제조(155103)",90.9,0.0,17.0
2024,155103,제조업,음료 제조업,증류주 및 합성주 제조업,기타 증류주 및 합성주 제조업,"◦직접 발효시키거나 구입한 발효주를 증류하여 직접 마실 수 있는 상태의 각종 증류주(주정 및 소주 제외)를 제조하는 산업활동 및 증류주에 다른 물질을 주입하거나 혼합하여 조제 증류주 및 합성 증류주를 제조하는 산업활동을 말한다.(주세법 제4조제2항 준용)
<예 시>
·위스키 제조
·진 제조
·꼬낙 제조
·브랜디 제조     
·럼 제조
·고량주 제조
·타피아 제조
·보드카 제조     
·오가피주 제조
·가향 조제주 제조
<제 외>
·희석 또는 혼합 소주 및 증류소주 제조(155102)",91.4,0.0,18.1
2024,155201,제조업,음료 제조업,발효주 제조업,탁주 및 약주 제조업,"◦쌀, 보리, 밀 등 곡식을 발효하여 탁주를 제조하는 산업활동을 말한다.(주세법 제4조제2항 준용)",81.6,0.0,15.1
2024,155202,제조업,음료 제조업,발효주 제조업,탁주 및 약주 제조업,"◦쌀, 보리, 밀 등 곡식을 발효하여 약주를 제조하는 산업활동을 말한다.(주세법 제4조제2항 준용)
<예 시>
·민속주(약주) 제조
·청명주 제조",89.1,0.0,16.2
2024,155203,제조업,음료 제조업,발효주 제조업,기타 발효주 제조업,"◦과실 및 기타 식물성 물질을 발효시켜 기타의 발효주를 제조하는 산업활동을 말한다.(주세법 제4조제2항 준용)
<예 시>
·포도주 제조
·과실 발효주 제조
·유자 발효주 제조
·생강 발효주 제조
·채소 발효주 제조
·청주 제조
<제 외>
·구입한 주정 또는 증류주에 과실 및 기타 식물성 물질을 첨가하여 조제 증류주 제조(155103)",88.4,0.0,17.2
2024,155300,제조업,음료 제조업,발효주 제조업,맥아 및 맥주 제조업,"◦보리, 밀, 맥아밀 등을 발아 및 건조시켜 맥아 및 맥아분을 생산하거나 맥아를 원료로 맥주(주세법 제4조제2항 준용)를 제조하는 산업활동을 말한다.
<예 시>
·맥아 제조
·맥아분 제조
·맥주 제조
·합성 맥주 제조
<제 외>
·맥아 엑스 및 그 조제식품 제조(154907)
·차류 대용품으로 볶은 맥아 생산(154905)",85.3,0.0,18.1
2024,155401,제조업,음료 제조업,비알코올 음료 및 얼음 제조업,기타 비알코올 음료 제조업,"◦탄산음료
<예 시>
·사이다, 콜라, 천연광천수 및 천연수, 콜라원액, 기타음료용원액, 탄산수 등",85.7,0.0,14.4
2024,155402,제조업,음료 제조업,비알코올 음료 및 얼음 제조업,기타 비알코올 음료 제조업,"◦물에 설탕, 감미료 또는 향미료를 첨가한 음료를 생산하거나, 과실주스, 과실 추출물 또는 기타 합성 추출물을 첨가하여 청량음료 또는 기타 비알코올성 음료를 제조하는 산업활동을 말한다. 이들 제품에는 우유, 구연산 등의 첨가 여부를 불문한다.
<예 시>
·강장음료 제조
·곡물음료 제조
·가당음료 생산
·인삼드링크 제조
·캔커피(음료) 제조
·캔차류 제조
<제 외>
·수수료 또는 계약에 의거 음료를 단순히 포장하는 활동(749500)
·천연 생수를 생산·포장하는 산업활동(155403)

*탄산음료(→155401)",89.2,0.0,9.4
2024,155403,제조업,음료 제조업,비알코올 음료 및 얼음 제조업,생수 생산업,"◦천연 생수를 생산하여 병 또는 기타 포장용기에 포장하는 산업활동을 말한다.
<예 시>
·천연 생수 생산(용기 포장)
<제 외>
·천연 탄산수를 생산하여 용기에 포장하는 산업(155401)",85.7,0.0,14.4
2024,155404,제조업,음료 제조업,비알코올 음료 및 얼음 제조업,얼음 제조업,"◦식용 또는 냉장용 얼음 및 인조 눈(雪)을 생산하는 산업활동을 말한다. 천연 얼음을 채취하여 저장하는 경우도 포함한다.
<예 시>
·얼음 제조(식용 또는 냉장용)
·천연 얼음 채취 및 저장활동
<제 외>
·빙과 제조(152003)
·드라이아이스 제조(241101)",89.2,0.0,14.4
2024,160000,제조업,담배 제조업,담배 제조업,담배제품 제조업,"◦담배를 가공하여 각종 담배제품을 제조하거나 담배가 함유되지 않은 흡연용 담배 대용품을 제조하는 산업활동을 말한다. 1차 건조된 잎담배를 구입하여 줄기를 제거하거나 재건조하는 산업활동도 포함한다.
<예 시>
·담배 에센스 제조
·금연용 담배 제조(비의약성)
·담배 줄기 제거
·잎담배 재건조
·니코틴이 함유된 전자담배 기기용 용액 제조
<제 외>
·니코틴(연초에서 추출된 알칼로이드) 제조(242303)
·담배필터 제조(369906)
·수수료 또는 계약에 의하여 타농가의 잎담배를 건조할 경우(014303)
·재배 농가에서 자기 잎담배를 직접 건조할 경우(011006)",94.3,0.0,16.1
2024,171101,제조업,섬유제품 제조업: 의복 제외,방적 및 가공사 제조업,화학섬유 방적업,"◦인견사, 아세테이트사",95.2,0.0,13.1
2024,171102,제조업,섬유제품 제조업: 의복 제외,방적 및 가공사 제조업,면 방적업,"◦면을 방적하여 면사를 제조하는 산업활동을 말한다.
<예 시>
·면사 제조
·면 혼방사 제조
<제 외>
·아바카, 사이잘마, 라미사, 코이어사등 마섬유류 방적(171114)",91.1,0.0,17.6
2024,171104,제조업,섬유제품 제조업: 의복 제외,방적 및 가공사 제조업,모 방적업,"◦면양 털(양모) 또는 기타 동물 털(수모)을 방적하여 소모사 및 방모사를 제조하는 산업활동을 말한다.
<예 시>
·견(실크) 노일 혼방모사 제조
·마모사 제조
·순소모사, 혼방소모사 제조
·섬수모사 제조
·조수모사 제조
·순방모사, 혼방 방모사 제조",93.0,0.0,9.8
2024,171105,제조업,섬유제품 제조업: 의복 제외,방적 및 가공사 제조업,연사 및 가공사 제조업,"◦각종 섬유 원사로 합사, 재봉사 등의 연사 및 가공사를 제조하는 산업활동을 말한다.
<예 시>
·자수사 제조
·텍스처드 가공사 제조
·편물사 제조
·견재봉사 제조
·가연사 제조
<제 외>
*실감기 임가공(→193001)",94.6,0.0,7.7
2024,171106,제조업,섬유제품 제조업: 의복 제외,방적 및 가공사 제조업,화학섬유 방적업,◦나일론사,88.0,0.0,8.8
2024,171107,제조업,섬유제품 제조업: 의복 제외,방적 및 가공사 제조업,화학섬유 방적업,◦PVC사류,92.4,0.0,8.8
2024,171108,제조업,섬유제품 제조업: 의복 제외,방적 및 가공사 제조업,화학섬유 방적업,"◦주로 구입한 화학섬유(합성섬유 또는 재생섬유 등)를 방적하여 화학 섬유사를 제조하는 산업활동을 말한다.
<예 시>
·합성섬유 방적사 제조
·재생섬유 방적사 제조
·인조섬유 방적사 제조
·반합성섬유 방적사 제조
<제 외>
·방적준비를 하지 않은 인조 또는 합성섬유의 필라멘트사, 스테이플 섬유사 제조(243000)

*인견사, 아세테이드사(→171101)
*나일론사(→171106)
*PVC사류(→171107)",91.5,0.0,10.0
2024,171109,제조업,섬유제품 제조업: 의복 제외,직물 직조업,화학섬유직물 직조업,"◦화학섬유사로 일반용 광폭 섬유직물을 직조하는 산업활동을 말한다.
<예 시>
·인조 섬유직물 직조
·재생 섬유직물 직조
·합성 섬유직물 직조    
·반합성 섬유직물 직조
·셀룰로오스 섬유직물 직조
·레이온(인견직물) 섬유직물 직조
<제 외>
·특수 인견직물 직조(171116)",95.7,0.0,5.9
2024,171110,제조업,섬유제품 제조업: 의복 제외,방적 및 가공사 제조업,기타 방적업,"◦주로 조사기를 사용하여 생사를 제조하는 업과 주로 부잠사를 방적하여 견방적사를 제조하는 업
<예 시>
·생사, 부잠사, 옥사, 야잠사
·견방적사, 혼방적사, 견방사, 견가공사,견노일 등",95.2,0.0,13.1
2024,171112,제조업,섬유제품 제조업: 의복 제외,직물 직조업,모직물 직조업,"◦소모사 또는 방모사로 일반용 광폭 모직물을 직조하는 산업활동을 말한다.
<예 시>
·섬수모직물 직조
·소모직물 직조
·조수모직물 직조
·모직물 직조
<제 외>
·특수 모직물 직조(171116)",94.3,0.0,12.1
2024,171114,제조업,섬유제품 제조업: 의복 제외,방적 및 가공사 제조업,기타 방적업,"◦기타 섬유재료로 종이실 및 기타 섬유 방적사를 제조하는 산업활동을 말한다.
<예 시>
·마방적
·마사(삼실, 삼껍질에서 뽑은 실) 제조
·코이어사 제조
·라미사 제조
·아바카사 제조
·사이잘마사 제조
·종이실(초섬사) 제조
<제 외>
*생사, 견방적사 제조(→171110)",91.1,0.0,17.6
2024,171115,제조업,섬유제품 제조업: 의복 제외,직물 직조업,면직물 직조업,"◦면사로 일반용 광폭 면직물을 직조하는 산업활동을 말한다.
<예 시>
·면직물 직조
·무명 직조
<제 외>
·마직물 및 특수 면직물 직조(171116)",95.7,0.0,8.1
2024,171116,제조업,섬유제품 제조업: 의복 제외,직물 직조업,특수직물 및 기타 직물 직조업,"◦각종 섬유사로 파일(pile), 셔닐(chenille), 테리(terry), 거즈(gauze), 및 터프티드(tufted) 직물 등 각종 특수직물을 직조하는 산업활동과 마 등 기타 인피(靭皮) 섬유사, 생사 및 견방적사, 유리섬유사, 고무사, 금속사 등으로 광폭 직물 등을 직조하는 산업활동을 말한다.
<예 시>
·파일, 셔닐, 테리, 거즈, 터프티드 직물 직조
·타포린직물 직조
·마직물 직조
·아바카직물 직조
·코이어직물 직조
·포대용 직물 직조
·매트 및 리놀륨 제조용 기타 식물성 기포(基布)직물 직조
·고무사 직물, 금속사 직물과 튤, 레이스 및 기타 망직물 직조
·견직물 직조
·인견직물 직조
·모시직물 직조 
<제 외>
·전동벨트 등 기계용 직물 및 섬유제품 제조(172902)
·인조견 광폭직물 직조(171109)

＊기타 직물 직조 임가공(→193001)",95.7,0.0,8.1
2024,171200,제조업,섬유제품 제조업: 의복 제외,"섬유제품 염색, 정리 및 마무리 가공업","직물, 편조 원단 및 의복류 염색 가공업","◦각종 직물 및 편조원단, 의복 및 의복 액세서리를 염색◦표백 및 가공◦정리하는 산업활동을 말한다. 염색 가공공정 전후에 연결하여 수행하는 표백 및 기타 정리 작업(날염처리 이외의 정련, 유연화 처리, 광택내기, 보풀 제거, 건조 및 다림질 등)도 포함한다.
<예 시>
·직물 및 편물 원단 염색 가공
·직물 및 편물 원단 정리 가공
·의복 염색 가공
·의복 액세서리류 염색 가공
<제 외>
*직물, 편물 원단 염색 임가공(→193009)",94.6,0.0,9.4
2024,171201,제조업,섬유제품 제조업: 의복 제외,"섬유제품 염색, 정리 및 마무리 가공업",솜 및 실 염색 가공업,"◦각종 솜, 실, 끈, 끈 가공품을 염색 가공하는 산업활동을 말한다. 염색 가공공정 전후에 연결하여 수행하는 표백 및 기타 정리 작업(날염처리 이외의 정련, 유연화 처리, 광택내기, 보풀 제거, 건조 및 다림질 등)도 포함한다.
<예 시>
·솜, 실 염색 및 정리 가공
<제 외>
·섬유 및 실 날염(171202)

*솜, 실 염색 임가공(→193009)",94.6,0.0,11.0
2024,171202,제조업,섬유제품 제조업: 의복 제외,"섬유제품 염색, 정리 및 마무리 가공업",날염 가공업,"◦각종 직조 원단, 편조 원단 및 직물제품(의복 포함)을 기계 또는 수작업으로 날염 가공 및 정리하는 산업활동을 말한다.
<제 외>
·각종 인쇄물(인쇄 광고물, 플래카드 등) 제작에 관련된 스크린인쇄(222102)

*날염 임가공(→193009) ",94.6,0.0,7.7
2024,171203,제조업,섬유제품 제조업: 의복 제외,"섬유제품 염색, 정리 및 마무리 가공업",섬유제품 기타 정리 및 마무리 가공업,"◦각종 솜, 실, 끈, 끈 가공품, 직물 및 편조 원단, 의복 및 의복 액세서리류를 정련◦유연화◦광택 내기◦보풀 제거◦건조 및 다림질◦주름 가공◦단추구멍 내기 및 싸기◦풀 처리 등 가공, 정리하는 산업활동을 말한다.
<예 시>
·솜, 실, 끈, 끈 가공품 정리 및 마무리 가공
·직물 및 편조 원단 정리 및 마무리 가공
·의복 정리 및 마무리 가공
·의복 액세서리 정리 및 마무리 가공
<제 외>
·섬유제품 염색 가공(171201, 171200)
·섬유제품 날염 가공(171202)
·방적 및 가공사, 직물 직조 및 직물제품, 편조 원단 및 편조제품, 기타 섬유제품, 의복 및 의복 액세서리류 등을 제조하는 사업체가 연결 공정으로 수행하는 염색, 정리 및 마무리 가공활동은 해당되는 제품 제조와 관련한 산업활동으로 구분

*의복 액세서리 정리 및 마무리 임가공(→193001)",94.6,0.0,7.2
2024,172101,제조업,섬유제품 제조업: 의복 제외,직물제품 제조업,침구 및 관련제품 제조업,"◦각종 침구류 및 관련제품, 침대용◦식탁용 또는 기타 가정용 린넨류 등을 제조하는 산업활동을 말한다. 봉제 방석 및 방석 커버, 전기담요용 직물 부분품을 제조하는 산업활동도 여기에 포함한다.
<예 시>
·모포 제조
·쿠션 제조
·베개 및 베개보 제조
·침낭 제조
·매트리스 커버 제조
·이불 제조
<제 외>
·수공 또는 기계자수 제품 제조(172102)
·전기담요 제조(293005)",93.5,0.0,8.4
2024,172102,제조업,섬유제품 제조업: 의복 제외,직물제품 제조업,자수제품 및 자수용 재료 제조업,"◦직물 원단을 기계 또는 손으로 자수하여 자수제품을 생산하거나 각종 직물 원단에 날염 등의 방법으로 자수 도안 및 재단하여 방석, 자수포, 기타 자수제품 제조용 재료와 관련 재료를 소매용 세트로 생산하는 산업활동을 말한다.
<예 시>
·태피스트리 제조
·자수용 재료 세트 생산
·장식용 자수제품 제조
·기계자수침구
·수공자수
<제 외>
*직물 자수 임가공(→193001)",94.0,0.0,11.5
2024,172103,제조업,섬유제품 제조업: 의복 제외,직물제품 제조업,"천막, 텐트 및 유사 제품 제조업","◦타포린 직물 또는 캔버스 직물로 천막, 캠프용 텐트, 차량용◦기계용◦가구용의 겉덮개 등을 제조하는 산업활동을 말한다.
<예 시>
·차양 제조
·캠핑용 직물제품 제조
·압축공기식 매트리스 제조
·돛 제조
<제 외>
·구명대, 구명조끼 및 구명벨트 제조(172109)",93.3,0.0,9.1
2024,172106,제조업,섬유제품 제조업: 의복 제외,직물제품 제조업,커튼 및 유사 제품 제조업,"◦방직용 섬유제의 각종 커튼 및 유사 제품을 제조하는 산업활동을 말한다.
<예 시>
·벽덮개 제조
·무대막 제조
·벽가리개 제조
·실내용 블라인드 제조
<제 외>
·국기, 페넌트 및 기타 깃발 제조(172109)
·직물 벽지 제조(210902)",93.5,0.0,7.2
2024,172107,제조업,섬유제품 제조업: 의복 제외,직물제품 제조업,직물포대 제조업,"◦직물을 재단 및 재봉하여 곡식, 석탄, 우편물 등을 담는 직물포대를 제조하는 산업활동을 말한다. 합성섬유 또는 플라스틱 재료를 봉제하여 제조한 포대도 포함한다.
<예 시>
·직물포대 제조
·플라스틱제 봉재 포대 제조
<제 외>
·직물 직조에 연관된 포대 제조(171116)
·직물류 가방, 배낭 및 보호용 케이스 제조(191200)
·플라스틱 필름을 절단·접합하여 포대를 제조(252402)",93.5,0.0,9.8
2024,172108,제조업,자동차 및 트레일러 제조업,자동차용 기타 신품 부품 제조업,자동차용 신품 의자 제조업,"◦자동차용 신품 의자(시트) 및 관련 부속품을 제조하는 산업활동을 말한다.
<예 시>
·자동차용 의자(시트) 및 관련 부품 제조
·자동차시트카바(플라스틱 원단, 인조모피로 만든 제품도 포함)",93.5,0.0,5.5
2024,172109,제조업,섬유제품 제조업: 의복 제외,직물제품 제조업,기타 직물제품 제조업,"◦기타 직물제품을 제조하는 산업활동을 말한다.
<예 시>
·먼지떨이 제조(직물제)
·식탁보 제조
·직물제 마스크 제조
·깃발 제조
·낙하산 제조
·구명벨트 제조
·구명조끼, 구명대 제조
·신발류 끈 제조
·드레스 패턴 제조
·페넌트 제조
·국기, 기치물 제조
·모기장 제조
<제 외>
·천막 및 캔버스제품 제조(172103)

*수건(→172111)",91.0,0.0,8.7
2024,172111,제조업,섬유제품 제조업: 의복 제외,직물제품 제조업,기타 직물제품 제조업,◦수건,94.0,0.0,12.5
2024,172200,제조업,섬유제품 제조업: 의복 제외,"카펫, 마루덮개 및 유사 제품 제조업","카펫, 마루덮개 및 유사 제품 제조업","◦각종 방직용 섬유 또는 섬유사로 직조, 편조 또는 기타 방법으로 가공하여 카펫, 융단, 마루덮개 및 유사제품을 생산하는 산업활동을 말한다.
<예 시>
·마루덮개 제조
·카펫 제조
·양탄자류 제조
·융단 제조
<제 외>
·직물을 재단·재봉한 방석 및 방석커버 제조(172101)
·방직용 이외의 조물재료로 엮은 매트류(깔개) 제조(202906)
·섬유제 마루덮개가 아닌 경우 사용된 주재료의 종류에 따라 분류
·리놀륨 및 경표면 바닥덮개 제조(369908)",91.8,0.0,9.8
2024,172300,제조업,섬유제품 제조업: 의복 제외,"끈, 로프, 망 및 끈 가공품 제조업",어망 및 기타 끈 가공품 제조업,"◦섬유제의 끈, 로프 및 케이블로 망지, 어망, 망제품 및 끈 가공 제품을 제조하는 산업활동을 말한다. 이러한 제품에는 금속 링 및 기타 부착물이 결합될 수 있다.
<예 시>
·로프 가공품 제조
·물품 운반용 망제품 제조
·줄사다리 제조     
·끈으로 만든 걸레 제조
<제 외>
·신발끈 제조(172109)
·망직물을 재단·재봉하여 머리망(헤어네트) 제조(181204)
·경기용 네트(369301) 및 낚시용 고기망 제조(369306)",91.5,0.0,6.9
2024,172301,제조업,섬유제품 제조업: 의복 제외,"끈, 로프, 망 및 끈 가공품 제조업",끈 및 로프 제조업,"◦각종 섬유 물질로 끈, 로프 및 케이블을 제조하는 산업활동을 말한다.
<예 시>
·로프 제조
·밧줄 제조
<제 외>
·금속사 제조(172904)
·신발끈 제조(172109)",91.5,0.0,9.6
2024,172901,제조업,섬유제품 제조업: 의복 제외,그 외 기타 섬유제품 제조업,세폭직물 제조업,"◦각종 방직용 섬유로 폭이 30cm 미만의 각종 세폭직물, 라벨, 배지 및 유사 직물을 직조하거나 경사만을 접착제로 접합시켜 만든 세폭직물을 제조하는 산업활동을 말한다.
<예 시>
·탄성 세폭직물 직조
·섬유제 직조 라벨 제조
<제 외>
·특정형의 레이스제품 편조(172902)
·자수제의 라벨·배지 제조(172102)
·원단, 스트립 및 모티브상의 레이스 제조(172902)",93.9,0.0,9.2
2024,172902,제조업,섬유제품 제조업: 의복 제외,그 외 기타 섬유제품 제조업,그 외 기타 분류 안된 섬유제품 제조업,"◦위생수건(타월), 유아용 기저귀, 탐폰 및 유사 위생용 섬유제품을 제조하거나 직조, 편조 또는 엮어서 기계용, 공업용 또는 장식용 섬유제품을 제조하는 산업활동을 말한다. 각종 섬유물질로 이불, 베개, 의자, 침대 등에 넣는 충전물, 솜털 및 기타 충전용 재료를 생산하는 산업활동을 포함한다. 이러한 제품은 금속 또는 기타 물질로 보강된 것인지 여부를 불문한다.
<예 시>
·유아용 냅킨 제조(섬유제)
·위생용 섬유 충전제품 제조
·베일용 그물 제조
·블레이드 제조
·제면활동
·방울술(리본) 제조
·전동용 벨트 제조
·여과포 제조
·제지용 직물 및 펠트 제조
·섬유 분말 제조
·빗질 및 정리제품 생산
·섬유제 호스 제조
·충전솜을 넣어 누빈 섬유제품(원단상) 제조
·테이블 린넨 제조(편조물)
·레이스 제품(편조물)
·장식포 및 장식용 섬유제품
<제 외>
·패딩 또는 조합하여 누비거나 겹붙인 섬유제품 제조(172905)
·섬유제 마스크 제조(172109)
·섬유제 외과용 밴드, 약솜(탈지면) 및 의료용 섬유제품 제조(242309)
·구입한 편조원단을 재단·재봉하여 의복을 제조(173001)

*그 외 기타 섬유제품 제조 임가공(→193001)",94.3,0.0,7.5
2024,172903,제조업,섬유제품 제조업: 의복 제외,그 외 기타 섬유제품 제조업,부직포 및 펠트 제조업,"◦직조 또는 편조하지 않고 각종 섬유에 접착 물질을 침투◦도포◦피복◦적층 또는 기타 방법으로 처리하여 부직포 및 펠트를 생산하는 산업활동을 말한다. 이러한 제품은 종이 등을 보조재로 사용하거나 고무 또는 플라스틱 물질 등의 각종 접착제를 사용할 수 있으나 접착 물질이 주성분이 아니어야 한다.
<제 외>
·접착제로 접합한 세폭직물 제조(172901)",93.2,0.0,13.9
2024,172904,제조업,섬유제품 제조업: 의복 제외,그 외 기타 섬유제품 제조업,특수사 및 코드직물 제조업,"◦각종 특수사 및 고무 가연(假撚) 코드(이합연사 두 올을 합연한 것), 고무 또는 플라스틱이 도포◦침지◦피복된 섬유사 및 스트립, 타이어코드 직물 등 코드직물 등을 제조하는 산업활동을 말한다.
<예 시>
·고무 합연사 제조
·금속 드리사(metallised yarn)제조
·김프사(gimp) 제조
·셔니일사(chenille yarn) 제조        
·금속 가연사 제조
·루프웨일사(loop wale yarn) 제조           
·타이어코드 직물 제조",94.3,0.0,10.3
2024,172905,제조업,섬유제품 제조업: 의복 제외,그 외 기타 섬유제품 제조업,표면처리 및 적층 직물 제조업,"◦구입한 직물에 검, 전분질, 천연 수지, 플라스틱, 기름, 아교, 셀룰로오스 유도체, 규산염, 섬유 부스러기, 왁스, 역청 물질, 유리 가루, 운모 등을 도포◦삼투 또는 피복하여 표면 처리한 직물을 제조하거나 접합제, 가열 접착, 바느질 및 기타 방법으로 두 겹 이상의 직물을 접합시켜 원단 형태의 접합◦도포 및 적층 직물을 제조하는 산업활동을 말한다.
<예 시>
·투사포(tracing cloth) 제조
·유포(oil cloth) 제조
·접착 섬유테이프 제조
·경화 가공된 방직용 직물 제조
·캔버스(canvas), 버크럼(buckram) 제조
·타포린(tarpaulin) 직물 제조
·보강용 적층 및 도포 직물 제조
<제 외>
·광폭직물 직조활동에 연관된 접착물질의 도포·침투 및 적층 활동(해당 산업활동으로 분류)
·각종 재료를 도포·적층한 직물로 의복 및 가방 이외의 기타 직물제품 제조(172109)
·섬유를 보강 재료로 하고 고무를 주재료로 한 고무제품 제조(해당 산업활동으로 분류)
·섬유를 보강재로 하고 플라스틱을 주재료로 한 플라스틱제품 제조(해당 산업활동으로 분류)
·경표면 마루덮개 제조(369908)",94.3,0.0,10.3
2024,173001,제조업,"의복, 의복 액세서리 및 모피제품 제조업",편조의복 제조업,편조의복 제조업,"◦각종 섬유로 남녀 및 유아용의 겉옷, 속옷 및 기타 의복을 편조하는 산업활동을 말한다.
<예 시>
·저지 편조
·스웨터 편조
·카디건 편조
·풀오버 편조
·티셔츠 편조
·조끼 편조
·태환기로 편직한 위편직물
<제 외>
·구입한 편조 원단이나 직물을 재단하고 봉제 및 접합하여 내의, 잠옷, 드레스, 셔츠, 브래지어, 거들 및 기타 의복을 제조하는 경우(해당 산업활동으로 분류)",93.7,0.0,12.9
2024,173002,제조업,섬유제품 제조업: 의복 제외,편조 원단 제조업,편조 원단 제조업,"◦각종 섬유를 환편, 경편, 횡편 및 평편 등의 각종 기계적 방법으로 편조하거나 또는 수작업으로 뜨개질 하여 의복용 및 기타 용도의 광폭(폭 30cm 이상) 편조 원단을 제조하는 산업활동을 말한다.
<예 시>
·메리야스 원단 제조
·편조 원단 제조
<제 외>
·원단, 스트립 및 모티브상의 레이스 편조(172902)

*섬유 편조 뜨개질 임가공(→193001)
",94.3,0.0,6.8
2024,173004,제조업,"의복, 의복 액세서리 및 모피제품 제조업",편조 의복 액세서리 제조업,스타킹 및 기타양말 제조업,"◦각종 섬유로 남녀용 및 유아용의 각종 스타킹 및 기타 양말을 편조하는 산업활동을 말한다.
<예 시>
·팬티호즈 편조
·타이츠 편조",94.6,0.0,8.6
2024,173006,제조업,"의복, 의복 액세서리 및 모피제품 제조업",편조 의복 액세서리 제조업,기타 편조 의복 액세서리 제조업,"◦장갑 편조
<예 시>
·면장갑 등 편직제품",94.3,0.0,3.0
2024,173009,제조업,"의복, 의복 액세서리 및 모피제품 제조업",편조 의복 액세서리 제조업,기타 편조 의복 액세서리 제조업,"◦탄성사, 고무사 및 기타 섬유사로 기타 의복 액세서리를 편조하는 산업활동을 말한다.
<예 시>
·모자 편조
·숄, 스카프, 머플러 편조
·의류 부속품 편조     
·만틸라 편조
·레이스 제품 편조(특정제품)
·탄성 편조물 제조     
·베일 편조
·넥타이류 편조
<제 외>
·편조 원단을 편조 이외의 방법(재봉, 접합 등)으로 의복액세서리를 제조하는 산업활동(181204,181202)
·원단, 스트립 및 모티브상의 레이스 제품 제조(172902)

＊장갑 편조(→173006)",93.2,0.0,10.1
2024,181101,제조업,"의복, 의복 액세서리 및 모피제품 제조업",겉옷 제조업,남자용 겉옷 제조업,"◦직물을 재단◦재봉하여 일상, 사무 또는 공식행사에서 입는 남자용 정장, 코트, 예복, 재킷(jacket), 파카, 슈트, 바지 등의 겉옷(외의)을 개인맞춤 제조하는 산업활동을 말한다.
<예 시>
·재킷, 파카, 점퍼, 슈트 제조
·신사복 정장 제조
·남자용 코트류 제조
·연미복, 턱시도 등 예복 제조
·남자용 바지 제조
·평상복 남자 외의
<제 외>   
 ·한복 제조(181209)

*기성 제조(→181205)",90.4,0.0,9.6
2024,181103,제조업,"의복, 의복 액세서리 및 모피제품 제조업",한복 제조업,한복 제조업,"◦남녀 또는 노소를 불문하고 전통적 또는 민속적인 의상과 한복을 개인맞춤이 아닌 기성 제조하는 산업활동을 말한다.
<예 시>
·한복 제조
·전통 민속복 제조
·개량 한복 제조

*개인맞춤 제조(→181209)",93.7,0.0,10.5
2024,181105,제조업,"의복, 의복 액세서리 및 모피제품 제조업",겉옷 제조업,여자용 겉옷 제조업,"◦직물을 재단◦재봉하여 일상, 사무 또는 공식행사에서 입는 여자용 정장, 코트, 예복, 재킷(jacket), 파카, 슈트, 바지 등의 겉옷(외의)을 개인맞춤 제조하는 산업활동을 말한다.
<예 시>
·웨딩드레스, 디너드레스, 이브닝 드레스, 애프터눈 드레스 등 예복 제조     
·원피스, 스커트 제조
·여자용 코트류, 바지류 제조
·재킷, 파카, 점퍼, 슈트 제조
<제 외>
 ·한복 제조(181209)

*기성 제조(→181206)",90.4,0.0,5.5
2024,181109,제조업,"의복, 의복 액세서리 및 모피제품 제조업",기타 봉제의복 제조업,셔츠 및 블라우스 제조업,"◦남녀용 각종 셔츠(와이셔츠, 티셔츠 등), 블라우스를 제조하는 산업활동을 말한다. 가죽 및 모피 의복은 제외하나 가죽 또는 모피로 장식한 것은 포함한다.
<예 시>
·블라우스 제조
·와이셔츠, 티셔츠 제조",91.5,0.0,10.7
2024,181110,제조업,"의복, 의복 액세서리 및 모피제품 제조업",기타 봉제의복 제조업,"근무복, 작업복 및 유사 의복 제조업","◦체육복, 수영복 및 경기복, 방수코트",91.5,0.0,4.4
2024,181201,제조업,"의복, 의복 액세서리 및 모피제품 제조업",기타 봉제의복 제조업,가죽의복 제조업,"◦천연 및 재생 가죽이나 플라스틱제 합성가죽 및 직물제 인조가죽으로 가죽의복을 제조하는 산업활동을 말한다.
<예 시>
·가죽의복 제조(천연·인조·재생·합성 가죽제)
<제 외>
·가죽제 모자, 장갑 및 기타 의복 액세서리 제조(181202, 181204)",93.5,0.0,8.8
2024,181202,제조업,"의복, 의복 액세서리 및 모피제품 제조업",기타 의복 액세서리 제조업,모자 제조업,"◦가죽, 모피, 직물 등을 재단하고 재봉, 접합 및 기타의 방법으로 가공하여 모자를 제조하는 산업활동을 말한다. 일반용의 가죽 보호모자 제조도 포함한다.
<예 시>
·모자 제조
·모자 부분품 제조
<제 외>
·편조 모자 제조(173009)
·조물재료를 엮어서 모자를 제조하는 경우(202907)
·고무모자 제조(251904)
·플라스틱제 모자 제조(252909)
·철모 제조(281101)
·운동 경기용 보호모자 제조(369302)",94.0,0.0,8.6
2024,181203,제조업,"의복, 의복 액세서리 및 모피제품 제조업",속옷 및 잠옷 제조업,속옷 및 잠옷 제조업,"◦직물 또는 편조 원단을 재단◦재봉하거나 직물과 편조물을 결합하여 남녀용 속옷, 잠옷 및 관련 의복을 제조하는 산업활동을 말한다.
<예 시>
·슬립 제조
·브래지어 제조
·코르셋 제조
·거들 제조",94.4,0.0,8.9
2024,181204,제조업,"의복, 의복 액세서리 및 모피제품 제조업",기타 의복 액세서리 제조업,그 외 기타 의복 액세서리 제조업,"◦가죽, 모피, 직물 등을 재단하고 재봉, 접합 및 기타의 방법으로 남◦녀용 장갑을 제조하거나 기타 의복 액세서리를 제조하는 산업활동을 말한다.
<예 시>
·장갑 제조
·손수건 제조
·스카프 및 숄 제조
·혁대 및 복대 제조
·만틸라 제조
·넥타이 제조
·모피(천연, 인조)제 액세서리 제조
<제 외>
·편조장갑 제조(173006)
·골프 및 권투용 글러브 제조(369302)",93.8,0.0,8.2
2024,181205,제조업,"의복, 의복 액세서리 및 모피제품 제조업",겉옷 제조업,남자용 겉옷 제조업,"◦직물을 재단◦재봉하여 일상, 사무 또는 공식행사에서 입는 남자용 정장, 코트, 예복, 재킷(jacket), 파카, 슈트, 바지 등의 겉옷(외의)을 개인맞춤이 아닌 기성 제조하는 산업활동을 말한다.
<예 시>
·재킷, 파카, 점퍼, 슈트 제조
·신사복 정장 제조
·남자용 코트류 제조
·연미복, 턱시도 등 예복 제조
·남자용 바지 제조
·평상복 남자 외의
<제 외>
·셔츠, 블라우스(181109) 및 체육복 제조(181110)
·한복 제조(181103)

*개인맞춤 제조(→181101)",93.5,0.0,6.3
2024,181206,제조업,"의복, 의복 액세서리 및 모피제품 제조업",겉옷 제조업,여자용 겉옷 제조업,"◦직물을 재단◦재봉하여 일상, 사무 또는 공식행사에서 입는 여자용 정장, 코트, 예복, 재킷(jacket), 파카, 슈트, 바지 등의 겉옷(외의)을 개인맞춤이 아닌 기성 제조하는 산업활동을 말한다.
<예 시>
·웨딩드레스, 디너드레스, 이브닝 드레스, 애프터눈 드레스 등 예복 제조     
·원피스, 스커트 제조
·여자용 코트류, 바지류 제조
·재킷, 파카, 점퍼, 슈트 제조
<제 외>
·셔츠, 블라우스(181109) 및 체육복 제조(181110)
·한복 제조(181103)

*개인맞춤 제조(→181105)",93.5,0.0,11.1
2024,181207,제조업,"의복, 의복 액세서리 및 모피제품 제조업",기타 봉제의복 제조업,"근무복, 작업복 및 유사 의복 제조업","◦근무복, 작업복, 교복, 제복 등 단체복 및 유사 의복류를 제조하는 산업활동을 말한다. 가죽 및 모피 의복은 제외하나 가죽 또는 모피로 장식한 것은 포함한다. 일반용으로 사용 가능한 겉옷, 셔츠류 등은 제외한다.
<예 시>
·근무복, 작업복 제조
<제 외>
*체육복, 수영복 및 경기복 제조(→181110)",93.5,0.0,5.9
2024,181208,제조업,"의복, 의복 액세서리 및 모피제품 제조업",기타 봉제의복 제조업,유아용 의복 제조업,"◦원단을 재단◦재봉하여 유아용 의복 및 의복 액세서리를 제조하는 산업활동을 말한다.
<예 시>
·유아용 의복 제조
·유아용 의복 액세서리 제조",93.5,0.0,7.7
2024,181209,제조업,"의복, 의복 액세서리 및 모피제품 제조업",한복 제조업,한복 제조업,"◦남녀 또는 노소를 불문하고 전통적 또는 민속적인 의상과 한복을 개인맞춤 제조하는 산업활동을 말한다.
<예 시>
·한복 제조
·전통 민속복 제조
·개량 한복 제조

*기성 제조(→181103)",93.8,0.0,11.0
2024,181211,제조업,"의복, 의복 액세서리 및 모피제품 제조업",기타 봉제의복 제조업,그 외 기타 봉제의복 제조업,"◦특수 의복 및 의복 부분품을 제조하는 산업활동을 말한다.
<예 시>
·잠수복 제조
·우의 및 방수복 제조
·방사선 예방 보호복 제조
·의류 부분품 제조
·특수환자용 의복 제조
·가운류(종교 의식복, 학사복 등) 제조",93.8,0.0,10.4
2024,182001,제조업,"의복, 의복 액세서리 및 모피제품 제조업",모피제품 제조업,모피제품 제조업,"◦천연모피 및 인조모피로 의복(모자 제외) 및 기타 모피제품을 제조하는 산업활동을 말한다.
<예 시>
·모피 이불 제조
·가정용 모피제품 제조
·머리 달린 가공 원피제품 제조
·천연 모피조각 조립품 제조(매트, 스트립 등)
·모피 덮개 제조
·모피 깔개 제조
·모피 매트 제조
<제 외>
·모피 모자, 장갑 및 부분품 제조(181202, 181204)
·모조 모피 편조원단 제조(173002)
·모조 모피 직조원단 제조(171116)",89.2,0.0,9.1
2024,191100,제조업,"가죽, 가방 및 신발 제조업",모피 및 가죽 제조업,모피 및 가죽 제조업,"◦각종 짐승, 파충류, 아가미 동물 등의 원피 및 원모피를 다듬질, 표백, 무두질, 끝손질, 돋음 새김질 및 윤내기, 염색처리 등을 하여 각종 천연가죽, 천연모피 및 펠트를 생산하거나 천연가죽의 조각 및 부스러기를 처리하여 재생가죽을 생산하는 산업활동을 말한다. 인조 합성가죽을 생산하는 산업활동도 포함한다. 천연 및 재생가죽을 특수 표면 가공하여 특수 가공가죽을 제조하는 산업활동과 머리 부분이 달린 원피 처리활동과 가죽 등 각종 재료에 인조모 또는 천연모를 접합시켜 인조모피를 제조하는 산업활동도 포함한다.
<예 시>
·가죽 유연 처리
·가죽 염색 및 가공 처리
·금속처리 가죽 제조
·섀무 가죽 제조
·양피지(파치먼트, parchment) 가죽 제조
·페이턴트(patent leather) 가죽 제조
·인조모피 제조
·원모피 처리
·모피 가공
·전신 원피 처리(머리 달린)
·원모피 무두질 처리
·원모피 표백(염색 처리)
<제 외>
·가죽의복 제조(181201)",92.2,0.0,7.1
2024,191200,제조업,"가죽, 가방 및 신발 제조업","핸드백, 가방 및 기타 보호용 케이스 제조업",가방 및 기타 보호용 케이스 제조업,"◦가방, 각종 기구 및 용품의 보호용 케이스를 제조하는 산업활동을 말한다. 이러한 제품은 목재 또는 금속 등의 보강재료를 사용할 수도 있다.
<예 시>
·트렁크 제조
·등산용 배낭류 제조
·공구백 제조     
·안경 케이스 제조
·사진기 케이스 제조
·악기 케이스 제조
<제 외>
·개인 휴대용품용 지갑류 및 유사 케이스 제조(191202)",93.4,0.0,10.2
2024,191201,제조업,"가죽, 가방 및 신발 제조업",기타 가죽제품 제조업,기타 가죽제품 제조업,"◦천연가죽, 재생가죽, 합성가죽, 인조가죽으로 만든 산업용 가죽제품, 마구류 및 기타 가죽제품을 제조하는 산업활동을 말한다.
<예 시>
·기계용 가죽제품 제조
·가죽 시곗줄 제조
·가죽 격막 제조
·말채찍 제조
·가죽 호스 제조
·장선 제조
<제 외>
·소독한 수술용 장선 제조(242309)
·금속제 시곗줄 제조(333000)
·나무제 마구류 제조(202905)",93.4,0.0,7.9
2024,191202,제조업,"가죽, 가방 및 신발 제조업","핸드백, 가방 및 기타 보호용 케이스 제조업",핸드백 및 지갑 제조업,"◦각종 재료로 여성용 핸드백 및 남녀용 지갑을 제조하는 산업활동을 말한다. 지갑 및 유사 케이스는 통상적으로 호주머니 및 핸드백에 넣고 다닐 수 있는 개인 휴대용품용 지갑류를 말한다.
<예 시>
·핸드백 제조
·지갑 제조",93.4,0.0,10.6
2024,192001,제조업,"가죽, 가방 및 신발 제조업",신발 제조업,구두류 제조업,"◦가죽, 합성가죽, 고무 또는 플라스틱 등으로 만든 신발 밑창에 천연가죽, 재생가죽, 합성가죽, 인조가죽으로 만든 봉제 가죽 갑피를 재봉 또는 기타 방법으로 결합시켜 가죽 구두를 제조하는 산업활동을 말한다. 가죽제 캐주얼화, 부츠 등의 제조도 포함한다.
<예 시>
·캐주얼화(가죽제) 제조
·가죽 구두 제조
<제 외>
·경기화 및 특수용 신발 제조(192004)",93.5,0.0,10.7
2024,192004,제조업,"가죽, 가방 및 신발 제조업",신발 제조업,기타 신발 제조업,"◦구두류를 제외한 운동용 신발, 특수용 신발, 경기용 신발 및 방수용 신발, 각종 재료제의 가정용 슬리퍼, 각반 및 발이나 다리의 일부 또는 전체를 싸도록 만들어진 기타 제품(양말 제외)을 제조하는 산업활동을 말한다.
<예 시>
·경기용 신발 제조
·운동화 제조
·나무 및 고무 신발 제조     
·플라스틱 신발 제조
·발레용 신발 제조
·각반 제조      
·짚신 제조
·특수 목적용 신발 제조
·종이 신발 제조
<제 외>
·신발용 부분품(재단품) 제조(192005)",93.5,0.0,5.8
2024,192005,제조업,"가죽, 가방 및 신발 제조업",신발 부분품 제조업,신발 부분품 제조업,"◦각종 재료로 신발 제조용 재단제품 및 부속품을 제조하는 산업활동을 말한다. 고무 또는 플라스틱을 성형하여 신발 부분품을 제조하는 경우도 포함한다.
<예 시>
·신발 갑피 제조
·뒷굽 제조(신발용)
·안창 제조(신발용)    
·바깥바닥 제조(신발용)",93.5,0.0,4.5
2024,193001,제조업,섬유제품 제조업: 의복 제외,"방적 및 가공사 제조업, 직물 직조업, 직물제품 제조업, 편조 원단 제조업, 섬유제품 염색, 정리 및 마무리 가공업,그 외 기타 섬유제품 제조업","연사 및 가공사 제조업, 특수직물 및 기타 직물 직조업, 자수제품 및 자수용 재료 제조업, 편조 원단 제조업, 섬유제품 기타 정리 및 마무리 가공업, 그 외 기타 분류 안된 섬유제품 제조업","◦임가공
<예 시>
·실감기 임가공                             ·기타 직물 직조 임가공
·직물 자수 임가공                          ·섬유 편조 뜨개질 임가공
·의복 액세서리 정리 및 마무리 임가공       
·그 외 기타 섬유제품 제조 임가공",93.8,0.0,10.1
2024,193009,제조업,섬유제품 제조업: 의복 제외,"섬유제품 염색, 정리 및 마무리 가공업","솜 및 실 염색 가공업, 직물, 편조 원단 및 의복류 염색 가공업, 날염 가공업","◦임가공
<예 시>
·솜, 실 염색 임가공
·직물, 편물 원단 염색 임가공
·날염 임가공",91.1,0.0,12.2
2024,201001,제조업,목재 및 나무제품 제조업: 가구 제외,제재 및 목재 가공업,일반 제재업,"◦원목을 제재하거나 또는 제재목을 다시 제재하여 판재, 각재, 소할(小割, resawn)재 등 거친 상태의 각종 일반용 목재 제재품을 생산하는 산업활동을 말한다.
<예 시>
·각재 생산
·일반 제재목 생산",92.0,0.0,7.4
2024,201002,제조업,목재 및 나무제품 제조업: 가구 제외,제재 및 목재 가공업,"목재 보존, 방부처리, 도장 및 유사 처리업","◦자영 또는 임가공 방식으로 목재에 방부제 또는 기타 물질을 도포◦피복◦적층◦침적하거나 화학처리하여 화장목재, 방부처리 또는 보존 약품처리 목재를 생산하는 산업활동을 말한다.
<예 시>
·도장(착색) 목재 생산
·화장 목재 제조
·약품처리 목재 생산   
·표면처리 목재 생산
<제 외>
·강화 및 재생목재 제조(202101)",87.7,0.0,9.6
2024,201009,제조업,목재 및 나무제품 제조업: 가구 제외,제재 및 목재 가공업,표면 가공목재 및 특정 목적용 제재목 제조업,"◦각종 원목 또는 제재목을 대패질, 표면 세공, 무늬 새김, 모서리 가공 및 기타 표면 가공하여 표면 가공목재를 생산하는 산업활동과 특정 목적에 적합하도록 원목 또는 제재목을 절단, 분쇄 및 기타 가공하는 산업활동을 말한다.
<예 시>
·표면 새김 가공목재 생산
·견본 목공물 제조
·인발재 제조
·목모, 목분 및 목재칩 제조
·침목 생산(방부처리 안된) 
·나무 조각판 제조(마루판 조립용)
<제 외>
·일반제재목 생산(201001)
·목재 표면 도포처리 및 방부처리 제품 제조(201002)",90.4,0.0,10.2
2024,202101,제조업,목재 및 나무제품 제조업: 가구 제외,"박판, 합판 및 강화 목제품 제조업",강화 및 재생 목재 제조업,"◦목재를 화학적 또는 물리적으로 처리하여 목재의 밀도, 경도 및 기계적 강도나 화학적◦전기적 저항성이 높은 강화목재를 생산하는 산업활동을 말한다. 나뭇조각, 부스러기, 톱밥, 쌀겨 등 목질 물질을 응집시켜 판, 블록 및 기타 형태의 재생 목재를 생산하는 경우도 포함한다.
<예 시>
·고밀도화 목재 제조
·파이버보드 제조
·파티클보드 제조
·칩보드 제조
<제 외>
·단판이 부착된 재생 목재판 제조(202102)",89.5,0.0,10.5
2024,202102,제조업,목재 및 나무제품 제조업: 가구 제외,"박판, 합판 및 강화 목제품 제조업","박판, 합판 및 유사 적층판 제조업","◦각종 용도의 박판을 제조하거나, 박판 또는 합판에 나무 블록, 작은 널판 등을 접착하여 합판 및 기타 유사 적층판을 제조하는 산업활동을 말한다. 이러한 제품은 연관적으로 착색◦도포 및 침적되거나 종이 또는 직물 등을 접착하여 보강될 수 있다.
<예 시>
·무늬목박판 제조
·나무도시락 및 성냥갑제조용 박판 제조
·합판제조용 박판
·합판용 단판 제조
·블록 보드 제조
·배튼 보드 제조
·베니어 패널 제조
<제 외>
·제재한 판재, 각재 제조(201001)
·목재 표면에 방부제 및 기타 물질을 도포 처리한 방부처리 목재, 화장목재, 표면처리 가공목재 생산(201002)
·칩보드, 파이버보드 및 기타 강화 또는 재생목재 제조(202101)
·건축용 셀룰라우드 패널 및 유사 적층목재 제조(202200)",92.8,0.0,9.6
2024,202200,제조업,목재 및 나무제품 제조업: 가구 제외,건축용 나무제품 제조업,기타 건축용 나무제품 제조업,"◦목재 문을 제외한 각종 건축용 목제품 또는 목공품을 생산하는 산업활동을 말한다. 목재를 주재료로 하는 조립식 건물 및 이들의 부분품을 제조하거나 셀룰라우드 패널 및 유사 목재 패널을 제조하는 산업활동도 포함한다.
<예 시>
·셀룰라우드 패널 제조
·적층 목제품 제조(구조용)
·파케이 패널 제조
·지붕용 패널 제조",91.6,0.0,9.6
2024,202201,제조업,목재 및 나무제품 제조업: 가구 제외,"목재 상자, 드럼 및 적재판 제조업","목재 포장용 상자, 드럼 및 유사 용기 제조업","◦제재목, 합판, 단판 및 박판 등을 사용하여 화물이나 상품의 운반 및 포장용 절목 상자, 통, 상자, 권선용 드럼, 동물 수송용 우리 등을 제조하는 산업활동을 말한다. 이들은 금속, 종이 등으로 보강될 수 있으며 돌쩌귀, 손잡이, 파스너, 다리 등이 부착될 수도 있다.
<예 시>
·목재 배럴(barrel) 제조
·목재 케이블 드럼(cable drum) 제조
·목재 케이스 제조
·목재 텁(tub) 및 유사 용기 제조
·목재 통 제조
·목재 상자 제조
<제 외>
·목재 보석상자 제조(202904)",92.1,0.0,9.6
2024,202202,제조업,목재 및 나무제품 제조업: 가구 제외,건축용 나무제품 제조업,목재 문 및 관련제품 제조업,"◦건물 및 구축물에 설치되는 각종 목재 문 및 관련제품을 제조하는 산업활동을 말한다.
<예 시>
·목재 창문 제조
·목재 문지방 제조
·목재 문틀 제조",91.6,0.0,8.3
2024,202203,제조업,목재 및 나무제품 제조업: 가구 제외,"목재 상자, 드럼 및 적재판 제조업",목재 깔판류 및 기타 적재판 제조업,"◦각종 화물의 선적 및 하역, 운반, 보관 등에 사용되는 이동식 목재 깔판류 및 기타 적재용 판 등의 제조활동을 말한다. 이들 제품은 단층 또는 복층으로 만들어 질 수 있으며, 지지용 다리가 부착되거나 분리 또는 접을 수 있도록 설계된 것도 있다.
<예 시>
·적재용 목재판 제조
·화물용 목재 보드 제조
·화물용 목재 파렛트 제조
·운반용 목재 파렛트 제조",92.1,0.0,11.9
2024,202901,제조업,목재 및 나무제품 제조업: 가구 제외,기타 나무제품 제조업,목재 도구 및 주방용 나무제품 제조업,"◦각종 목재 도구 및 기구, 도구용 몸체 및 손잡이 또는 대 등의 각종 도구용 목재 부분품과 주방용 또는 식탁용 기구 및 위생용 목제품을 제조하는 산업활동을 말한다.
<예 시>
·목재 공구 제조
·공구용 몸체 제조
·공구 손잡이 제조     
·브러시 몸체 제조
·밥주걱 제조
·나무젓가락 제조      
·이쑤시개 제조
·나무그릇 제조
·절구통 및 절굿공이 제조                  
·솥뚜껑 제조",92.4,0.0,9.3
2024,202902,제조업,목재 및 나무제품 제조업: 가구 제외,기타 나무제품 제조업,장식용 목제품 제조업,"◦장식용 칠기
<예 시>
·나전칠기제품제조(장식용: 가구제외)",91.0,0.0,7.5
2024,202903,제조업,목재 및 나무제품 제조업: 가구 제외,코르크 및 조물 제품 제조업,코르크 및 조물 제품 제조업,"◦죽세공품
<예 시>
·대나무를 소재로 한 발, 매트, 시트, 쿠션, 부채틀",94.5,0.0,10.8
2024,202904,제조업,목재 및 나무제품 제조업: 가구 제외,기타 나무제품 제조업,장식용 목제품 제조업,"◦장식용 목제 조각품, 장식용 상자, 그림 틀 등의 목재 장식용품을 제조하는 산업활동을 말한다.
<예 시>
·상감 세공 목재 패널 제조
·보석상자 제조
·장식용 목재 칼집(은장도 등) 제조
·목재 거울 틀 제조
·목재 조상 및 장식품 제조
<제 외>
·목재 모조 신변 장신품 제조(369501)

*장식용 칠기(→202902)",92.4,0.0,13.9
2024,202905,제조업,목재 및 나무제품 제조업: 가구 제외,기타 나무제품 제조업,그 외 기타 나무제품 제조업,"◦기타 목재용기, 창가리개, 옷걸이(입식 제외), 새집 등 달리 분류되지 않은 나무제품을 제조하는 산업활동을 말한다.
<예 시>
·기구용 목재 케이스 제조
·목재 새장 및 동물 우리 제조
·나무 못 제조
·목재 콥(cop), 릴(reel) 및 유사 제품 제조
·부채 및 핸드 스크린(hand screen) 제조  
·땔감 및 연료용 압축 펠릿(목재, 커피·대두 부산물 등 이용) 제조
·염주 및 관련제품 제조
·목관
<제 외>
·목재 모조 신변 장신품 제조(369501)
·동물 수송용 우리 제조(202201)",92.4,0.0,7.2
2024,202906,제조업,목재 및 나무제품 제조업: 가구 제외,코르크 및 조물 제품 제조업,코르크 및 조물 제품 제조업,"◦천연 코르크를 분쇄, 성형 또는 기타 가공하여 분말, 블록, 판, 띠 등의 코르크 제품을 제조하거나 코르크 가루를 응집하여 응집 코르크 및 그 제품을 제조하는 산업활동과 플라스틱 끈을 포함한 각종 조물재료를 조합◦직조 및 기타 방법으로 가공하여 끈 및 스트립(가늘고 긴 조각)상, 판상 제품, 핸드백, 쇼핑백, 용기 및 기타 조물제품을 제조하는 산업활동을 말한다. 조물재료를 특정 용도에 적합하도록 절단하거나 쪼개는 경우도 포함한다.
<예 시>
·천연 코르크 분말 제조
·천연 코르크 제품 제조    
·매트 제조(조물제)
·등 세공품 제조
·수세미 제품 제조
<제 외>
·염주 및 관련제품 제조(202905)

*돗자리, 플라스틱자리, 기타자리제품, 고공품 제조(→202907)
*죽세공품 제조(→202903)",92.4,0.0,11.4
2024,202907,제조업,목재 및 나무제품 제조업: 가구 제외,코르크 및 조물 제품 제조업,코르크 및 조물 제품 제조업,"◦돗자리, 플라스틱자리, 기타자리제품, 고공품(가마니, 새끼, 기타고공품)
<예 시>
·끈조립물, 볏짚가공품제조
·밀짚모자",91.0,0.0,10.5
2024,210101,제조업,"펄프, 종이 및 종이제품 제조업","펄프, 종이 및 판지 제조업",신문용지 제조업,◦신문 인쇄에 사용되는 신문용지를 제조하는 산업활동을 말한다.,89.6,0.0,10.7
2024,210102,제조업,"펄프, 종이 및 종이제품 제조업",기타 종이 및 판지 제품 제조업,"적층, 합성 및 특수 표면처리 종이 제조업","◦구입한 원단 상태의 종이 및 판지에 보강재인 종이, 섬유 물질, 금속 망 및 금속 박지 등을 접합하여 적층지 및 합성지를 제조하거나 플라스틱 물질, 물감, 기름 등을 삼투․도포․표면 착색, 표면 장식, 물결 무늬(파형)․주름 가공(축유)․천공 또는 단순 인쇄하여 원단상의 표면가공 종이 및 판지를 제조하는 산업활동을 말한다.
<예 시>
·도포지 및 판지 제조
·금박 합성지 및 판지 제조
·접착지와 판지 제조    
·전기 절연 가공지 제조
·콘덴서용 가공지 제조
·셀프 접착지(self-adhesive) 제조  
·역청 물질을 도포한 종이 및 판지 제조
·카오린(고령토) 또는 기타 무기질을 도포한 종이 및 판지 제조
<제 외>
·골판지 제조(210200)
·가공지 원지를 특정 용도에 맞도록 절단·가공한 종이 및 판지제품 제조(210901,210905)
·벽지 및 장판지 제조(210902)
·사진 감광지 제조(242905)
·종이원지 제조활동에 결합되어 연관적으로 수행되는 가공처리 활동은 원지 제조업으로 분류",91.3,0.0,9.6
2024,210104,제조업,"펄프, 종이 및 종이제품 제조업","펄프, 종이 및 판지 제조업",기타 종이 및 판지 제조업,"◦각종 용도의 원지 및 판지와 순수한 화학 목재 펄프 또는 면섬유로 만든 종이 등을 제조하는 산업활동을 말한다.
<예 시>
·여과지와 판지 제조
·지형 원지 제조
·투사지(트레이싱지) 제조
·펠트지와 판지 제조
·글라신지 원지 제조
·투명 광택지 제조
·포장용 원지 제조
·황산지 제조
·콘덴서지 제조     
·셀룰로오스섬유 웨브(web) 제조
·특수 박엽지(궐련용지, 사전용지, 글라신지 등) 제조
·전기절연지 제조
<제 외>
*한지(→210112)",88.7,0.0,10.7
2024,210106,제조업,"펄프, 종이 및 종이제품 제조업","펄프, 종이 및 판지 제조업",펄프 제조업,"◦각종 식물성 물질, 섬유, 넝마, 폐지, 고지 등으로 각종 형태의 펄프와 기타 섬유질의 셀룰로오스(섬유소) 물질을 제조하는 산업활동을 말한다. 이러한 것들은 표백 여부를 불문한다.
<예 시>
·화학 목재펄프 제조
·기계 목재펄프 제조
·섬유질 셀룰로오스펄프 제조     
·고지 재생펄프 제조",89.6,0.0,10.7
2024,210107,제조업,"펄프, 종이 및 종이제품 제조업","펄프, 종이 및 판지 제조업",인쇄용 및 필기용 원지 제조업,"◦신문용지 이외의 인쇄, 필기, 도화 등에 적합한 종이 및 판지를 제조하는 산업활동을 말한다.
<예 시>
·벽지용 원지 제조
·천공카드지 제조
·인쇄용 원지 제조
·사진 및 전자 감광지, 열 감응지 원지 제조
·필기용 원지 제조
·일반 수제지 및 판지 원지 제조
·백상지ㆍ중질지ㆍ아트지 원지 제조
·인쇄용 박엽지 원지 제조
<제 외>
·신문용 원지 제조(210101)
·특수 수제지 및 한지 제조(210112)",89.6,0.0,10.7
2024,210108,제조업,"펄프, 종이 및 종이제품 제조업","펄프, 종이 및 판지 제조업",위생용 원지 제조업,"◦화장지 또는 안면용 티슈, 타월 또는 냅킨용 원지 및 기타 유사한 위생용 원지, 셀룰로오스 섬유의 웨브 또는 워딩용 원지를 말한다. 위생용 원지는 주름 가공, 압형, 천공, 착색, 표면 장식 또는 인쇄한 것인지 여부를 불문하고 포함한다.
<예 시>
·화장지 원지 제조
·셀룰로오스 섬유 웨브(web), 충전제(wadding)용 원지 제조
·타월·냅킨용 원지 제조
·화장지용 박엽지 원지 제조",89.6,0.0,10.7
2024,210111,제조업,"펄프, 종이 및 종이제품 제조업","펄프, 종이 및 판지 제조업","골판지 원지 제조업,크라프트지 및 기타 상자용 판지 제조업","◦황산 펄프(표백 여부 불문) 등으로 크라프트지 및 판지를 제조하거나 상자 제조용 또는 기계장비 부속품 제조용 판지를 제조하는 산업활동을 말한다.
<예 시>
·크라프트 라이너 제조
·쥬트 라이너 제조
·백판지(마닐라 판지) 제조
·아이보리 판지 제조업
·골판지 원지 제조
·일반 골심지 제조
·반화학 골심지 제조
·다겹층지 제조
·포장용 판지 제조
<제 외>
·나무 물질을 응집시켜 파이버보드 및 건축용 판재 제조(202101)
·원단을 구입하여 도포한 크라프트지와 판지(210102)",91.3,0.0,9.6
2024,210112,제조업,"펄프, 종이 및 종이제품 제조업","펄프, 종이 및 판지 제조업",기타 종이 및 판지 제조업,"◦한지
<예 시>
·창호지, 장판용지, 서예지, 화선지, 장식용한지, 태합지, 수제지",91.3,0.0,9.6
2024,210200,제조업,"펄프, 종이 및 종이제품 제조업",골판지 및 골판지 가공제품 제조업,골판지 제조업,"◦골판지 제조용 원지를 가공하여 골판지 원단 및 골판지를 제조하거나 연속공정으로 골판지 상자 및 칸막이 등 관련 제품을 제조하는 산업활동을 말한다.
<예 시>
·골판지 제조
·골판지 원단 생산과 연속공정으로 생산되는 골판지 상자, 골판지 칸막이 및 관련 제품 제조",93.0,0.0,7.1
2024,210201,제조업,"펄프, 종이 및 종이제품 제조업","종이 포대, 판지 상자 및 종이 용기 제조업",판지 상자 및 용기 제조업,"◦판지(골판지 제외)로 상품의 포장 또는 운반용기, 상품의 진열◦저장 및 판매용 상자, 포장용 삽입물 및 칸막이 등의 포장용 판지 상자 및 관련제품을 제조하는 산업활동을 말한다. 사업장에서 사용되는 캔, 드럼, 캐비닛 및 유사 용기 등의 각종 판지제품을 제조하는 활동도 포함한다. 이러한 제품은 포장용기에 비해 정교하고 견고한 내구적인 형태로 만들어지며 금속, 목재, 플라스틱 또는 섬유 물질로 보강되거나 손잡이 및 개폐장치 등을 부착할 수 있다.
<예 시>
·포장용 삽입물 제조
·상자용 칸막이 제조
·서류 상자 제조
·보관함 제조
·서류 캐비닛 제조
·서류 받침 제조   
·경화섬유포장용기(파이버상자)
<제 외>
·골판지(210200)및 골판지상자 제조(210202)
·식품위생용으로 위생 처리된 판지 상자 및 용기 제조(210204)",93.6,0.0,9.2
2024,210202,제조업,"펄프, 종이 및 종이제품 제조업",골판지 및 골판지 가공제품 제조업,골판지 상자 및 가공제품 제조업,"◦구입한 골판지 원단 및 골판지를 가공하여 골판지 상자 및 관련 제품을 제조하는 산업활동을 말한다.
<예 시>
·골판지 상자 제조
·골판지 칸막이 제조",93.0,0.0,10.2
2024,210203,제조업,"펄프, 종이 및 종이제품 제조업","종이 포대, 판지 상자 및 종이 용기 제조업",종이 포대 및 가방 제조업,"◦종이 또는 판지를 단 겹 또는 여러 겹으로 결합시켜 각종 상품 및 제품을 포장하는데 사용되는 종이 포대 및 봉지 또는 휴대용 종이가방(쇼핑백 등)을 제조하는 산업활동을 말한다.
<예 시>
·종이 쇼핑백 제조
·종이 봉지 제조(포장용)     
·종이 식품백 제조
·종이 의복백 제조
<제 외>
·사무용 종이봉투 제조(210901)",93.6,0.0,10.2
2024,210204,제조업,"펄프, 종이 및 종이제품 제조업","종이 포대, 판지 상자 및 종이 용기 제조업",식품 위생용 종이 상자 및 용기 제조업,"◦식품용으로 위생 처리한 종이 및 판지를 가공하여 액상, 분상 및 고형상의 식품을 담을 수 있는 관, 병, 원추통, 상자 등의 식품용 종이상자 및 용기를 제조하는 산업활동을 말한다.
<예 시>
·액체 포장용기 제조
·식품 포장용 종이용기 제조
·식품 포장용 상자 제조
·버터 포장용 파라핀 상자 제조
<제 외>
·종이컵, 종이접시 제조(210206,210905)",93.6,0.0,10.2
2024,210205,제조업,"펄프, 종이 및 종이제품 제조업","종이 포대, 판지 상자 및 종이 용기 제조업",기타 종이 상자 및 용기 제조업,"◦판지 및 골판지 이외의 종이로 포장용 종이 상자 및 용기를 제조하거나 포장용 삽입물 및 칸막이 등 관련 제품을 제조하는 산업활동을 말한다.
<예 시>
·종이 상자 제조
·종이 용기 제조
<제 외>
·골판지 상자 및 용기 제조(210202)
·판지제 상자 및 용기 제조(210201)",93.6,0.0,10.2
2024,210206,제조업,"펄프, 종이 및 종이제품 제조업",기타 종이 및 판지 제품 제조업,그 외 기타 종이 및 판지 제품 제조업,"◦종이컵 , 종이 필터 제조",93.6,0.0,10.2
2024,210901,제조업,"펄프, 종이 및 종이제품 제조업",기타 종이 및 판지 제품 제조업,문구용 종이제품 제조업,"◦인쇄용 또는 필기용 원지 및 판지를 일정한 형태로 절단 및 기타 가공하여 사무용지, 봉투 또는 책 형태로 인쇄◦제책된 노트, 장부, 바인더 등의 종이제 문구류를 제조하는 산업활동을 말한다. 이러한 제품은 종이로서의 기능을 유지하는 범위 내에서 부수적으로 도안(주소 및 성명란, 상표, 무늬 장식 등) 및 선(줄) 등이 인쇄될 수 있다.
<예 시>
·복사지 제조
·바인더 및 홀더 제조
·앨범 제조
·영수증 용지 제조
·자동기록기용 종이제품 제조
·카본지 절단품 제조
·표지 및 파일커버 제조
·접착지 절단품 제조
·문구용지
<제 외>
·유가증권, 우편엽서, 사진 복제품, 판화 등 출판(221900)",94.0,0.0,10.4
2024,210902,제조업,"펄프, 종이 및 종이제품 제조업",기타 종이 및 판지 제품 제조업,벽지 및 장판지 제조업,"◦종이와 판지로 벽지, 바닥깔개, 장판지, 투명 무늬지 등을 제조하는 산업활동을 말한다. 방직용 섬유로 직물 벽지를 제조하는 경우도 포함한다.
<예 시>
·섬유 벽지 제조
·장판지 제조(원지 제외)    
·벽 피복용지 제조(원지 제외)
·창문용 투명 무늬지 제조",92.4,0.0,16.2
2024,210903,제조업,"펄프, 종이 및 종이제품 제조업",기타 종이 및 판지 제품 제조업,위생용 종이제품 제조업,"◦위생용 원지 및 관련 재료를 절단 또는 기타 가공하여 위생용지 및 위생용 종이제품을 제조하는 산업활동을 말한다.
<예 시>
·화장지 제조
·탐폰 제조
·기저귀 제조    
·안면용 화장지 제조
·크린징 티슈 제조
<제 외>
·식품위생용 종이 상자 및 용기 제조(210204)",90.5,0.0,7.3
2024,210905,제조업,"펄프, 종이 및 종이제품 제조업",기타 종이 및 판지 제품 제조업,그 외 기타 종이 및 판지 제품 제조업,"◦종이 및 판지를 일정한 크기로 압단 또는 재단하여 담배용, 사진 부착용, 기계용 또는 기타 용도의 종이 및 판지제품 또는 펄프 성형제품을 제조하는 산업활동을 말하며, 관련 단순 인쇄활동이 결합될 수 있다.
<예 시>
·궐연지 제조
·개스킷 및 와셔 제조(종이제)    
·판지제 실패 및 유사 지지물 제조
·여과용 종이제품 제조     
·스티커 제조
·펄프제 필터 블록 및 슬래브 제조
·종이 수저, 접시 및 유사제품 제조
·종이 라벨 제조
<제 외>
*종이컵, 종이 필터 제조(→210206)",90.5,0.0,7.1
2024,221100,정보통신업,출판업,서적 출판업,일반 서적 출판업,"◦학습 서적, 만화, 잡지 및 정기 간행물을 제외한 각종 서적이나 서적 성격의 팸플릿을 출판하는 산업활동을 말한다.
<예 시>
·소설 및 수필집 출판
·동화책 출판
·여행 가이드 서적 출판
·지도 및 해도 출판
·사업체 목록 출판
·전화번호부 출판
·판례집 출판
·정보 목록부 출판
·인터넷 웹 소설 출판
<제 외>
·악보 등 음악책 출판활동(221300)
·지도 및 해도를 제작하는 산업활동(742102)",95.6,0.0,13.2
2024,221103,정보통신업,출판업,서적 출판업,교과서 및 학습 서적 출판업,"◦초◦중◦고등학교 교과서 및 교과관련 학습지, 참고서 등을 출판하는 산업활동을 말한다.
<예 시>
·교과서 출판
·학습지 출판
·참고서 출판
·국어사전 출판",95.2,0.0,16.0
2024,221104,정보통신업,출판업,서적 출판업,만화 출판업,"◦만화를 출판하는 산업활동을 말한다.
<예 시>
·만화책 출판
·인터넷 웹툰 출판",93.2,0.0,14.2
2024,221200,정보통신업,출판업,"신문, 잡지 및 정기 간행물 출판업",잡지 및 정기 간행물 발행업,"◦전문 또는 일반적인 내용에 관한 주간, 순간, 월간, 계간, 연간 등의 정기 간행물 및 잡지 등을 발행하는 산업활동을 말한다.
<예 시>
·주간 신문 발행
·월간지 발행
<제 외>
·신문 발행(221201)",94.6,0.0,20.4
2024,221201,정보통신업,출판업,"신문, 잡지 및 정기 간행물 출판업",신문 발행업,"◦일반대중이 관심을 갖는 뉴스를 제공하기 위하여 일간 및 주 3일 이상 발간하는 신문을 발행하는 산업활동을 말한다.
<예 시>
·경제 신문 발행
·스포츠 신문 발행
·일반 신문 발행
<제 외>
·생활 정보지 발행(221202)
·전문 회보, 주간 뉴스 및 주간지 발행(221200)
·방송 또는 신문사, 출판사 및 기타 언론사에 뉴스 자료 제공 활동(724001)",94.6,0.0,25.9
2024,221202,정보통신업,출판업,"신문, 잡지 및 정기 간행물 출판업",정기 광고 간행물 발행업,"◦부동산, 중고품 등의 각종 상품의 거래, 산업활동 안내, 구인◦구직 등에 관한 광고 간행물을 정기적으로 발행하는 산업활동을 말한다.
<예 시>
·생활 정보지 발행
·광고 간행물 발행
<제 외>
·신문 발행(221201)",94.6,0.0,20.1
2024,221300,정보통신업,영상ㆍ오디오 기록물 제작 및 배급업,오디오물 출판 및 원판 녹음업,음악 및 기타 오디오물 출판업,"◦음악 및 기타 소리를 기록한 레코드, 테이프 및 기타 오디오 기록물을 기획◦제작하거나 제작한 것을 직접 출판하는 산업활동을 말한다. 악보 등 음악책 출판활동도 포함한다.
<예 시>
·레코드 출판
·음악 기록 매체 출판
·오디오 테이프 출판
·음성 기록 매체 출판
·악보 등 음악책 출판활동
<제 외>
·음악 및 기타 오디오물 기록 매체 복제 서비스(223001)",91.2,0.0,22.1
2024,221900,정보통신업,출판업,기타 인쇄물 출판업,기타 인쇄물 출판업,"◦기타 출판업으로서 사진, 판화 및 우편 엽서, 시간표, 캘린더, 예술 복제품 및 기타 인쇄물을 발행하는 산업활동을 말한다. 각종 마이크로 출판물의 발행도 포함한다.
<예 시>
·우표 발행
·축하 카드 발행
·지폐 발행
·예술 복제품 제조",92.6,0.0,18.9
2024,222101,제조업,인쇄 및 기록매체 복제업,인쇄업,경 인쇄업,◦수수료 또는 계약에 의해 각종 인쇄물을 프린트,93.3,0.0,12.1
2024,222102,제조업,인쇄 및 기록매체 복제업,인쇄업,스크린 인쇄업,"◦수수료 또는 계약에 의하여 각종 인쇄물을 스크린 제판술에 의하여 인쇄하는 산업활동을 말한다.
<예 시>
·평면, 곡면 스크린 인쇄
·패드(pad) 인쇄
<제 외>
·수수료 또는 계약에 의해 섬유제품 제조와 관련한 날염가공(193009)",92.5,0.0,12.0
2024,222103,제조업,인쇄 및 기록매체 복제업,인쇄업,경 인쇄업,"◦수수료 또는 계약에 의하여 각종 인쇄물을 공판 또는 마스터 제판술에 의해 인쇄하는 산업활동을 말한다.
<예 시>
·마스터 제판 인쇄
<제 외>
·스크린 인쇄(222102)

*수수료 또는 계약에 의해 각종 인쇄물 프린트(→222101)",92.5,0.0,10.5
2024,222104,제조업,인쇄 및 기록매체 복제업,인쇄업,오프셋 인쇄업,"◦수수료 또는 계약에 의하여 각종 인쇄물을 금속판과 고무 롤러 등으로 오프셋 간접 제판술에 의하여 인쇄하는 산업활동을 말한다. 대부분 평판인쇄 방식으로 인쇄하지만 볼록판 및 오목판 인쇄방식으로도 가능하다.
<예 시>
·단식 오프셋 인쇄
·오프셋 4도 인쇄
·오프셋 평판ㆍ볼록판ㆍ오목판 인쇄
<제 외>
·스크린 인쇄(222102)",92.5,0.0,9.2
2024,222105,제조업,인쇄 및 기록매체 복제업,인쇄업,기타 인쇄업,"◦경 인쇄 및 스크린 인쇄 이외의 각종 제판술에 의한 출판물 및 인쇄물을 인쇄하는 산업활동을 말한다.
<예 시>
·그라비아 인쇄
·석판 인쇄
·고무판 인쇄
·플라스틱판 인쇄
·활판 및 연판 인쇄
·목각판 인쇄
·특수인쇄(전사처리)
·공판 인쇄
<제 외>
·직접 인쇄활동을 하지 않고 인쇄용 사진 제판 및 활판, 동판, 목판, 고무판 등의 식각 및 제판활동(222203)",92.5,0.0,10.0
2024,222201,제조업,인쇄 및 기록매체 복제업,인쇄관련 산업,제책업,◦수수료 또는 계약에 의하여 각종 서적 및 인쇄물을 제책하는 산업활동을 말한다.,90.6,0.0,14.2
2024,222202,제조업,인쇄 및 기록매체 복제업,인쇄관련 산업,기타 인쇄관련 산업,"◦수수료 또는 계약에 의하여 금박 처리, 엠보싱 가공, 모서리 다듬기, 재단 등의 인쇄물 가공활동 및 기타 인쇄관련 서비스업을 말한다.
<예 시>
·금박 처리(인쇄물)
·엠보싱 가공(인쇄물)
·모서리 다듬기(인쇄물)
·재단 및 인쇄물 기타 가공",89.6,0.0,11.0
2024,222203,제조업,인쇄 및 기록매체 복제업,인쇄관련 산업,제판 및 조판업,"◦수수료 또는 계약에 의하여 사진 식자, 전산 식자와 각종 인쇄용 사진원판 제작, 연판, 고무판, 플라스틱판, 동판, 목판, 석판 등의 각종 제판 및 조판작업을 수행하는 산업활동을 말한다.
<예 시>
·전산 식자 제판
·인쇄용 사진 제판
·디지털 제판
·인쇄용 활판, 동판, 고무판 식각
<제 외>
·인쇄 목적 이외의 금속 식각 활동(289205)",89.6,0.0,9.1
2024,223001,제조업,인쇄 및 기록매체 복제업,기록매체 복제업,기록매체 복제업,"◦음반 및 기타 오디오물, 비디오물, 소프트웨어 및 컴퓨터 호환성 테이프의 원판을 복사하여 이들의 복제품을 생산하는 활동으로서 플로피, 하드 디스크, 콤팩트디스크의 복제품, 범용성 소프트웨어 및 필름의 복제품을 생산하는 산업활동을 말한다. 또한, 수수료 또는 계약에 의하여 각종 기록매체를 복제하는 활동도 포함한다.
<예 시>
·소프트웨어(범용성) 복제
·전산 기록물 복제
·음반 복제
·비디오물 복제
·레이저 광학 판독장치를 가진 기록매체 복제
<제 외>
·수수료 또는 계약에 의한 레코드 원판 녹음활동(924901)
·영화 상영용 필름 복제 생산(921503)",89.7,0.0,15.7
2024,231001,제조업,"코크스, 연탄 및 석유정제품 제조업",코크스 및 연탄 제조업,코크스 및 연탄 제조업,"◦석탄, 갈탄, 토탄 등을 코크스로에서 처리하여 코크스 또는 반성 코크스, 피치 및 피치 코크스, 콜타르, 건류 카본(레토르트 카본, 가스 카본) 등을 생산하는 산업활동을 말한다. 코크스의 응집처리 활동도 포함한다.
<예 시>
·코크스로(爐) 운영
·코크스 응집처리
·코크스로 미정제 가스 제조
·석탄 증류 타르 제조
·광물성 타르 제조
·토탄 증류 타르 제조
<제 외>
·콜타르 증류 활동(241106)
·석탄 가스, 수성가스, 발생로 가스 및 기타 연료용 제조가스 생산활동(402001)",95.3,0.0,21.7
2024,231002,제조업,"코크스, 연탄 및 석유정제품 제조업",코크스 및 연탄 제조업,코크스 및 연탄 제조업,"◦석탄과 코크스, 숯가루, 피치 등의 탄화물을 배합하거나, 당밀, 전분, 펄프, 석회 등의 점결제 등을 혼합하여 성형 건조시킨 고체 연료를 제조하는 산업활동을 말한다.
<예 시>
·연탄 제조
·응집 석탄제품 제조
·조개탄 제조
·피치 연탄 제조",98.2,0.0,21.7
2024,232100,제조업,"코크스, 연탄 및 석유정제품 제조업",원유 정제처리업,원유 정제처리업,"◦원유 및 역청 물질을 정제 및 기타 처리하여 석유 정제품 및 관련 제품을 제조하는 산업활동을 말한다.
<예 시>
·가솔린, 경유, 등유 제조
·윤활유 기유 제조
·나프타 제조     
·석유 정제 가스 제조
·연료유 제조
·중유 및 벙커C유 제조
<제 외>
·구입한 석유 정제품 및 분할물을 재처리하여 석유정제 관련제품 생산(232201)",91.1,0.0,10.5
2024,232101,제조업,화학 물질 및 화학제품 제조업: 의약품 제외,기초 무기화학 물질 제조업,기타 기초 무기화학 물질 제조업,"◦방사성원소, 방사성동위원소와 이들의 화합물
 ·동위원소무기화합물제조, 동위원소유기화합물제조, 방사성원소화합물제조
◦천연우라늄 및 그 화합물
 ·천연우라늄화합물제조
◦우라늄을 농축한 우라늄 및 그 화합물
 ·우라늄합금제조, 우라늄화합물제조, 우라늄금속추출물제조
◦플루토늄 및 그 화합물
 ·플루토늄농축물제조, 플루토늄합금제조",91.1,0.0,10.5
2024,232200,제조업,"코크스, 연탄 및 석유정제품 제조업",석유 정제물 재처리업,윤활유 및 그리스 제조업,"◦원유 및 역청 물질의 일괄 정제과정에서 얻어지는 윤활유 기유 또는 기타 역청 물질을 처리하여 석유 성분의 윤활유, 그리스 및 유사 제품을 생산하는 산업활동을 말한다. 재생 윤활유 및 그리스 등 생산활동(중량 기준으로 석유 및 역청유 성분 함유량이 70% 이상인 경우)도 포함한다.
<예 시>
·윤활유 제조
·그리스 제조
·재생 윤활유 제조
·재생 그리스 제조
<제 외>
·조제 윤활유 및 그리스 제조(242903)",95.8,0.0,11.0
2024,232201,제조업,"코크스, 연탄 및 석유정제품 제조업",석유 정제물 재처리업,기타 석유 정제물 재처리업,"◦원유 및 역청유의 일괄 정제과정에서 얻어지는 석유정제 분획물 및 잔유물, 기타 광물성 역청 물질을 재정유, 혼합, 조합 및 기타 재처리하여 윤활유 및 그리스(grease)를 제외한 기타 석유 정제품을 생산하는 산업활동을 말한다. 석유 아스팔트 물질과 이를 공기 변성한 것, 용제◦유화제, 수지 등을 첨가한 것도 포함한다.
<예 시>
·석유 왁스 생산
·석유 아스팔트 물질 제조
·감압식 석유 물질 처리
·잔사유 재정유 처리
·재생용 유류 정제품(재생 윤활유 및 그리스 제외) 제조
·석유 코크스 제조
·가소홀(무연 휘발유 및 에탄올 혼합물) 제조
·석유 젤리, 백유(white spirit, white oil) 제조
·스트레이트 아스팔트, 블론 아스팔트, 컷백 아스팔트, 유화 아스팔트, 개질 아스팔트 제조",95.8,0.0,11.0
2024,241101,제조업,화학 물질 및 화학제품 제조업: 의약품 제외,기초 무기화학 물질 제조업,"수소 제조업, 산소, 질소 및 기타 산업용 가스 제조업","◦수소, 산업용 압축, 액화 또는 냉동 공기, 원소 가스, 혼합 가스 등을 제조하는 산업활동을 말한다.
<예 시>
·질소, 아르곤, 네온 가스 제조
·희소 가스 제조
·크세논(제논) 가스 제조       
·크립톤 가스 제조
·아세틸렌 가스 제조
·드라이아이스 제조         
·단일원소의 산업용 가스
·각 원소의 혼합 가스 제조
·흡입용산소제조
<제 외>
·연료용 가스의 생산(천연 가스, 석유 가스, 석탄 가스 등)은 그 생산방법에 따라 각각 해당산업활동으로 분류
·구입한 산업용 가스 도매업(514919)",89.3,0.0,16.7
2024,241102,제조업,화학 물질 및 화학제품 제조업: 의약품 제외,기초 무기화학 물질 제조업,기타 기초 무기화학 물질 제조업,"◦무기화학 원소, 무기산 및 금속◦비금속 산화물(무기염료용 금속산화물 제외), 알칼리 및 기타 기초 무기 화합물을 제조하는 산업활동을 말한다. 
<예 시>
·아세틸렌블랙 제조
·이산화규소 제조
·이산화황 제조
·붕소 산화물과 붕산 제조
·비금속 황화물 제조
·과산화수소 제조
·수은 제조
·카본블랙 제조
·탄화칼슘 및 탄화물 제조  
·규소 및 염소 제조
·압전기용 석영 제조
·정제한 황 제조
·배소한 황화철광 제조
·비금속 할로겐 화합물 및 황화물 제조
·무수 암모니아 또는 암모니아수 제조  
·알루미늄·마그네슘·스트론튬·바륨 산화물 및 과산화물 제조
·금속산염 또는 과산화금속염 제조
·합성 또는 재생 귀석 또는 반귀석 제조
<제 외>
·산업용 가스 제조(241101)
·무기 안료용 및 금속 산화물 및 관련제품 제조(241109)
·비료 및 질소 화합물 제조(241200~241202)

*방사성원소, 방사성동위원소, 천연우라늄, 우라늄, 플루토늄 및 그 화합물 제조(→232101)
*가성소다 제조(→241105)",90.7,0.0,16.7
2024,241105,제조업,화학 물질 및 화학제품 제조업: 의약품 제외,기초 무기화학 물질 제조업,기타 기초 무기화학 물질 제조업,"◦가성소다
<예 시>
·가성칼륨(수산화칼륨), 수산화나트륨, 전해가성소다 ",92.8,0.0,15.9
2024,241106,제조업,화학 물질 및 화학제품 제조업: 의약품 제외,기초 유기화학 물질 제조업,기타 기초 유기 화학물질 제조업,"◦콜타르 및 기타 광물타르를 고온으로 처리하여 석탄화학계 기초 화학 물질을 제조하거나 알코올 및 기타 기초 유기 화합물을 제조하는 산업활동을 말한다.
<예 시>
·벤젠, 크실렌, 나프탈렌, 페놀 및 톨루엔 제조
·콜타르 분류(分溜) 잔재물(피치) 제조
·솔벤트 나프타 제조
·광물타르 증류 생산물 제조
·아민 관능 화합물 제조
·우레인 및 그 유도체 제조  
·효소 및 기타 효소제품 제조
·질소 관능 화합물 제조       
·알데히드, 퀴논 관능 화합물 제조
·모노카르복시산 및 그 유도체 제조    
·페놀 및 그 유도체 제조
·부탄올, 에탄올, 옥탄올, 메탄올 제조   
·무기산 에스테르 및 그 염과 유도체 제조
·유기 황화합물 및 기타 유기·무기 화합물 제조
·에텔, 과산화알코올, 과산화에텔, 에폭시드아세탈 및 그 유도체 제조
·산소 관능 아미노 화합물(리신과 그 에스테르 및 그 염 제외) 제조
<제 외>
·석유화학계 방향족 화합물(벤젠, 톨루엔 등) 제조(241110)
·톨오일, 수탄 및 폐수탄 제조(241114)
·활성화된 광물성 제품 제조(242907)",91.4,0.0,10.3
2024,241109,제조업,화학 물질 및 화학제품 제조업: 의약품 제외,"무기 안료, 염료, 유연제 및 기타 착색제 제조업",무기 안료용 금속 산화물 및 관련 제품 제조업,"◦무기 안료용으로 주로 사용되는 금속 산화물 및 각종 무기 염기를 제조하는 산업활동을 말한다.
<예 시>
·산화 아연·망가니즈·티타늄 제조
·산화철과 수산화철 제조
·산화 니켈·텅스텐 제조
·색소토 가공품 제조
<제 외>
·알루미늄·마그네슘·스트론튬·바륨 산화물 제조(241102)
·조제 무기안료 제조(241115)",90.7,0.0,16.7
2024,241110,제조업,화학 물질 및 화학제품 제조업: 의약품 제외,기초 유기화학 물질 제조업,석유화학계 기초 화학 물질 제조업,"◦석유 또는 석유 부생가스 중에 함유된 탄화수소를 분해◦분리 또는 기타 화학 처리하여 석유화학계 기초제품과 그 유도체를 생산하는 산업활동을 말한다. 석유화학계 기초제품 제조에 연관된 지방족계 또는 방향족계 유도품 등을 제조하는 경우에도 여기에 포함한다.
<예 시>
·탄화수소 지방족 화합물(에틸렌, 프로필렌, 부타디엔 등) 제조
·탄화수소 방향족 화합물(벤젠, 톨루엔, 자일렌, 스티렌 등) 제조
·탄화수소 할로겐화 유도체 제조
·탄화수소 질산화 유도체 제조
·탄화수소 유황화 유도체 제조
<제 외>
·콜타르 증류 생산품 제조(241106)",91.4,0.0,10.3
2024,241114,제조업,화학 물질 및 화학제품 제조업: 의약품 제외,기초 유기화학 물질 제조업,바이오매스계 기초 화학물질 제조업,"◦천연수지, 나무 및 식물성 피치 등을 증류하여 유연제 엑스를 제외한 증류 물질 및 기타 관련 제품을 제조하는 산업활동을 말한다. 톨유(tall oil), 수탄 및 폐수탄 제품의 생산활동도 포함한다.
<예 시>
·목탄(쉘 또는 너트 모양의 탄 포함) 제조
·목타르, 목타르유, 목크레오소트(creosote), 목나프타, 식물성 피치 제조
·로진·수지산 또는 식물성 피치 조제품 제조
·톨유(tall oil) 제조
·수탄(animal charcoal, 獸炭) 제조
<제 외>
·착화탄 제조(369906)
·활성탄, 활성처리한 광물성 물질 제조(242907)",91.4,0.0,10.3
2024,241115,제조업,화학 물질 및 화학제품 제조업: 의약품 제외,"무기 안료, 염료, 유연제 및 기타 착색제 제조업","염료, 조제 무기 안료, 유연제 및 기타 착색제 제조업","◦동◦식물성 재료를 이용한 염료용◦유연제용 추출물, 유연제로 사용되는 타닌(tannin), 이들을 유기 용제 등으로 추출한 물질, 합성 또는 조제 유연제 및 유연처리 이전에 사용하는 효소계 조제품, 합성 유기 염료, 조제 무기 안료 및 기타 착색제를 제조하는 산업활동을 말한다.
<예 시>
·동물성 착색제 제조
·염료용 동ㆍ식물성 추출물 제조
·섬유 유연제 제조
·피혁 유연제 제조
·스틸벤(stilbene) 염료 제조
·니트로조(nitroso) 및 니트로(nitro)염료 제조   
·퀴논이민(quinonimin) 염료 제조
·모노 및 폴리아조(azo) 염료 제조
<제 외>
·무기 안료 및 금속 산화물 제조(241109)
·요업용 조제 안료 및 조제 유백제 제조(242205)",91.4,0.0,10.3
2024,241200,제조업,화학 물질 및 화학제품 제조업: 의약품 제외,비료 및 질소 화합물 제조업,복합비료 및 기타 화학비료 제조업,"◦화학비료의 3대 요소인 질소, 인, 칼륨 중 두 가지 이상의 성분을 함유한 비료를 직접 생산하거나 서로 다른 무기질 비료 성분을 구입◦배합하여 복합비료를 생산하는 산업활동을 말한다. 그 외 기타 화학비료를 제조하는 산업활동을 포함한다.
<예 시>
·복합비료 제조(무기질)
<제 외>
·유기질 질소비료와 무기질 비료의 혼합비료 제조(241202)",91.4,0.0,15.0
2024,241201,제조업,화학 물질 및 화학제품 제조업: 의약품 제외,비료 및 질소 화합물 제조업,"질소 화합물, 질소ㆍ인산 및 칼리질 화학비료 제조업","◦무기질 질소 비료 및 질소 화합물을 제조하거나 비료용 광물 및 기초 화합물을 화학 처리하여 인산질 또는 칼리질을 함유한 화학비료를 제조하는 산업활동을 말한다.
<예 시>
·질소질 비료 제조(무기질)
·질소 화합물 제조
·인산질 비료 제조
·칼리질 비료 제조  
·질산, 암모니아, 요소, 황산암모늄, 질산칼륨(초석) 제조
<제 외>
·유기질 질소비료 제조(241202)",91.4,0.0,16.7
2024,241202,제조업,화학 물질 및 화학제품 제조업: 의약품 제외,비료 및 질소 화합물 제조업,유기질 비료 및 상토 제조업,"◦천연 동◦식물성 물질을 화학적으로 처리하여 유기질 비료를 제조하거나 유◦무기질 비료의 배합물, 화분용 배합토, 구아노 화학처리, 비료용 광물슬래그 가공품, 상토 등 토질 개량용 토사석 조제품을 제조하는 산업활동을 말한다. 미량 요소 성분을 함유한 광물을 화학처리하거나 성분을 조정◦배합하여 특별히 비료용으로 제조한 경우 및 부산물, 분뇨, 음식물류 폐기물, 토양 미생물 제제, 토양 활성제 등을 이용하여 제조한 비료도 포함한다.
<예 시>
·유기질 비료 제조
·유기 및 무기질 비료 배합물 제조
·부산물 비료 제조
·토질개량용 토사석 조제품 제조
·상토 제조     
·음식 폐기물, 톱밥, 돈분 등을 혼합·발효한 퇴비 제조
·염기성 제강 슬래그 가공품 제조
<제 외>
·농축산물 폐기물 처리장 운영(900101)",91.4,0.0,16.7
2024,241301,제조업,화학 물질 및 화학제품 제조업: 의약품 제외,합성고무 및 플라스틱 물질 제조업,합성고무 제조업,"◦합성고무(라텍스 포함)와 식물성 기름에서 유도되는 팩티스, 천연고무 및 유사 천연검의 혼합물을 제조하는 산업활동을 말한다.
<예 시>
·부타디엔고무(BR) 제조
·클로로프렌고무(CR) 제조     
·아크릴로니트릴-이소프렌 고무 제조
·천연 및 합성고무 혼합물 제조     
·식물성 기름에서 유도된 팩티스 제조
·아이소프렌고무(IR) 제조     
·스티렌-부타디엔 고무(SBR) 제조
·아크릴로니트릴-부타디엔고무 제조",92.8,0.0,12.4
2024,241302,제조업,화학 물질 및 화학제품 제조업: 의약품 제외,합성고무 및 플라스틱 물질 제조업,합성수지 및 기타 플라스틱 물질 제조업,"◦화학적 합성방법에 의하여 액상, 분말, 입상 및 기타 원료 상태의 합성수지(플라스틱 소재 물질)를 제조하거나 1차 형태의 천연 중합체(알긴산 등)◦경화 단백질 및 천연고무의 화학적 유도체인 변성 천연 중합체◦섬유소(셀룰로오스) 및 재생 섬유소와 이들의 화학적 유도체 등 기타 플라스틱 소재 물질을 제조하는 산업활동을 말한다. 합성수지 및 기타 플라스틱 소재 물질을 자체 생산하고, 유리섬유, 탄소섬유, 금속 분말 등의 첨가제 및 각종 강화제 등을 혼합하여 혼성 플라스틱 소재 물질을 연관 공정으로 제조하는 경우도 포함한다.
<예 시>
·에틸렌 중합체 제조
·폴리아미드 제조
·스티렌 중합체 제조     
·아미노수지 제조
·에폭시수지 제조
·폴리우레탄 제조     
·프로필렌 중합체 제조
·초산비닐 중합체 제조
·페놀수지 제조     
·실리콘수지 제조
·폴리에스터수지 제조
·아크릴 중합체 제조
·재생셀룰로오스 제조
·알긴산과 그 염 및 에스테르 제조     
·셀룰로오스 에테르 제조
·변성 천연 중합체 제조
·이온교환수지 제조     
·초산셀룰로오스 제조
·엔지니어링 플라스틱수지 제조",89.6,0.0,7.7
2024,241303,제조업,화학 물질 및 화학제품 제조업: 의약품 제외,합성고무 및 플라스틱 물질 제조업,혼성 및 재생 플라스틱 소재 물질 제조업,"◦구입한 합성수지 등 각종 플라스틱 소재 물질에 유리섬유, 탄소섬유, 금속 분말 등의 강화제 및 각종 첨가제 등을 배합, 혼합, 착색 등으로 가공하여 물리적 특성을 변화시킨 혼성 플라스틱 소재 물질을 생산하거나 재생용 플라스틱 제품 등을 용해하여 액상, 분말, 입상 및 기타 상태의 재생 플라스틱 소재 물질(수지 등)을 생산하는 산업활동을 말한다.
<예 시>
·배합한 혼성 플라스틱 소재 물질(수지 등) 제조
·재생 플라스틱 소재 물질 제조
·섬유 강화 플라스틱 소재 물질 제조
<제 외>
·자체 생산한 합성수지를 이용한 혼성 플라스틱 소재 물질 제조(241302)",89.6,0.0,9.5
2024,242101,제조업,화학 물질 및 화학제품 제조업: 의약품 제외,살균ㆍ살충제 및 농약 제조업,화학 살균ㆍ살충제 및 농업용 약제 제조업,"◦일반 가정용 또는 공중위생용 화학살충제, 방충제, 살균제, 소독제 및 유사 화학제품
<예 시>
·모기향, 바퀴벌레제거제, 에프킬라(방충제), 전자모기향(향), 홈키파(방충제)",85.1,0.0,9.4
2024,242102,제조업,화학 물질 및 화학제품 제조업: 의약품 제외,살균ㆍ살충제 및 농약 제조업,화학 살균ㆍ살충제 및 농업용 약제 제조업,"◦농업용으로 사용되는 화학 살충제, 방충제, 살균제, 소독제 및 유사 화학제품을 제조하는 산업활동을 말한다. 식물 성장 조절용 화학 약제 및 유사 화학제품을 제조하는 산업활동도 포함한다.
<예 시>
·화학 살충제, 살균제, 방충제, 소독제 제조
·화학 성장 촉진제, 생장 조절제, 발아 억제제 제조
·살서제(쥐약) 제조
<제 외>
·생물학적 농약, 미생물 농약, 바이러스 농약 제조(242104)
·가정용 세정 및 광택제, 방취제 및 유사 위생제품 제조(242401~242406)

＊가정용, 공중위생용 화학 살균 및 소독제 제조(→242101)",92.0,0.0,9.4
2024,242103,제조업,화학 물질 및 화학제품 제조업: 의약품 제외,살균ㆍ살충제 및 농약 제조업,생물 살균ㆍ살충제 및 식물보호제 제조업,"◦일반 가정용 또는 공중위생용 천연 살충제, 방충제, 살균제, 소독제 및 유사 제품",85.1,0.0,9.4
2024,242104,제조업,화학 물질 및 화학제품 제조업: 의약품 제외,살균ㆍ살충제 및 농약 제조업,생물 살균ㆍ살충제 및 식물보호제 제조업,"◦생물, 미생물, 식물 또는 천연 유기ㆍ무기 화합물을 유효 성분으로 제조한 농업용 천연 살충제, 방충제, 살균제, 소독제 및 유사 제품을 제조하는 산업활동을 말한다. 식물 성장 조절용 천연 약제 및 유사 제품을 제조하는 산업활동도 포함한다.
<예 시>
·생물학적 살충제, 미생물 또는 바이러스 성분 살균·살충제 및 농약 제조
·식물성 살충·살균제 제조
·생화학성 농약 제조
·천연 식물 보호제 제조
·진균, 세균, 바이러스 또는 원생동물 재료 농약
·천연으로 생성된 유기 또는 무기 화학물 성분 살균, 살충제 및 식물 보호제
<제 외>
·화학적으로 조성된 농약 제조(242102)

＊가정용, 공중위생용 살균 및 소독제 제조(→242103)",92.0,0.0,9.4
2024,242201,제조업,화학 물질 및 화학제품 제조업: 의약품 제외,"잉크, 페인트, 코팅제 및 유사제품 제조업",인쇄 잉크 및 회화용 물감 제조업,"◦농축 액체 또는 고체 형상 여부를 불문하고 인쇄용 잉크를 제조하는 산업활동을 말한다.
<예 시>
·인쇄용 잉크 제조
<제 외>
·필기용,제도용 잉크 제조(242907)      

*회구류 및 유사 물감 제조(→242202)",89.2,0.0,10.4
2024,242202,제조업,화학 물질 및 화학제품 제조업: 의약품 제외,"잉크, 페인트, 코팅제 및 유사제품 제조업",인쇄 잉크 및 회화용 물감 제조업,"◦화가, 학생, 간판 도장공 등이 사용할 수 있도록 정제, 튜브, 병, 접시 등에 포장 또는 주입된 회구류 및 유사 물감을 제조하는 산업활동을 말한다.
<예 시>
·유성회구류
·수성회구류
·간판 도장공용 물감 제조
<제 외>
·크레용 및 파스텔 제조(369902)

*인쇄용 잉크 제조(→242201)",91.4,0.0,9.4
2024,242203,제조업,화학 물질 및 화학제품 제조업: 의약품 제외,"잉크, 페인트, 코팅제 및 유사제품 제조업",일반용 도료 및 관련제품 제조업,◦칠기에 사용하는 옻칠 및 캐슈제조업,92.8,0.0,9.4
2024,242204,제조업,화학 물질 및 화학제품 제조업: 의약품 제외,"잉크, 페인트, 코팅제 및 유사제품 제조업",일반용 도료 및 관련제품 제조업,"◦각종 용도의 도료 및 유사 피막 형성용 조제품, 도료 또는 도장 관련 제품을 제조하거나 페인트 및 에나멜 제조용으로 물이 아닌 매체에 분산한 안료, 도료 및 금속분 등을 종이, 플라스틱 물질, 접착제 등에 지지한 것으로써 요철을 이용한 판금 및 인쇄 등에 사용되는 박(sheet) 등을 제조하는 산업활동을 말한다.
<예 시>
·페인트 및 바니시(varnish) 제조
·에나멜(enamel) 및 래커(lacquer) 제조
·유기 혼합 용제 제조
·디스템퍼 제조     
·도료 용제(솔벤트) 제조
·수지시멘트 제조           
·비내화성 표면처리제 제조
·콕킹 화합물(cauking compound) 제조          
·페인트 및 도료 제거제 제조
·매스틱(mastic) 제조       
·바니시 제거제 제조
<제 외>
·고객 주문에 의한 도료 혼합 소매(523421)

*칠기에 사용하는 옻칠 및 캐슈제조(→242203)",87.0,0.0,10.4
2024,242205,제조업,화학 물질 및 화학제품 제조업: 의약품 제외,"잉크, 페인트, 코팅제 및 유사제품 제조업",요업용 도포제 및 관련제품 제조업,"◦요업용, 법랑용 및 유리 가공용에 사용되는 조제 안료, 조제 유백제, 조제 착색제, 법랑 유약, 유약용 화장토(slip, engobe) 및 이와 유사한 조제품을 제조하는 산업활동을 말한다.
<예 시>
·요업용 물감 제조
·액상 러스터(lustres) 제조       
·유약용 화장토(슬립, 엥고베) 제조
·요업용 프리트(frit) 제조
·요업용 등 도포제 조제에 사용되는 유리 프리트(frit) 또는 분상, 입상 및 플레이크(flake)상의 유리 제조",89.2,0.0,10.4
2024,242301,제조업,의료용 물질 및 의약품 제조업,완제 의약품 제조업,"생물 의약품 제조업, 합성의약품 및 기타 완제 의약품 제조업","◦치과, 내과 및 외과용 등 사람의 각종 질병 치료․진단 및 예방을 위하여 직접 사용하기 적합한 완제품 형태(알약, 캡슐, 시럽, 주사제, 연고, 용액 등)의 의약 제제품을 제조하는 산업활동을 말한다.
<예 시>
·의약 제제품 제조
·알약, 주사제, 연고 제조
<제 외>
·동물용 의약품 제조(242304)
·생물학적 제제 제조(242305)
·조제 한의약제품 제조(242302)     
·혈액형 분류용 및 환자 투여용 진단시약 제조(242309)",85.8,0.0,11.9
2024,242302,제조업,의료용 물질 및 의약품 제조업,한의약품 제조업,한의약품 제조업,"◦한의학적 처방에 의한 특정 질환 예방 및 치료용으로 사용할 수 있도록 의약용 동◦식물성 물질을 배합 및 기타 조제하여 규격화한 한의약 조제품을 제조하는 산업활동을 말한다. 그러나 각종 한의약 재료를 절단, 소형포장 등의 처리는 판매활동의 부수적 활동으로 본다.
<제 외>
·개인 진단 및 처방에 의하여 조제하는 한의원(851212)
·생물학적 제제품 제조(242305)",79.3,0.0,11.9
2024,242303,제조업,의료용 물질 및 의약품 제조업,기초 의약 물질 제조업,기초 의약 물질 제조업,"◦천연 동․식물성 물질 또는 광물성 물질 등에서 비타민과 그 혼합물, 호르몬과 그 유도체, 글리코시드 및 그 유도체, 식물 알칼로이드 및 그들의 염, 에테르, 에스테르와 기타 유도체 등의 의약용 화합물을 추출 또는 합성하는 산업활동과 원료 상태의 항생 의약 물질을 생산하는 산업활동을 말한다.
<예 시>
·의약용 화합물 제조
·스트렙토마이신 제조
·글리코시드 및 그 유도체 제조
·식물성 알칼로이드(니코틴, 아나바딘 등) 및 그 염 제조
·엑티노마이신 제조
·테트라사이크린계 항생 물질 제조
·생약 물질 추출, 가공 또는 합성 조제품 제조
·화학적 처리(가수분해 등)를 통하여 얻은 순수한 당 이성체(갈락토오스, 소르보오스, 크실로오스, 트레할로오스, 리보오스, 아라비노오스, 라피노오스) 제조
<제 외>
·화학적으로 순수한 맥아당, 과당, 포도당 제조(153202)
·생물학적 제제 제조(242305)",85.8,0.0,11.9
2024,242304,제조업,의료용 물질 및 의약품 제조업,동물용 의약품 제조업,동물용 의약품 제조업,"◦동물의 각종 질병 치료◦진단 및 예방을 위하여 직접 사용하기에 적합한 완제품 형태(알약, 캡슐, 시럽, 주사제, 연고, 용액 등)의 약제품을 제조하는 산업활동을 말한다.
<예 시>
·동물용 의약품 제조",85.8,0.0,11.9
2024,242305,제조업,의료용 물질 및 의약품 제조업,"기초 의약 물질 제조업,의료용품 및 기타 의약 관련제품 제조업","기초 의약 물질 제조업, 체외 진단 시약 제조업","◦동물의 분비선과 기관, 분비물의 가공품 및 추출물, 해파린과 그 염 및 기타 의료용 동물성 조제품, 미생물 및 그 배양액으로 만들어지는 박테리아, 바이러스 또는 기타 미생물을 함유한 항혈청, 세균 백신, 독소 및 유사 제품을 제조하거나 동식물 세포 배양액 등으로 만들어지는 생리 활성 물질을 제조하는 산업활동을 말한다. 이러한 제품은 소매용으로 포장되어 있는지 여부를 불문한다.
<예 시>
·미생물 배양체 제조
·면역 혈청과 혈액 분획물 제조
·살균소 및 독소 제조
·동물성 의료용 물질 제조
·동물의 기관, 선 및 분비물 가공품 및 추출물 제조(의약용)
<제 외>
·생물학적 농약 제조(242103,242104)",85.8,0.0,11.9
2024,242309,제조업,의료용 물질 및 의약품 제조업,의료용품 및 기타 의약 관련제품 제조업,"체외 진단 시약 제조업, 그 외 기타 의료용품 및 의약 관련제품 제조업","◦재료를 불문하고 내과용, 외과용, 치과용 및 수의과용 등의 의료적 처치에 사용될 수 있도록 살균, 부패방지 등 특수 처리된 각종 의료용품 및 기타 의약 관련제품 제조활동을 말한다.
<예 시>
·사람 및 동물 혈액형 분류용 시약 제조 
·주사 또는 입으로 투여되는 환자 생체용 진단 시약 제조
·피임성의 화학 조제품 제조
·탈지면, 창상 등 의료용 피복재, 습포제 제조
·치과용 시멘트, 충전제 및 뼈 성형용 시멘트 제조
·살균한 외과용 장선(캣거트) 및 살균한 유사 봉합재(천연섬유, 합성섬유, 금속 재료 등 포함) 제조
·살균한 외과용 또는 치과용 지혈제 및 유착방지제 제조
·엑스선 검사용 조영제 제조
·살균한 라미나리아 제조
·의약품 등을 갖춘 구급상자, 구급대 제조
·붕대
<제 외>
·정형외과용품 제조(331105)
·의사용 의료대(331102)
·목제 구급상자 케이스(202905)
·살균하지 않은 장선(191201)",88.8,0.0,11.9
2024,242401,제조업,화학 물질 및 화학제품 제조업: 의약품 제외,"세제, 화장품 및 광택제 제조업","치약, 비누 및 기타 세제 제조업",◦세탁비누,92.4,0.0,7.9
2024,242402,제조업,화학 물질 및 화학제품 제조업: 의약품 제외,"세제, 화장품 및 광택제 제조업","치약, 비누 및 기타 세제 제조업","◦각종 형태의 지방산 중합 반응을 이용하여 만든 비누, 비누로 사용되는 유기 계면활성제품, 치약, 합성세제가 도포되거나 침적된 종이, 펠트 및 기타 세정용 제품, 유기 계면활성제를 조제하여 액상◦분상 또는 페이스트상의 합성세제 및 세정제를 제조하는 산업활동을 말한다. 원료 상태의 글리세린을 제조하는 산업활동도 포함한다.
<예 시>
·합성 세정제 제조
·글리세린 제조
·글리세린 수 및 비누 폐액으로 만든 글리세린 제조
<제 외>
·샴푸 및 면도용 조제품 제조(242403)

＊세탁비누 제조(→242401)",89.6,0.0,9.1
2024,242403,제조업,화학 물질 및 화학제품 제조업: 의약품 제외,"세제, 화장품 및 광택제 제조업",화장품 제조업,"◦향수 및 화장수, 화장품을 제조하는 산업활동으로서 미용 또는 안면 보호용, 두발용 또는 면도용, 목욕용 조제품과 인체용 탈취제, 탈모제 등을 제조하는 산업활동을 말한다.
<예 시>
·샴푸 제조
·헤어 스프레이 제조
·향낭 제조       
·콘택트렌즈 세정액 제조
·의안용 세정액 제조
·구강 세척제(치약 제외) 제조    
·가향한 목욕용 염 제조
·내발한제 제조
·구강 위생용품 제조
<제 외>
·실내 가향제 제조(242406)
·치약 제조(242402)",84.8,0.0,11.5
2024,242404,제조업,화학 물질 및 화학제품 제조업: 의약품 제외,"세제, 화장품 및 광택제 제조업",계면활성제 제조업,"◦섬유, 종이, 펄프, 화장품 및 세척제, 농약 등의 제조 가공에 사용되는 유기 또는 조제 계면활성제를 제조하는 산업활동을 말한다.
<제 외>
·비누 및 합성세제 제조(242401,242402)",89.6,0.0,11.2
2024,242405,제조업,화학 물질 및 화학제품 제조업: 의약품 제외,"세제, 화장품 및 광택제 제조업",표면 광택제 및 실내 가향제 제조업,"◦가구, 금속, 신발, 마룻바닥, 차량 유리 등의 표면 광택용 인조왁스, 광택제, 조제 연마분 및 페이스트 등을 제조하는 산업활동을 말한다. 이러한 광택제 및 연마용 조제품을 종이, 펠트 및 기타 물질에 도포 또는 피복한 제품을 제조하는 산업활동도 포함한다.
<예 시>
·신발 광택제 및 크림 제조
·마루 광택제 및 크림 제조
·조제 연마페이스트 제조
<제 외>
*실내용 가향 및 방향제 제조(→242406)",89.6,0.0,11.2
2024,242406,제조업,화학 물질 및 화학제품 제조업: 의약품 제외,"세제, 화장품 및 광택제 제조업",표면 광택제 및 실내 가향제 제조업,"◦실내용 가향 및 방향제 등을 제조하는 산업활동을 말한다.
<예 시>
·아가바티(agarbatti, 인도 분향) 및 기타 분향 제조            
·실내용 방향제품(악취 방지용)
·분향(제사용) 제조
<제 외>
*표면광택제 제조(→242405)",85.1,0.0,8.4
2024,242901,제조업,화학 물질 및 화학제품 제조업: 의약품 제외,그 외 기타 화학제품 제조업,접착제 및 젤라틴 제조업,"◦아교, 접착제, 젤라틴, 펩톤 및 기타 펩톤 성분과 이들의 유도체를 제조하는 산업활동을 말한다. 고무 또는 플라스틱 물질을 주성분으로 접착제를 제조하는 산업활동도 포함한다.
<예 시>
·젤라틴 캡슐 제조
·카세인염과 카세인 유도체 제조       
·알부민(난백 제외), 알부민산염 및 그 유도체 제조
<제 외>
·전분제 식용 및 의약용 캡슐 제조(154102)",88.7,0.0,7.8
2024,242902,제조업,"전자 부품, 컴퓨터, 영상, 음향 및 통신장비 제조업",마그네틱 및 광학 매체 제조업,마그네틱 및 광학 매체 제조업,"◦마그네틱 또는 광학에 의한 각종 기록 매체를 제조하는 산업활동을 말한다.
<예 시>
·마그네틱 오디오 및 비디오 테이프(기록되지 않은 것) 제조     
·디스켓(기록되지 않은 것) 제조
·광학 디스크(기록되지 않은 것) 제조       
·CD(기록되지 않은 것) 제조
<제 외>
·스트라이프 또는 칩이 자장된 마그네틱 카드 제조(321015)
·기록된 매체의 복제(223001)
·감광성 사진 인화지 제조(242905)",89.0,0.0,8.6
2024,242903,제조업,화학 물질 및 화학제품 제조업: 의약품 제외,그 외 기타 화학제품 제조업,그 외 기타 분류 안된 화학제품 제조업,"◦윤활처리조제품
◦조제윤활유
 ·기계유(석유성분70%미만), 시계유(조제윤활유), 파이버그리스
◦조제절삭제
◦그리스(조제)",95.3,0.0,8.6
2024,242904,제조업,화학 물질 및 화학제품 제조업: 의약품 제외,그 외 기타 화학제품 제조업,가공 및 정제염 제조업,"◦천일염을 재처리하거나 해수를 이온교환 분리 및 결합 방법 등으로 처리하여 가공염 및 정제염을 제조하는 산업활동을 말한다.
<예 시>
·기계염 제조
·가공염 제조
<제 외>
·식탁용 맛소금 제조(154503), 구운 소금 제조(154509)",89.5,0.0,9.5
2024,242905,제조업,화학 물질 및 화학제품 제조업: 의약품 제외,그 외 기타 화학제품 제조업,감광 재료 및 관련 화학제품 제조업,"◦영상 및 기타 현상 기록용 감광성 판, 필름, 종이, 판지와 사진처리용 화학제품을 제조하는 산업활동을 말한다.
<예 시>
·감광성 사진 인화지 및 판지 제조
·사진처리용 단일 화학 물질 제조
·감광성 사진 플레이트, 사진 필름 및 인스턴트 프린트 필름 제조
·프린터용 토너 및 토너 카트리지",88.7,0.0,9.7
2024,242906,제조업,화학 물질 및 화학제품 제조업: 의약품 제외,그 외 기타 화학제품 제조업,화약 및 불꽃제품 제조업,"◦여러 가지 형태의 추진(발사) 화약, 조제 폭약, 신관, 뇌관, 점화기 및 불꽃제품 등을 생산하는 산업활동을 말한다.
<예 시>
·점화기 제조
·신호용 조명탄 제조
·폭죽 제조
<제 외>
·양초 제조(369906)
·포탄, 폭탄 및 총탄 제조(292700)

＊성냥 제조(→369907)",88.7,0.0,9.7
2024,242907,제조업,화학 물질 및 화학제품 제조업:의약품 제외 의료용 물질 및 의약품 제조업,"의료용품 및 기타 의약 관련제품 제조업 ,그 외 기타 화학제품 제조업","체외 진단 시약 제조업, 그 외 기타 분류 안된 화학제품 제조업","◦향수, 식품, 음료 등의 향료로 사용되는 동◦식물성의 방향유(정유), 동식물성 수지질 재료로 만든 레지노이드, 정유 농축물, 정유의 테르펜계 부산물◦혼합물◦수성 증류액 및 용액 등을 제조하는 산업활동: 필기용 잉크, 용접용 분 또는 페이스트 및 금속 표면처리 용제, 활성탄, 고무 가황 촉진제, 촉매제 및 기타 산업용 화학제품, 안티녹제, 부동액, 실험실용 또는 진단용 시약(혈액형 분류용 또는 환자 투여용 제외) 등을 제조하는 산업활동을 포함한다.
<예 시>
·정유 혼합물 제조
·정유 수성 증류액 및 용액 제조
·합성 향료 혼합물 제조
·정유 테르펜계 화합물 제조
·활성탄 제조
·산, 알칼리 처리 등으로 활성화된 광물성 물질(활성 규조토 등) 제조
·소화기용 조제품 제조
·전자공업용 화학 원소 및 화합물 제조
·도금용 조제품 제조
·조제 유기 과산화물 제조    
·고무, 플라스틱용 복합 가소제 제조
·조형용 페이스트(반죽) 제조
·각종 첨가제가 포함된 치과용 플라스터 조형 조제품 제조
·고무, 플라스틱용 산화방지 조제품
·산화 억제제, 검화 억제제
·염색 촉진 및 고착용 염색 캐리어, 드레싱 및 매염제 제조
·부동액 등 동결 방지제
·LCD용 액정액 제조  
·이화학 시험관용 진단 시약           
·의학용ㆍ수의학용ㆍ과학용ㆍ산업 실험용 조제 및 분석 시약
·이화학용 시약이 함침 또는 도포된 종이ㆍ플라스틱 및 기타 물질 제조
·이화학용 시약 관련 조립용품 묶음(키트)
·환자에 투여되지 않는 혈액ㆍ소변 검사용 시약
·필기용, 제도용 잉크 제조
<제 외>
·혈액형 분류용 또는 환자 투여용 진단 시약 제조(242309)
·석유 및 역청유를 주성분으로 한 윤활유 및 그리스의 재생품 제조(232200)
·인쇄 잉크 제조(242201)
·미생물용 조제 배양제 제조(242305)

*윤활처리조제품, 조제절삭제, 그리스(조제)  제조(→242903)",88.7,0.0,5.5
2024,242908,제조업,화학 물질 및 화학제품 제조업: 의약품 제외,그 외 기타 화학제품 제조업,바이오 연료 및 혼합물 제조업,"◦동◦식물성 유지, 식물, 해조류, 축산 폐기물 등을 재료로 추출 및 발효 등의 공정을 거쳐 연료용, 발전용 등에 사용하는 바이오 디젤, 바이오 에탄올, 바이오 가스 등을 생산하는 산업활동을 말한다. 바이오 연료와 석유 및 역청유 혼합물(중량 기준으로 석유 및 역청유 함유량이 70% 미만)을 제조하는 산업활동을 포함한다.",95.3,0.0,8.6
2024,243000,제조업,화학 물질 및 화학제품 제조업: 의약품 제외,화학섬유 제조업,합성섬유 제조업,"◦석탄 혹은 석유 증류물 등을 원료로 유기 단량체(모노머)를 중합하고 필라멘트사, 스트립, 토우 및 스테이플 상태의 합성섬유를 제조하는 산업활동을 말한다.
<예 시>
·나일론 및 비닐론 제조
·아라미드 합성섬유 제조
·폴리염화비닐리덴 섬유 제조
·폴리염화비닐 섬유 제조
·폴리에스터 섬유 제조
·폴리에틸렌 섬유 제조
·아크릴 섬유 제조
·폴리프로필렌 섬유 제조",90.6,0.0,12.1
2024,243001,제조업,화학 물질 및 화학제품 제조업: 의약품 제외,화학섬유 제조업,재생 섬유 제조업,"◦섬유소, 카제인, 단백질 및 해조류 등과 같은 천연 유기 폴리머(중합체)를 화학적으로 재생 또는 반합성하여 유기 폴리머섬유를 제조하는 산업활동을 말한다.
<예 시>
·레이온 섬유 제조
·초산 셀룰로오스 섬유 제조
·아세테이트 섬유 제조
·알기네이트 섬유 제조
<제 외>
·구입한 화학섬유를 방적하여 화학섬유사를 제조하는 경우(171101,171106~171108)",90.6,0.0,12.1
2024,251101,제조업,고무 및 플라스틱제품 제조업,고무 타이어 및 튜브 생산업,고무 타이어 및 튜브 제조업,"◦각종 차량, 항공기, 자전거, 이륜 자동차 등에 사용되는 타이어, 튜브 및 재생용 부분품을 생산하는 산업활동을 말한다.
<예 시>
·이너 튜브 제조
·고무제 공기 타이어(신품) 제조
·고무제 솔리드 타이어 제조
·고무 타이어 재생용 캐멀백(camel back) 스트립 제조
·타이어 트레드 고무 제조",90.2,0.0,9.2
2024,251102,제조업,고무 및 플라스틱제품 제조업,고무 타이어 및 튜브 생산업,고무 타이어 및 튜브 제조업,◦중고 타이어를 재생하는 산업활동을 말한다.,94.2,0.0,10.0
2024,251901,제조업,고무 및 플라스틱제품 제조업,기타 고무제품 제조업,산업용 그 외 비경화 고무제품 제조업,"◦비경화 고무 배합물◦용액 및 분산액, 1차 형태 및 기타 형태의 산업용 비경화 고무제품을 제조하는 산업활동을 말한다. 이러한 제품은 가황하거나 방직용 섬유물질, 철심 등으로 보강한 것을 포함한다.
<예 시>
·배합고무 라텍스 제조
·고무봉·관·호스 제조
·기계용 비경화 고무제품 제조
·전동용 벨트 제조(고무 피복)
·고무를 피복한 방직용 섬유 직물(고무가 주재료인 경우) 제조
·고무를 주재료로 만든 접착 테이프 제조
<제 외>
·고무사 세폭직물 직조(172901)
·타이어코드 직물 제조(172904)
·재생 타이어용 캐멀백 스트립 제조(251101)
·위생용 비경화 고무제품 제조(251904)
·경화 고무제품 제조(251902)",92.0,0.0,8.4
2024,251902,제조업,고무 및 플라스틱제품 제조업,기타 고무제품 제조업,그 외 기타 고무제품 제조업,"◦각종 형태의 경화 고무제품 및 발포 성형 고무제품을 제조하거나 구입한 1차 형태의 비경화 고무제품을 절단◦접합◦표면 가공하여 각종 고무제품을 제조하는 산업활동을 말한다.
<예 시>
·지우개 제조
·고무 밴드 제조
·고무 스펀지 제조       
·비경화 고무 가공품 제조
·쿠션 및 베개 제조
·바닥깔개와 매트 제조       
·고무제 자석 제조
<제 외>
·고무 재생제품 제조용 가공 이차원료 생산(372000)
·고무자석 원료인 고무제품 제조(251901)",89.0,0.0,9.9
2024,251903,제조업,고무 및 플라스틱제품 제조업,기타 고무제품 제조업,고무 패킹류 제조업,"◦관 이음매 또는 틈새 따위에 물이나 공기가 새지 않도록 끼워 넣는 고무제 개스킷, 마개, 와셔, 실(seal, 봉함재) 등 밀봉용 고무제품을 제조하는 산업활동을 말한다. 이러한 제품은 가황하거나 방직용 섬유물질, 철심 등으로 보강한 것을 포함한다.
<예 시>
·고무 패킹 제조
·고무 디스크(disc), 링(ring) 및 와셔(washer) 제조",92.0,0.0,8.1
2024,251904,제조업,고무 및 플라스틱제품 제조업,기타 고무제품 제조업,고무 의류 및 기타 위생용 비경화 고무제품 제조업,"◦비경화 가황 고무를 압출◦성형◦접합하여 의복, 의복 액세서리 및 기타 위생용 고무제품을 제조하는 산업활동을 말한다.
<예 시>
·고무 장갑 및 모자 제조
·방사선 방호복 제조
·잠수복 제조
·고무 젖꼭지 제조
·의류 및 의류 부속품 제조
·콘돔 및 피임용품 제조
·위생용품 및 의료용품 제조
<제 외>
·고무 신발 제조(192004)",89.0,0.0,12.2
2024,252101,제조업,고무 및 플라스틱제품 제조업,1차 플라스틱제품 제조업,"플라스틱 선, 봉, 관 및 호스 제조업","◦원료 상태의 플라스틱 물질을 비발포 성형하여 선, 봉, 관 및 관 연결구류, 튜브, 호스, 벨트 및 유사제품을 제조하는 산업활동을 말한다.
<예 시>
·플라스틱 선, 로드, 스틱, 프로파일, 튜브, 파이프, 호스 및 그 부착물 제조(플라스틱 비발포제)
·플라스틱 물질을 적층 가공한 선, 봉, 관 및 호스 제조
·기타일반 성형 제1차 플라스틱제품",89.2,0.0,11.6
2024,252102,제조업,고무 및 플라스틱제품 제조업,1차 플라스틱제품 제조업,플라스틱 필름 제조업,◦폴리에틸렌필름의 농협 납품분에 한함,94.2,0.0,11.1
2024,252103,제조업,고무 및 플라스틱제품 제조업,1차 플라스틱제품 제조업,플라스틱 합성피혁 제조업,"◦섬유 물질 등의 지지물에 플라스틱 물질을 피복 성형하여 플라스틱 합성피혁을 제조하는 산업활동을 말한다.
<제 외>
·섬유물질을 주재료로 하고 플라스틱 물질을 도포하는 경우(172905)",92.8,0.0,8.0
2024,252105,제조업,고무 및 플라스틱제품 제조업,1차 플라스틱제품 제조업,플라스틱 필름 제조업,"◦원료 상태의 플라스틱 물질을 비발포 성형하여 두께 0.25mm 미만의 연질성, 경질성 플라스틱 필름, 스트립, 포일, 랩 등을 제조하는 산업활동을 말한다.
<예 시>
·폴리에틸렌 필름(PE) 제조
·폴리프로필렌 필름(PP) 제조
·폴리염화비닐 필름(PVC) 제조
·폴리에스터 필름(PET) 제조
<제 외>
·벽, 바닥 피복용 플라스틱제품 제조(252303)
·플라스틱 합성피혁 제조(252103)
·구입한 플라스틱 필름을 재료로 접착 플라스틱 테이프 및 필름 등 제조(252403)

*폴리에틸렌필름의 농협 납품분(→252102)",92.8,0.0,7.8
2024,252106,제조업,고무 및 플라스틱제품 제조업,1차 플라스틱제품 제조업,플라스틱 시트 및 판 제조업,"◦원료 상태의 플라스틱 물질을 비발포 성형하여 스트립, 시트, 판상의 플라스틱제품을 제조하는 산업활동을 말한다.
<예 시>
·플라스틱 시트(0.25mm 이상 연질성 제품) 제조
·플라스틱 판(0.25mm 이상 경질성 제품) 제조

<제 외>
·벽, 바닥 피복용 플라스틱제품 제조(252303)
·플라스틱 합성피혁 제조(252103)
·구입한 시트 및 판 등을 재료로 만든 접착 플라스틱 제품 등 제조(252403)",92.8,0.0,11.1
2024,252200,제조업,고무 및 플라스틱제품 제조업,플라스틱 발포 성형제품 제조업,폴리스티렌 발포 성형제품 제조업,"◦원료 상태의 폴리스티렌 수지에 탄화수소 가스 등을 주입시킨 후 이를 증기로 부풀린 발포 성형제품을 제조하는 산업활동을 말한다. 폴리스티렌 발포 성형제품은 내수성ㆍ단열성ㆍ방음성ㆍ완충성 등이 우수하여 컵, 그릇, 접시, 포장 용기, 운송용 포장재, 건축재료, 농수산물 상자 등에 널리 사용된다. 발포 원단을 구입하여 성형제품을 제조하는 경우도 포함한다.
<예 시>
·스티로폼 제조
·정형 스티로폼 제품 제조
·EPS(expanded polystyrene) 성형제품 제조
·EPS제 아이스박스ㆍ부표 제조
<제 외>
·플라스틱 합성피혁 제조(252103)
·벽 및 바닥 피복용 플라스틱 제품 제조(252303)
·우레탄 발포 성형제품(우레탄폼) 제조(252201)",93.3,0.0,8.6
2024,252201,제조업,고무 및 플라스틱제품 제조업,플라스틱 발포 성형제품 제조업,기타 플라스틱 발포 성형제품 제조업,"◦원료 상태의 폴리우레탄, 폴리프로필렌 등 플라스틱 물질(폴리스티렌 제외)을 발포 성형하여 판, 관, 용기 등 각종 용도의 발포 성형제품을 제조하는 산업활동을 말한다. 건축용, 포장용, 기계◦장비 조립용 등 각종 용도의 발포 성형제품 제조를 포함하며, 발포 원단을 구입하여 성형제품을 제조하는 경우도 포함한다.
<예 시>
·우레탄 스펀지 제조
·우레탄 발포 성형제품 제조
·발포 성형한 플라스틱제의 판, 시트 및 스트립 제조(폴리스티렌 발포제품 제외)
<제 외>
·스티로폼 제조
·정형 스티로폼 제품 제조
·플라스틱 합성피혁 제조(252103)
·벽 및 바닥 피복용 플라스틱 제품 제조(252303)",93.3,0.0,10.6
2024,252301,제조업,고무 및 플라스틱제품 제조업,건축용 플라스틱제품 제조업,설치용 및 위생용 플라스틱제품 제조업,"◦플라스틱 물질을 성형하여 설치용 또는 저장용의 목욕통, 배관 조직, 탱크 및 유사용기 등을 성형 제조하는 산업활동을 말한다. 변기용 시트 및 커버 등 배관 조직에 결합되는 위생용 플라스틱 제품을 제조하는 경우도 포함한다. 가정용 일반 플라스틱 용품, 포장용 또는 운반용 플라스틱 용기를 제조하는 산업활동은 제외된다.
<예 시>
·세면기, 화장실용 팬, 분뇨 정화조 제조
·설치용, 저장용 플라스틱 탱크 및 유사 용기 제조
<제 외>
·1차형 플라스틱제품을 절단·가공 및 조립하여 창틀, 문 제조(252400)
·플라스틱 선, 봉, 관 및 관 연결구류, 튜브, 호스, 벨트 등 1차 플라스틱 제품 제조(252101)",90.7,0.0,8.6
2024,252303,제조업,고무 및 플라스틱제품 제조업,건축용 플라스틱제품 제조업,벽 및 바닥 피복용 플라스틱 제품 제조업,"◦원료 상태의 플라스틱 물질을 비발포 성형하여 롤상 또는 타일상 등의 벽, 천정 및 바닥 피복용 제품(접착성을 가진 제품 포함)을 제조하는 산업활동을 말한다.
<예 시>
·비닐 벽지 제조
·플라스틱제 타일 제조                
·플라스틱제 벽돌 제조
·바닥 피복용 플라스틱 제품 제조       
·플라스틱제 바닥깔개",90.7,0.0,10.7
2024,252400,제조업,고무 및 플라스틱제품 제조업,건축용 플라스틱제품 제조업,플라스틱 창호 제조업,"◦1차 형태의 플라스틱 제품을 절단, 접합, 조립 및 기타 방법으로 가공하여 플라스틱 물질이 주된 재료가 되는 플라스틱 문, 창문, 문틀 등을 제조하는 산업활동을 말한다.
<예 시>
·창문 및 문틀 제조
<제 외>
·새시바(sash bar) 등 1차 형태의 건축용 플라스틱 제품 제조(252101)",92.6,0.0,8.8
2024,252401,제조업,고무 및 플라스틱제품 제조업,건축용 플라스틱제품 제조업,기타 건축용 플라스틱 조립제품 제조업,"◦1차 형태의 플라스틱 제품을 성형, 절단, 접합, 조립 등의 방법으로 가공하여 플라스틱이 주된 재료가 되는 기타 건축용 조립 구조재를 제조하는 산업활동을 말한다.
<예 시>
·플라스틱제 건축 구조재 제조
<제 외>
·새시바 등 1차 형태의 건축용 플라스틱제품 제조(252101)
·플라스틱 창호 제조(252400)",92.6,0.0,9.8
2024,252402,제조업,고무 및 플라스틱제품 제조업,포장용 플라스틱제품 제조업,"플라스틱 포대, 봉투 및 유사제품 제조업","◦플라스틱 필름, 시트, 판 등을 절단◦접합하여 상품 포장 또는 운반용 포대, 봉투 및 기타 유사 용기를 제조하는 산업활동을 말한다.
<예 시>
·플라스틱 포대 제조
·플라스틱 봉투 제조
<제 외>
·재봉방법에 의한 플라스틱 포대 제조(172107)",92.6,0.0,12.7
2024,252403,제조업,고무 및 플라스틱제품 제조업,기타 플라스틱 제품 제조업,플라스틱 접착처리 제품 제조업,"◦플라스틱 제품 표면에 접착 물질을 처리한 판, 시트, 필름, 박, 테이프 또는 스트립과 기타 평면 및 롤 형태의 제품을 제조하는 산업활동을 말한다.
<예 시>
·접착용 비닐테이프 제조
<제 외>
·플라스틱제 합성피혁 제조(252103)
·감광 또는 자기 물질을 처리하여 음성, 영상 및 기타 현상 기록용 매체 제조(242902)
·접착성 있는 플라스틱제 바닥깔개, 벽 및 천장 피복재 제조(252303)
·플라스틱 필름을 제조하고 연관공정으로 접착 처리한 제품 제조(252105)",92.6,0.0,9.8
2024,252404,제조업,고무 및 플라스틱제품 제조업,기타 플라스틱 제품 제조업,"플라스틱 적층, 도포 및 기타 표면처리 제품 제조업","◦판상의 플라스틱 제품 표면에 금속 물질 및 기타 물질을 도포, 도장◦피복 등을 하여 특수용 플라스틱 표면 가공품을 제조하는 산업활동을 말한다.
<예 시>
·금속 도포 플라스틱 필름 제조
·표면 도포 플라스틱 시트 및 판재 생산
<제 외>
·플라스틱제 합성피혁 제조(252103)
·감광 또는 자기 물질을 처리하여 음성, 영상 및 기타 현상 기록용 매체 제조(242902)
·플라스틱 접착처리 제품 제조(252403)",92.6,0.0,9.8
2024,252901,제조업,고무 및 플라스틱제품 제조업,포장용 플라스틱제품 제조업,포장용 플라스틱 성형용기 제조업,"◦플라스틱 물질을 성형하여 병, 통, 상자 등의 플라스틱 포장용 또는 운반용의 용기, 마개 및 관련제품을 제조하는 산업활동을 말한다.
<예 시>
·플라스틱제 운반 및 포장용기 제조
·플라스틱제 용기 뚜껑, 마개 제조
<제 외>
·발포 플라스틱용기 제조(252201)
·설치용 및 위생용 플라스틱 용기 제조(252301)
·필름상의 1차 플라스틱제품을 절단, 접합 가공하여 포대, 봉투 및 유사 용기제조(252402)",92.3,0.0,9.8
2024,252902,제조업,고무 및 플라스틱제품 제조업,기타 플라스틱 제품 제조업,그 외 기타 플라스틱 제품 제조업,"◦가정용 플라스틱 일반성형 제품
<예 시>
·식탁 및 주방용품, 위생 및 화장용품, 장식용품 등 플라스틱 성형제품
·플라스틱제도마, 플라스틱제식기, 수저통(플라스틱제), 쓰레기통(플라스틱제), 돼지저금통(플라스틱제)",92.7,0.0,9.9
2024,252903,제조업,고무 및 플라스틱제품 제조업,기계장비 조립용 플라스틱제품 제조업,운송장비 조립용 플라스틱제품 제조업,"◦플라스틱 물질을 성형하여 자동차 및 각종 운송장비 제품의 조립용 구성품 및 내장품을 제조하는 산업활동을 말한다.
<예 시>
·운송장비 조립용 부분품 제조
·사출 성형품을 추가 가공 및 조립하여 운송장비 조립용 구성품 및 부품을 제조하고, 달리 분류되지 않은 경우에는 그 운송장비 제조업으로 분류
<제 외>
·운송장비 이외의 기계 및 장비류 조립용 플라스틱제품 제조(252904)",92.3,0.0,8.4
2024,252904,제조업,고무 및 플라스틱제품 제조업,기계장비 조립용 플라스틱제품 제조업,기타 기계ㆍ장비 조립용 플라스틱제품 제조업,"◦플라스틱 물질을 성형하여 운송장비 조립용 이외의 각종 기계 및 장비 또는 기타 제품의 조립용 구성품 및 내장품을 제조하는 산업활동을 말한다.
<예 시>
·기타 기계장비(운송장비 제외) 조립용 플라스틱 부분품 제조
·공업용 플라스틱제품 제조
·전기 애자 및 절연용 물품(제품 전체 부분이 플라스틱제인 경우) 제조
·플라스틱제 램프와 조명기구, 조명용 네임 플레이트 및 이와 유사한 제품의 부분품 제조
·사출 성형품을 추가 가공 및 조립하여 특정 기계·장비 조립용 구성품 및 부품을 제조하고, 달리 분류되지 않은 경우에는 그 기계·장비 제조업으로 분류
<제 외>
·건축용 플라스틱 제품 성형 제조(252301,252303,252400,252401)
·발포 플라스틱 제품 제조(252200, 252201)
·플라스틱 가구 제조(361003)",92.3,0.0,10.3
2024,252909,제조업,고무 및 플라스틱제품 제조업,기타 플라스틱 제품 제조업,그 외 기타 플라스틱 제품 제조업,"◦플라스틱 모자, 플라스틱 의복 및 기타 플라스틱 성형제품, 구입한 1차 플라스틱제품을 절단◦접합 및 기타 가공하여 기타 플라스틱 가공품을 제조하는 산업활동을 말한다.
<예 시>
·플라스틱 인조 잔디 제조
·플라스틱 헬멧 및 안전모 제조
·플라스틱 성형 의복 제조
·플라스틱제 사무 및 학용품 제조
·플라스틱제 자석 제조
<제 외>
·포장용 또는 운반용 플라스틱 성형 용기 제조(252901)
·플라스틱 절연재료 제조(252904)
·플라스틱 물질 원료를 착색, 혼합, 배합한 가공 원료 및 재생 원료(수지) 생산(241303)
·덮개를 씌우지 않은 셀룰러 플라스틱 매트리스 제조(361005)
·재생 플라스틱제품 제조용 이차 원료 생산(372000)
·플라스틱 물질과 산화물을 혼합해서 자석 제조용 플라스틱 시트를 제조하는 경우(252106)

*가정용 플라스틱 일반성형 제품(→252902)",93.1,0.0,8.9
2024,261001,제조업,비금속 광물제품 제조업,판유리 및 판유리 가공품 제조업,판유리 제조업,"◦판유리를 제조하는 산업활동을 말한다.
<예 시>
·플로트 판유리 제조
·표면 연마 판유리 제조
·망입 판유리 제조",86.4,0.0,11.3
2024,261002,제조업,비금속 광물제품 제조업,기타 유리제품 제조업,가정용 유리제품 제조업,"◦식탁 및 주방용 유리제품, 화장실용 또는 문구용 유리제품 등을 성형 제조하는 산업활동을 말한다.
<예 시>
·식탁용 유리제품 성형 제조
·문구용 유리제품 성형 제조
·화장실용 유리제품 성형 제조
·생활용 유리제품 성형 제조
<제 외>
·판유리를 가공한 가정용 유리제품 제조(261005)",89.5,0.0,9.9
2024,261004,제조업,비금속 광물제품 제조업,판유리 및 판유리 가공품 제조업,안전유리 제조업,"◦구입한 판유리를 가공하여 차량 등 운송장비용, 건축용 등에 사용하는 각종 강화유리와 접합유리를 제조하는 산업활동을 말한다.
<예 시>
·열 강화유리, 화학 강화유리 제조
·합판 유리, 샌드위치 유리 제조
<제 외>
·복층 절연유리 제조(261005)
·거울유리 제조(261005)
·디스플레이 장치용 및 태양전지용 기판유리 제조(261007)",89.5,0.0,10.9
2024,261005,제조업,비금속 광물제품 제조업,판유리 및 판유리 가공품 제조업,기타 판유리 가공품 제조업,"◦구입한 판유리를 용해하지 않고 절단◦조립◦가열 및 냉각◦변형◦식각, 적층 및 복층◦표면처리◦착색 및 표면 장식 등에 의하여 거울용 및 차량용 유리제품, 상자 및 케이스, 복층 및 적층유리, 곡상 유리제품 등 판유리 가공품을 제조하는 산업활동을 말한다. 판유리로 가공한 가정용 유리제품도 포함한다.
<예 시>
·자동차 백미러(뒷거울) 제조
·복층 절연유리 제조
·거울 유리 제조
·착색 유리, 코팅 유리, 곡유리 제조
<제 외>
·포장용 유리병 및 앰플 제조(261009)
·구입한 판유리로 목걸이, 팔찌 등의 모조 장신품 제조(369501)",89.5,0.0,10.9
2024,261006,제조업,비금속 광물제품 제조업,산업용 유리 제조업,"1차 유리제품, 유리섬유 및 광학용 유리 제조업","◦구, 봉, 관, 슬래브, 괴 등 각종 형태의 1차 유리제품, 압출, 사출 및 기타 성형하여 제조한 유리섬유, 유리사(실) 및 솜, 직조하지 않은 부직포형 유리섬유제 보일, 웨브, 매트 등과 각종 광학기구 제조에 사용되는 미연마 유리를 제조하는 산업활동을 말한다.
<예 시>
·연마하지 않은 안경유리 제조
·유리섬유 슬라이버(sliver), 로빙(roving), 실(사), 솜 제조
·유리섬유 보일(voiles), 웨브(webs), 매트, 매트리스, 보드 등 직조하지 않은 부직포형 제품 제조
<제 외>
·연마 가공한 광학용 유리제품 제조(332003,332004)
·유리섬유 직물(171116) 및 그 직물제품 제조(해당 산업활동으로 분류)",89.5,0.0,10.9
2024,261007,제조업,비금속 광물제품 제조업,산업용 유리 제조업,디스플레이 장치용 유리 제조업,"◦무알칼리 유리 또는 소다석회 유리 등을 소재로 연마, 코팅 등 표면 가공하여 각종 디스플레이 장치(LCD, OLED, PDP 등) 소재로 사용되는 기판 유리를 제조하는 산업활동을 말한다. 저철분 유리 소재로 가공한 태양전지용 기판 유리도 포함한다.
<예 시>
·LCD용 무알칼리 기판 유리 제조
·PDP용 소다석회 기판 유리 제조
·OLED용 무알칼리 기판 유리 제조
·태양전지용 저철분 기판 유리 제조
·ITO용 기판 유리 제조
<제 외>
·차량용, 건축용 플로트 판유리 제조(261001)
·화학 강화유리 제조(261004)",89.5,0.0,10.9
2024,261008,제조업,비금속 광물제품 제조업,산업용 유리 제조업,기타 산업용 유리제품 제조업,"◦압출, 사출 및 기타 성형하여 전구용 유리관 및 구, 유리 애자 및 절연 부착물, 조명기구용 유리제품, 이화학◦위생 및 약제용 유리제품, 벽돌 및 타일, 슬래브 등의 건축용 유리제품, 시계유리, 신호등, 보온병 속의 유리제품 등 기타 산업용 성형 유리제품을 제조하는 산업활동을 말한다.
<예 시>
·유리제 전자기기용, 전구 등 조명기기용 외피, 밸브와 튜브 제조
·전부가 유리로 된 애자, 전기 절연체 성형 제조
·진공 플라스크 또는 기타의 진공 용기에 사용되는 유리제의 내장품 제조
·건축용 블록(block), 패널(panel), 플레이트(plate), 쉘(shell) 또는 다공성 유리 제조
·건축용 다공질 유리 및 관련 제품 제조
·증류 및 배양 플라스크, 눈금 있는 항아리, 증발 접시 제조
·시계용 유리 제조
<제 외>
·일반 운반용 플라스크, 항아리 제조(261009)
·광학유리 생지 제조(261006)
·구입한 광학유리 생지 가공활동(332003,332004)       
·포장 또는 운반용 유리 용기 제조(261009)
·직접 사용될 수 있도록 조립된 애자 및 전기 절연체 제조(319004)",89.5,0.0,10.9
2024,261009,제조업,비금속 광물제품 제조업,기타 유리제품 제조업,포장용 유리용기 제조업,"◦압출, 사출, 접착 및 기타 방법으로 성형하여 음◦식료품, 화장품, 화공 약품 및 기타 상품의 포장 또는 운반용에 사용되는 유리용기 및 관련제품을 제조하는 산업활동을 말한다.
<예 시>
·유리 앰플 제조
·유리병 및 유리제 마개류 제조
<제 외>
·가정용 유리용기 및 관련제품 제조(261002)
·판유리를 가공하여 포장용 유리상자 및 케이스 제조(261005)",89.5,0.0,10.9
2024,261011,제조업,비금속 광물제품 제조업,기타 유리제품 제조업,그 외 기타 유리제품 제조업,"◦광학 유리 및 판유리, 구, 봉, 관, 슬래브, 괴 등 각종 형태의 1차 유리제품을 제외한 유리제의 모조 진주, 모조 귀석, 유사 장식용 유리제품 등 기타 유리제품을 제조하는 산업활동을 말한다.
<예 시>
·유리제 비드(bead) 제조
·유리제 소상(모조 신변 장신품 제외) 제조
·유리제 안구(인형용, 로봇용 등) 제조
·프로파일상 유리 제조
<제 외>
·보정용 인조 안구(眼球) 제조(331105)        
·기계장치로 움직이는 완구용 유리 안구(369402)
·건설용 유리제품 제조(261008)           
·광학유리 생지, 유리섬유 및 유리사 제조(261006)
·요업용 등 도포제 조제에 사용되는 유리 프리트(frit) 또는 분상, 입상 및 플레이크(flake)상 유리 제조(242205)",89.5,0.0,10.9
2024,269100,제조업,비금속 광물제품 제조업,비내화 일반 도자기 제조업,가정용 및 장식용 도자기 제조업,"◦주방용, 식탁용 및 장식용 도기, 자기 및 토기를 제조하는 산업활동을 말한다. 도자기를 장식 처리하는 활동도 포함한다.
<예 시>
·가정용 토기제품 제조
·도자기제 조상 제조
·도자기 화병 제조
·장식용 도자기제품 제조
<제 외>
·위생용 도자기제품 제조(269101)
·도관 및 건축용 도자기제품 제조(269300~269302)",88.6,0.0,10.8
2024,269101,제조업,비금속 광물제품 제조업,비내화 일반 도자기 제조업,위생용 및 산업용 도자기 제조업,"◦상◦하수도 조직과 통상적으로 연결되어 건물 내에 고정 설치되는 세면대, 변기, 개수대 등 각종 위생용품을 제조하는 산업활동과 이화학용, 전기 기기용 및 기타 산업용 도기제품을 제조하는 산업활동을 말한다.
<예 시>
·개수대(싱크대) 제조
·위생용기(세면대, 변기 등) 제조
·목욕통 제조
·전기용 도자기제품 제조
·전자기용 세라믹제품 제조
·전기 애자 및 절연제품 제조
·세라믹 및 페라이트제 자석 제조
<제 외>
·상·하수도 조직과 직접 연결되는 도관, 배관 연결구류 제조(269302)",88.6,0.0,11.1
2024,269102,제조업,비금속 광물제품 제조업,비내화 일반 도자기 제조업,기타 일반 도자기 제조업,"◦일반용의 상자 및 케이스, 램프 갓 및 램프 부품, 문 손잡이 등의 기타 일반 도자기제품을 제조하는 활동과 도기 제조용 조제 원료를 생산하는 활동을 말한다.
<예 시>
·상자 및 케이스 제조
·잉크 스탠드 제조
·도자기 제조용 조제 원료 제조
·램프 갓 및 램프 부품 제조
<제 외>
·요업용 유약 제조(242205)",88.6,0.0,4.5
2024,269200,제조업,비금속 광물제품 제조업,내화 요업제품 제조업,정형 내화 요업제품 제조업,"◦각종 내화용 원료로 건축용 또는 구조물용의 단열 및 내화용 정형제품을 제조하는 산업활동을 말한다.
<예 시>
·내화 벽돌 및 타일 제조
·구조용 내화 요업제품 제조
·건설용 내화 요업제품 제조
·건축용 내화 요업제품 제조
·레토르트 제조
·도가니 제조       
·반응 그릇 제조
·머플 제조
·노즐 제조       
·플럭 제조
·튜브와 파이프 제조
<제 외>
·내화 모르타르제품 제조(269201)",91.9,0.0,17.4
2024,269201,제조업,비금속 광물제품 제조업,내화 요업제품 제조업,부정형 내화 요업제품 제조업,"◦각종 부정형 내화물 및 내화용 조제 배합원료를 제조하는 산업활동을 말하며, 소성처리 여부는 불문한다.
<예 시>
·내화물용 조제 배합원료 제조
·알루미나 제조(보오크사이트 원광 이외 물질 사용)
·내화 시멘트, 내화 모르타르, 내화 콘크리트 및 기타 내화용 혼합물 제조
·내화용 조제 배합원료 제조(알루미나, 실리카 또는 이들의 혼합물 중량이 50% 이상인 것)
·샤모트 제조
·다이나스어드(Dinas earth) 제조",91.9,0.0,17.4
2024,269300,제조업,비금속 광물제품 제조업,건축용 비내화 요업제품 제조업,타일 및 유사 비내화 요업제품 제조업,"◦흙을 구워서 벽, 벽난로 또는 도로포장용 등에 사용되는 타일, 판석 및 유사 비내화 요업제품을 제조하는 산업활동을 말한다.
<예 시>
·벽 타일 제조
·포장용 타일 제조     
·모자이크 타일 제조
·포석 제조
<제 외>
·도로 포장용 콘크리트 블록 및 벽돌 제조(269504)",91.5,0.0,11.4
2024,269301,제조업,비금속 광물제품 제조업,건축용 비내화 요업제품 제조업,"점토 벽돌, 블록 및 유사 비내화 요업제품 제조업","◦점토를 성형하고 구워서 건물 및 구조물 축조, 바닥 포장 등에 사용되는 벽돌, 블록, 기와 등 비내화 요업제품 및 관련제품을 제조하는 산업활동을 말한다.
<예 시>
·점토 벽돌 및 블록(조적용, 포장용) 제조
·미장 벽돌 및 블록(조적용) 제조
·점토 바닥 벽돌 및 블록(포장용) 제조
·굴뚝용 벽돌 및 블록 제조
<제 외>
·도로 포장용 콘크리트 블록 및 벽돌 제조(269504)
·비내화성 벽 및 바닥 포장용 요업타일 제조(269300)",91.5,0.0,12.4
2024,269302,제조업,비금속 광물제품 제조업,건축용 비내화 요업제품 제조업,기타 건축용 비내화 요업제품 제조업,"◦각종 비금속 광물을 성형하고 구워서 도관, 배관 연결구류, 연탄난로 라이너 등을 생산하는 산업활동을 말한다.
<예 시>
·연탄난로 라이너
·홈통 제조
·배관 연결구류 제조
·건축물 구조재 제조
·설치용 물탱크 제조",91.5,0.0,12.4
2024,269401,제조업,비금속 광물제품 제조업,"시멘트, 석회 및 플라스터 제조업",시멘트 제조업,"◦석회석을 소성하여 각종 시멘트를 생산하는 산업활동을 말한다. 실리카, 알루미나 또는 철 등을 함유한 물질을 첨가할 수도 있다.
<예 시>
·포졸란 시멘트 제조
·로만 시멘트 제조
·점토 시멘트 제조
·백색 시멘트 제조
·섬유질 시멘트 제조
·알루미나 시멘트 제조
·시멘트 클링커 제조
·포틀랜드 시멘트 제조
<제 외>
·치과용 시멘트 제조(242309)
·킨스 시멘트 제조(269403)
·제철 용광로 슬래그 생산활동(271101~271104)",95.3,0.0,25.3
2024,269402,제조업,비금속 광물제품 제조업,"시멘트, 석회 및 플라스터 제조업",석회 및 플라스터 제조업,"◦석회석을 소성하여 생석회, 소석회 및 수경성 석회를 생산하는 산업활동을 말한다.
<예 시>
·돌로마이트 석회 제조
·생석회 및 소석회 제조
<제 외>
*플라스터 제조(→269403)",93.1,0.0,25.3
2024,269403,제조업,비금속 광물제품 제조업,"시멘트, 석회 및 플라스터 제조업",석회 및 플라스터 제조업,"◦석고를 하소하여 부분적으로 또는 완전히 탈수한 황산칼슘을 기본 재료로 플라스터를 제조하는 산업활동을 말한다.
<예 시>
·플라스터 제조
·킨스 시멘트 제조
·하소 석고 제조
<제 외>
·석고 및 경석고 채취활동(141002)
·치과용으로 특별히 가공한 플라스터 제조(242309)

*석회 제조(→269402)",95.3,0.0,25.3
2024,269501,제조업,비금속 광물제품 제조업,"콘크리트, 레미콘 및 기타 시멘트, 플라스터 제품 제조업",레미콘 제조업,"◦시멘트와 모래, 자갈 등의 광물성 물질 혼합물에 물을 첨가하여 굳지 않은 상태로 구매자에게 공급하는 콘크리트용 비내화 혼합물을 제조하는 산업활동을 말한다.
<예 시>
·비내화 레미콘 제조
<제 외>
·플라스터 혼합물 제조(269502)
·비내화성 모르타르 제조(269505)",91.9,0.0,18.8
2024,269502,제조업,비금속 광물제품 제조업,"콘크리트, 레미콘 및 기타 시멘트, 플라스터 제품 제조업",플라스터 혼합제품 제조업,"◦플라스터를 주재료로 제조한 혼합물 및 플라스터 제품을 제조하는 산업활동을 말한다.
<제 외>
·섬유시멘트 제품 제조(269506, 269507)",93.9,0.0,18.8
2024,269503,제조업,비금속 광물제품 제조업,"콘크리트, 레미콘 및 기타 시멘트, 플라스터 제품 제조업",콘크리트 관 및 기타 구조용 콘크리트제품 제조업,"◦철강보강콘크리트 제품
<예 시>
·흄관, 콘크리트(전주, 침목, 파일), 하수구맨홀, 빔, 받침대, 지주, 관
·철도침목, 파이프도관",90.2,0.0,15.9
2024,269504,제조업,비금속 광물제품 제조업,"콘크리트, 레미콘 및 기타 시멘트, 플라스터 제품 제조업","콘크리트 타일, 기와, 벽돌 및 블록 제조업,인조대리석 제품 제조업","◦콘크리트 또는 인조석을 재료로 토목용, 건축용, 방파제용 등으로 사용되는 벽돌, 블록, 덮개 및 깔판, 타일, 기와 및 관련 제품을 생산하는 산업활동을 말한다.
<예 시>
·타일, 기와, 벽돌, 블록 제조
·인조석제 타일, 벽돌, 블록 및 유사 제품 제조
<제 외>
·토목용, 건축용 조립식 구조재 및 부착물 제조(269508)

*섬유 시멘트(→269507)",92.3,0.0,11.0
2024,269505,제조업,비금속 광물제품 제조업,"콘크리트, 레미콘 및 기타 시멘트, 플라스터 제품 제조업",비내화 모르타르 제조업,"◦시멘트 또는 비광물성 접착제와 모래를 혼합한 후 물을 첨가하지 않고, 포장하여 미장용 또는 콘크리트용으로 사용되는 혼합물을 제조하는 산업활동을 말한다.
<예 시>
·비내화 모르타르 제조
·미장용 모르타르 제조
·콘크리트용 비광물성 접착제 및 모래혼합물 제조
<제 외>
·물 및 기타 액상 물질을 첨가한 비내화 모르타르 제조(269501)
·내화용 모르타르 제조(269201)",91.9,0.0,18.8
2024,269506,제조업,비금속 광물제품 제조업,"콘크리트, 레미콘 및 기타 시멘트, 플라스터 제품 제조업",그 외 기타 콘크리트 제품 및 유사 제품 제조업,"◦기타 건축용 섬유 시멘트 제품(“택스”, 식물성 건물재료)",93.9,0.0,18.8
2024,269507,제조업,비금속 광물제품 제조업,"콘크리트, 레미콘 및 기타 시멘트, 플라스터 제품 제조업","콘크리트 타일, 기와, 벽돌 및 블록 제조업","◦섬유 시멘트
<예 시>
·시멘트, 석회, 프라스터 등에 셀룰로오스섬유, 유리섬유, 목질섬유 등 섬유질을 혼합·응집· 성형하여 만든 섬유 시멘트제 유사 제품",90.2,0.0,15.9
2024,269508,제조업,비금속 광물제품 제조업,"콘크리트, 레미콘 및 기타 시멘트, 플라스터 제품 제조업","콘크리트 관 및 기타 구조용 콘크리트제품 제조업,인조대리석 제품 제조업","◦콘크리트 또는 인조석을 재료로 조립식 구조재, 건물 부착용 장치물 등 건축용 또는 토목용의 기타 콘크리트제품을 제조하는 산업활동을 말한다. 시멘트, 석회, 플라스터 등에 셀룰로오스섬유, 유리섬유, 목질섬유 등 섬유질을 혼합․응집․성형하여 만든 섬유시멘트제 유사 제품도 포함한다.
<예 시>
·콘크리트 인조목 제조
·콘크리트 또는 인조석 욕조, 세면대 및 기타 설치용 위생용품 제조
·콘크리트 또는 인조석 조립식 건축자재 제조
·콘크리트 또는 인조석 문틀, 문지방, 벽판 등 건축물 구조재 제조
<제 외>
*철강보강콘크리트 제품 제조(→269503)",92.3,0.0,14.3
2024,269509,제조업,비금속 광물제품 제조업,"콘크리트, 레미콘 및 기타 시멘트, 플라스터 제품 제조업",그 외 기타 콘크리트 제품 및 유사 제품 제조업,"◦인공 어초, 조각상, 모형 및 형상, 가구, 화병, 화분 용기, 실험실 용품 등 장식용, 산업용, 가정용 등 각종 용도의 콘크리트제품을 제조하는 산업활동을 말한다. 다른 항목에서 분류되지 않은 석회제품 제조도 포함한다.
<제 외>
*기타 건축용 섬유 시멘트 제품(“택스”, 식물성 건물재료)(→269506) ",92.3,0.0,14.3
2024,269601,제조업,비금속 광물제품 제조업,석제품 제조업,건설용 석제품 제조업,"◦천연 석재 및 응집한 천연 슬레이트(점판암)를 절단◦성형 가공하여 기념비용, 건축용 등 건설용 석제품을 제조하는 산업활동을 말한다.
<예 시>
·건설용 석재 가공품 제조
·건설용 천연 응결 슬레이트제품 제조
·건설용 석재 착색
·벽면 부착용 대리석 제조
·도로 경계석 제조
·바닥용 대리석 제조
·묘지석 제조
·스톤 네트 제조",93.3,0.0,9.0
2024,269603,제조업,비금속 광물제품 제조업,석제품 제조업,기타 석제품 제조업,"◦천연 석재 및 응집한 천연 슬레이트(점판암)를 절단◦성형 가공하여 건설용 이외의 석제품을 제조하는 산업활동을 말한다.
<예 시>
·건설용 이외의 석제품 착색
·장식용 석재 가공품 제조",93.3,0.0,5.8
2024,269901,제조업,비금속 광물제품 제조업,그 외 기타 비금속 광물제품 제조업,암면 및 유사 제품 제조업,"◦인공 무기섬유인 암면(록울(rock wool), 슬래그울(slag wool) 등) 및 유사 광물면(석면 제외), 팽창 점토 및 유사 광물제품, 탄산마그네슘 등을 가공하여 광물질의 절연◦단열◦방음재와 블록, 벽돌, 타일, 튜브, 코드 등의 광물제품을 제조하는 산업활동을 말한다.
<예 시>
·팽창 펄라이트(perlite) 제조
·내화 피복재 제조
·세라믹 파이버 제조
·암면(록울) 제조
·박리한 질석 제조
<제 외>
·유리솜 및 그 제품제조(261006)
·산, 알칼리 등 화학적으로 활성 처리한 광물질 제조(242907)
·석면 및 관련제품 제조(269906)",89.6,0.0,12.1
2024,269902,제조업,비금속 광물제품 제조업,그 외 기타 비금속 광물제품 제조업,연마재 제조업,"◦천연석, 응집된 천연 연마재 및 인공 연마재로 각종용의 연마석, 연마휠 및 유사 연마재를 제조하는 산업활동을 말한다.
<예 시>
·연마용 수지석(手砥石) 제조
·동력기계용 연마석 제조
<제 외>
*연마지 및 포, 연마사 제조(→269907)",94.4,0.0,10.8
2024,269903,제조업,비금속 광물제품 제조업,그 외 기타 비금속 광물제품 제조업,아스팔트 콘크리트 및 혼합제품 제조업,"◦아스팔트, 콜타르 피치, 석유 역청 등을 주요 재료로 시멘트, 플라스터, 석분, 활석, 섬유류, 수지류 등의 충전물을 혼합하여 굳지 않은 아스팔트 콘크리트(아스콘), 매스틱 등의 아스팔트 혼합제품 및 유사 제품을 생산하는 산업활동을 말한다. 역청 물질 혼합제품 중 재용융하여 사용하는 각종 응결제품(블록 등)을 제조하는 경우도 포함한다.
<예 시>
·아스팔트 콘크리트(아스콘) 제조
·굳지 않은 천연 아스팔트, 석유 아스팔트, 광물성 타르 또는 광물성 타르 피치 등을 주요 재료로 제조한 도로포장용 혼합물 제조
·역청 물질 혼합 블록제품 제조
·아스팔트 매스틱 제조
<제 외>
·포장용 혼합재가 포함되지 않은 스트레이트 아스팔트, 블론 아스팔트, 컷백 아스팔트, 유화 아스팔트, 개질 아스팔트 제조(232201)",95.6,0.0,14.2
2024,269904,제조업,비금속 광물제품 제조업,그 외 기타 비금속 광물제품 제조업,비금속광물 분쇄물 생산업,"◦채굴 및 채취활동과 연관되지 않은 중정석, 석고, 활석, 석영, 천연 보석 등 특정 산업용 비금속 광물(연료 광물 제외)을 파쇄◦분쇄◦마쇄하여 분말 및 기타 분쇄물을 생산하는 산업활동을 말한다.
<예 시>
·비금속 광물 분쇄물 생산
·활석, 석영, 천연 보석 분쇄
<제 외>
·농업용 광물슬래그 가공품 제조(241202)
·건축 폐기물 처리활동(900106)",92.3,0.0,14.2
2024,269905,제조업,비금속 광물제품 제조업,그 외 기타 비금속 광물제품 제조업,탄소섬유 제조업,"◦아크릴로나이트릴, 레이온, 콜타르 피치 등을 재료로 열처리, 탄화, 결정화 등을 거쳐 탄소섬유사 및 관련 탄소섬유 반제품을 제조하는 산업활동을 말한다.
<예 시>
·탄소섬유(CF: cabon fiber) 제조        
·PAN계(폴리아크릴로나이트릴, polyacrylonitrile) 탄소섬유 제조
·레이온계 활성 탄소섬유 제조
<제 외>
·탄소섬유 직물 제조(171116)",89.6,0.0,12.1
2024,269906,제조업,비금속 광물제품 제조업,그 외 기타 비금속 광물제품 제조업,그 외 기타 분류 안된 비금속 광물제품 제조업,"◦석면제품
<예 시>
·석면지, 판지 및 펠트
·석면혼합물, 방적석면(석면사 및 직물), 석면제품, 석면의류·신발, 모자, 특수보호용의복
·석면제크러치 훼이싱, 브레이크라이닝 및 패드
·그래파이트                                  
·가스킷, 전기절연재료, 전해포",89.6,0.0,12.1
2024,269907,제조업,비금속 광물제품 제조업,그 외 기타 비금속 광물제품 제조업,연마재 제조업,"◦연마지
<예 시>
·연마지 및 포, 연마사",92.3,0.0,14.2
2024,269908,제조업,비금속 광물제품 제조업,그 외 기타 비금속 광물제품 제조업,그 외 기타 분류 안된 비금속 광물제품 제조업,"◦인공 경량 골재, 아스팔트 성형제품, 인조 커런덤(강옥), 가공 운모 및 운모제품, 현무암을 용해하여 성형한 제품 등 기타 비금속 광물제품을 제조하는 산업활동을 말한다. 인조 흑연, 콜로이드 흑연을 제조하거나 반제품 상태 및 기타 비전기용 흑연 또는 탄소제품을 제조하는 산업활동을 포함한다.
<예 시>
·건설용 아스팔트 성형제품 제조
·지붕용 아스팔트 성형제품 제조
·아스팔트 바닥 타일 제조
·인조 커런덤(강옥)제조
·현무암 용해 성형제품 제조
·인공 경량 골재 제조
·흙벽돌 및 블록 제조(굽지 않은)
·콜로이드 흑연 제조
·흑연 조제품 제조(비전기용)
·탄소물 조제품 제조(비전기용)
<제 외>
·전기용 탄소 또는 흑연제품 제조(319004)
·흑연도자기 제조(269200,269201)
·역청물 도포지 제조(210102)
·타르물 도포 목재 생산(201002)
·탄소섬유 제조(269905)

*석면제품 제조(→269906)",92.3,0.0,14.2
2024,271101,제조업,1차 금속 제조업,"제철, 제강 및 합금철 제조업",제철업,"◦철광석, 코크스 원료탄 등으로 선철, 주철, 경철 등의 철을 생산하는 산업활동을 말한다. 제철활동과 결합되어 운영되는 합금철, 제강, 압연활동을 별도로 파악할 수 없을 경우에는 여기에 포함한다.
<예 시>
·선철, 주철과 경철 제조",92.4,0.0,13.3
2024,271102,제조업,1차 금속 제조업,"제철, 제강 및 합금철 제조업",제강업,"◦선철, 고철을 처리하여 강괴, 퍼들바(puddle bar), 파일링(piling), 슬래브, 블룸, 빌릿 등과 같은 1차 형재 또는 반제품 상태의 철강 재료를 제조하는 산업활동을 말한다.
<예 시>
·강 1차 형재 제조
·강 반제품 제조
<제 외>
·순철, 해면철, 철강 분말 제조(271104)",88.8,0.0,16.2
2024,271103,제조업,1차 금속 제조업,"제철, 제강 및 합금철 제조업",합금철 제조업,"◦합금철을 제조하는 산업활동을 말한다.
<예 시>
·망가니즈 합금철(망가니즈철) 제조
·텅스텐 합금철 제조
·크롬 합금철 제조
·니켈 합금철 제조          
·실리콘 합금철 제조
·바나듐 합금철 제조         
·바이메탈용 합금철 제조",88.8,0.0,16.2
2024,271104,제조업,1차 금속 제조업,"제철, 제강 및 합금철 제조업",기타 제철 및 제강업,"◦순철, 분말야금용 철강 분말 등을 제조하는 산업활동을 말한다.
<예 시>
·해면철 제조
·철강 분말 제조
·분말야금용 등 철강 분말 제조",88.8,0.0,16.2
2024,271201,제조업,1차 금속 제조업,기타 1차 철강 제조업,그 외 기타 1차 철강 제조업,"◦열간 또는 냉간제품을 제외한 기타 형강, 단공 강재, 용접 형강 등을 제조하는 산업활동을 말한다.
<예 시>
·단공 강재 제조
·용접 형강 제조
<제 외>
·단조 금속제품 제조(289102)

*특정형의 1차 또는 중간재 상태의 철강재 제조(→271902)",91.6,0.0,10.1
2024,271202,제조업,1차 금속 제조업,철강관 제조업,주철관 제조업,"◦주형, 주조 또는 원심 분리 등의 방법에 의하여 주철관, 중공 파일 및 관련 연결구류를 제조하는 산업활동을 말한다.
<예 시>
·주철 중공 프로파일 제조
·주철관 연결구류 제조",91.0,0.0,15.1
2024,271204,제조업,1차 금속 제조업,"철강 압연, 압출 및 연신제품 제조업",열간 압연 및 압출제품 제조업,"◦철강재를 열간 압연◦압출 및 인발하여 판, 로드(rod), 바(bar), 형강, 궤조, 선재 등 1차 형태의 압연 강재(철강선 및 강관 제외)를 생산하는 산업 활동을 말한다.
<예 시>
·철강 열간 압연 제품 제조
·열간 스테인레스강 평판 제조
·열간 합금강 평판 제조
·열간 철강 봉 제조
·열간 철강 형강 제조
·열간 압연, 압출 및 인발 철강 제조
<제 외>
·철강선 제조(271206)",91.6,0.0,11.2
2024,271205,제조업,1차 금속 제조업,"철강 압연, 압출 및 연신제품 제조업",냉간 압연 및 압출 제품 제조업,"◦열간 압연 강재를 냉간 압연◦압출 및 인발하여 1차 형태의 냉간 압연 강재를 생산하는 산업활동을 말한다.
<예 시>
·냉간 압연, 압출 및 인발제품 제조
·냉간 철강 판, 시트, 봉 및 형재 제조
<제 외>
·철강선 제조(271206)",91.6,0.0,11.2
2024,271206,제조업,1차 금속 제조업,"철강 압연, 압출 및 연신제품 제조업",철강선 제조업,"◦선재, 봉, 바 등의 1차 강재를 연신하여 철강선을 제조하는 산업활동을 말한다.
<예 시>
·철 및 비합금강 선 제조
·스테인레스강 선 제조
·합금강 선 제조
·철강선 제조
<제 외>
·비절연 철선제품 및 철강선 가공품 제조(289901)",91.6,0.0,11.2
2024,271207,제조업,1차 금속 제조업,철강관 제조업,강관 제조업,"◦강재를 단조, 인발, 압출, 용접 및 기타 가공하여 무계목 강관, 단접 강관, 용접 강관, 튜브 등을 제조하는 산업활동을 말한다.
<예 시>
·단접 철강관 제조
·압출 철강관 제조
·강관 제조
·철강 튜브 제조
<제 외>
·주철관 제조(271202)",91.6,0.0,11.2
2024,271208,제조업,1차 금속 제조업,철강관 제조업,강관 가공품 및 관 연결구류 제조업,"◦구입한 강관을 절단, 절곡, 나사골 내기 등으로 가공하여 강관 연결구류를 제조하거나 인발 강관 또는 중고 강관을 재생 인발한 강관을 제조하는 산업활동을 말한다.
<예 시>
·철강관 연결구류 제조
·중고 철강관 재생 인발제품 제조
<제 외>
·주철제 연결구류 제조(271202)",91.0,0.0,15.1
2024,271901,제조업,1차 금속 제조업,기타 1차 철강 제조업,"도금, 착색 및 기타 표면 처리 강재 제조업","◦구입한 철강재를 도금, 착색 및 기타 표면 처리하여 특정형의 1차 또는 중간재 상태의 철강재를 제조하는 산업활동을 말한다. 철강재 성형가공 과정에 결합되어 표면 가공활동을 수행할 경우에는 그 성형가공 활동에 따라 분류한다.
<예 시>
·열처리 강재 생산
·주름처리 강재 생산
·도금, 도장 및 피복 철강재 제조
·함석(아연도 강관)
<제 외>
·단조 금속제품 제조(289102)
·수수료 또는 계약에 의한 금속 가공제품 표면처리 활동(289208)",89.0,0.0,10.6
2024,271902,제조업,1차 금속 제조업,기타 1차 철강 제조업,그 외 기타 1차 철강 제조업,"◦구입한 철강재를 절단하여 특정형의 1차 또는 중간재 상태의 철강재를 제조하는 산업활동을 말한다.
<예 시>
·절단가공 철강재 생산
·절단 철강 판재 생산
<제 외>
·철강재를 고객이 원하는 형태로 절단하는 경우(해당 산업활동으로 분류)

* 기타 형강, 단공 강재, 용접 형강 제조(→271201) ",88.2,0.0,10.0
2024,272100,제조업,1차 금속 제조업,"비철금속 제련, 정련 및 합금 제조업","기타 비철금속 제련, 정련 및 합금 제조업","◦금, 은, 백금 등의 귀금속, 주석, 니켈, 안티몬, 수은, 망가니즈, 크롬, 텅스텐, 몰리브덴, 마그네사이트, 지르코늄 등의 비철금속 광석 또는 괴(덩어리)등을 처리하여 제련 및 정련하는 산업활동을 말한다.
<예 시>
·금, 은 등의 귀금속 및 주석의 1차 제련 및 정련
·니켈, 안티모니, 수은, 망가니즈 1차 제련 및 정련
·몰리브덴, 마그네사이트 1차 제련 및 정련
·우라늄 1차 제련 및 정련
<제 외>
*기타 비철금속 광석의 스크랩을 처리하여 제련, 정련 및 합금 제조(→272200)",86.6,0.0,12.4
2024,272101,제조업,1차 금속 제조업,"비철금속 제련, 정련 및 합금 제조업","동 제련, 정련 및 합금 제조업","◦동 광석 또는 괴(덩어리) 등을 제련, 정련 하는 산업활동을 말한다.
<예 시>
·동 1차 제련
·동 1차 정련
<제 외>
*동의 스크랩 등을 제련, 정련 및 재생, 동합금 제조(→272201)",86.6,0.0,12.4
2024,272102,제조업,1차 금속 제조업,"비철금속 제련, 정련 및 합금 제조업","알루미늄 제련, 정련 및 합금 제조업","◦알루미늄 원광(보크사이트), 알루미나 또는 괴(덩어리)등을 제련, 정련 하는 산업활동을 말한다. 알루미늄 원광을 처리하여 알루미나를 생산하는 산업활동도 포함한다.
<예 시>
·알루미늄 1차 제련
·알루미늄 1차 정련
·알루미늄 원광을 제련한 알루미나 (산화알루미늄) 제조
<제 외>
*알루미늄의 스크랩 등을 제련, 정련 및 재생, 합금 제조(→272202)",86.6,0.0,12.4
2024,272103,제조업,1차 금속 제조업,"비철금속 제련, 정련 및 합금 제조업","연 및 아연 제련, 정련 및 합금 제조업","◦연(납) 및 아연 광석 또는 괴(덩어리) 등을 제련◦정련 하는 산업활동을 말한다.
<예 시>
·납(연) 제 1차 제련 및 정련
·아연 제 1차 제련 및 정련
<제 외>
*연(납) 및 아연 등의 스크랩을 제련◦정련 및 재생, 합금 제조(→272203)",86.6,0.0,12.4
2024,272200,제조업,1차 금속 제조업,"비철금속 제련, 정련 및 합금 제조업","기타 비철금속 제련, 정련 및 합금 제조업","◦금, 은, 백금 등의 귀금속, 주석, 니켈, 안티몬, 수은, 망가니즈, 크롬, 텅스텐, 몰리브덴, 마그네사이트, 지르코늄 등의 비철금속 광석의 스크랩을 처리하여 제련 및 정련하거나 이들의 합금을 제조하는 산업활동을 말한다.
<예 시>
·금, 은 등의 귀금속 및 주석의 2차 제련 및 정련, 합금 제조
·니켈, 안티모니, 수은, 망가니즈 2차 제련 및 정련, 합금 제조
·몰리브덴, 마그네사이트 2차 제련 및 정련, 합금 제조
·우라늄 2차 제련 및 정련, 합금 제조
<제 외>
*기타 비철금속 광석 또는 괴(덩어리)등을 처리하여 제련 및 정련(→272100)",87.3,0.0,12.8
2024,272201,제조업,1차 금속 제조업,"비철금속 제련, 정련 및 합금 제조업","동 제련, 정련 및 합금 제조업","◦동의 스크랩 등을 제련, 정련 및 재생하는 산업활동을 말한다. 동합금 제조활동도 포함한다.
<예 시> 
·동 2차 제련
·동 2차 정련
·동합금 제조
<제 외>
*동 광석 또는 괴(덩어리) 등 제련, 정련(→272101)",87.3,0.0,12.8
2024,272202,제조업,1차 금속 제조업,"비철금속 제련, 정련 및 합금 제조업","알루미늄 제련, 정련 및 합금 제조업","◦알루미늄의 스크랩 등을 제련, 정련 및 재생하는 산업활동을 말한다. 알루미늄 합금을 제조하는 산업활동도 포함한다.
<예 시>
·알루미늄 2차 제련
·알루미늄 2차 정련
·알루미늄 재생
·알루미늄 합금 제조
<제 외>
·인조커런덤(강옥) 제조(269908)

*알루미늄 원광(보크사이트), 알루미나 또는 괴(덩어리)등 제련, 정련(→272102)",87.3,0.0,12.8
2024,272203,제조업,1차 금속 제조업,"비철금속 제련, 정련 및 합금 제조업","연 및 아연 제련, 정련 및 합금 제조업","◦연(납) 및 아연 등의 스크랩을 제련◦정련 및 재생하는 산업활동을 말한다. 이들의 합금을 제조하는 경우도 포함한다.
<예 시>  
·납(연) 제 2차 제련 및 정련
·아연 제 2차 제련 및 정련
·미가공연합금
·아연합금, 아연분
<제 외>
*연(납) 및 아연 광석 또는 괴(덩어리) 등 제련◦정련(→272103)",87.3,0.0,12.8
2024,272300,제조업,1차 금속 제조업,"비철금속 압연, 압출 및 연신제품 제조업","알루미늄 압연, 압출 및 연신제품 제조업","◦알루미늄재를 압연, 압출, 인발 및 기타 가공하여 1차 형태의 알루미늄제품을 생산하는 산업활동을 말한다.
<예 시>
·알루미늄 및 알루미늄 합금 반제품 제조
·알루미늄 박판, 시트, 판, 대, 선, 봉, 바 및 관 제조
·관, 로드, 바, 프로파일 및 기타 형의 알루미늄 제조
·알루미늄케이블, 로프 및 유사제품",89.4,0.0,5.4
2024,272301,제조업,1차 금속 제조업,"비철금속 압연, 압출 및 연신제품 제조업","동 압연, 압출 및 연신제품 제조업","◦동재를 압연◦압출◦인발 및 기타 가공하여 1차 형태의 동제품을 생산하는 산업활동을 말한다.
<예 시>
·동 합금 압연제품 및 반제품 제조
·동 박판, 시트, 판, 대, 선, 봉, 바 및 관 제조
·동케이블, 로프 및 유사제품, 동못 및 유사제품",89.4,0.0,8.3
2024,272302,제조업,1차 금속 제조업,"비철금속 압연, 압출 및 연신제품 제조업","기타 비철금속 압연, 압출 및 연신제품 제조업","◦금, 은, 주석, 니켈, 수은, 망가니즈, 크롬, 텅스텐, 마그네사이트 등 기타 비철금속을 압연◦압출◦인발 및 기타 가공하여 1차 형태의 비철금속 제품을 생산하는 산업활동을 말한다.
<예 시> 
·판, 시트, 대 및 박 제조
·관 및 관 연결구류 제조
·봉, 프로파일, 선 제조
·주석 관 및 관 연결구류 제조
·주석 판, 시트, 대 및 박 제조
·텅스텐, 몰리브덴, 탄탈룸, 지르코늄, 베릴륨, 갈륨, 하프늄, 인듐, 니오븀 및 탈륨 1차 형태 금속제품 제조
·아연 봉, 프로파일 및 선, 판, 시트, 대 및 박 제조",89.4,0.0,8.3
2024,272900,제조업,1차 금속 제조업,기타 1차 비철금속 제조업,기타 1차 비철금속 제조업,"◦구입한 1차 또는 반제품 상태의 비철금속재를 절단, 분쇄, 표면 처리 및 기타 가공하여 중간재 상태의 절단제품, 분말, 조각, 플레이크(flake, 얇은 조각) 및 표면 처리 강재 등을 생산하는 산업활동을 말한다.
<예 시>
·비철금속 피복제품 제조
·표면 처리 비철금속재 생산
·비철금속을 절단한 중간재 제조
·비철금속 분말, 조각 및 플레이크 생산
<제 외>
·금속 증착 필름 또는 접합지 제조는 그 주된 재료의 종류에 따라 분류(210102 또는 252403,252404)
·비철금속 스크랩을 분쇄 및 기타 가공하여 재생용 원료생산(372000)",88.8,0.0,13.5
2024,273101,제조업,1차 금속 제조업,철강 주조업,선철 주물 주조업,"◦선철 또는 합금철로 각종 선철(회) 주물 및 가단철 주물을 제조하는 산업활동을 말한다.
<예 시>
·가단철 주물 주조
·합금철 주물 주조
·정밀 선철 주물 주조
·정밀 합금철 주물 주조
<제 외>
·주철관 및 관 연결구류 제조(271202)",90.1,0.0,17.3
2024,273102,제조업,1차 금속 제조업,철강 주조업,강 주물 주조업,"◦강재 또는 합금강재로 강 주물 및 합금강 주물을 제조하는 산업활동을 말한다.
<예 시>
·강 주물 주조
·합금강 주물 주조
·정밀 강 주물 주조
·정밀 합금강 주물 주조
<제 외>
·주철관 및 관연결구류 제조(271202)
·가단 주철 주물 제조(273101)",88.8,0.0,15.7
2024,273200,제조업,1차 금속 제조업,비철금속 주조업,알루미늄 주물 주조업,"◦알루미늄 및 그 합금으로 알루미늄 주물을 제조하는 산업활동을 말한다.
<예 시>
·알루미늄 주물 주조
·알루미늄 합금 주물 주조",90.1,0.0,8.6
2024,273201,제조업,1차 금속 제조업,비철금속 주조업,기타 비철금속 주조업,"◦동 및 그 합금으로 동 주물을 제조하는 산업활동을 말한다.
<예 시>
·동 주물 주조
·동 합금 주물 주조",90.1,0.0,9.2
2024,273202,제조업,1차 금속 제조업,비철금속 주조업,기타 비철금속 주조업,"◦금, 은, 주석, 니켈, 수은, 망가니즈, 크롬, 텅스텐, 마그네사이트 등의 기타 비철금속 주물을 제조하는 산업활동을 말한다.
<예 시>
·비철금속 주조",90.1,0.0,9.2
2024,281100,제조업,금속 가공제품 제조업: 기계 및 가구 제외,구조용 금속제품 제조업,"금속 문, 창, 셔터 및 관련제품 제조업","◦금속제의 문 및 관련 금속제품을 제조하는 산업활동을 말한다.
<예 시>
·금속제 창문 제조
·철문 제조
·금속 롤링도어(rolling door, 두루마리 문) 제조
·금속 스크린도어(screen door) 제조
·금속 셔터문(shutter door) 제조
·새시문(sash door) 제조
·회전문(revolving door) 제조
·금속제 수문(철골제 제외) 제조",91.5,0.0,8.8
2024,281101,제조업,금속 가공제품 제조업: 기계 및 가구 제외,그 외 기타 금속 가공제품 제조업,그 외 기타 분류 안된 금속 가공제품 제조업,"◦금속 재료로 장식용 금속제품, 체인(동력전달용 제외), 선박용 프로펠러 및 그 날, 비전기식 벨, 종 및 유사제품, 바늘, 핀, 버클, 훅(hook), 관련 장치 등을 제조하는 산업활동을 말한다.
<예 시>
·적재용 금속판 제조
·상패, 명패, 감사패 제조
·버클 제조       
·철모 제조
·사진틀 제조
·화물용 금속 플랫폼(platform) 제조 
·이동식 사다리 제조
·금속제 침 및 바늘 제조
·금속제 트로피 제조
·범용으로 사용되는 관 리벳(속이 빈 리벳), 이고 리벳(끝이 두 가닥 이상 나뉜 리벳) 제조
·금속제 유금, 꺾쇠, 유금이 붙은 프레임 제조
·버클용 유금, 아이(eye), 아이렛(eyelet), 구슬과 스팽글 제조
·선박 추진기 및 관련 블레이드 제조 
·조립된 철도 궤도 및 철도 연결 부착물 제조
·금속제 자석 제조
·스트롱 박스 제조
·안전장치를 갖춘 금속제 수집 상자
<제 외>
·귀금속제 경기 또는 예술용 트로피, 메달 제조(369101)
·재봉기용 바늘 제조(292600)
·용제 피복 없는 용접봉(해당 산업활동으로 분류)

*사무실용 금속비품 제조(→289915)
*금고, 금고실 라이닝, 금고실문, 현금괴 제조(→289918)",91.5,0.0,9.9
2024,281102,제조업,기타 기계 및 장비 제조업,"펌프 및 압축기 제조업: 탭, 밸브 및 유사 장치 제조 포함","탭, 밸브 및 유사 장치 제조업","◦파이프, 보일러의 동체, 탱크, 통 등에 사용되어 액체 또는 기체의 흐름을 조정하는 탭, 코크, 수도꼭지, 마개, 노즐, 밸브 및 유사 장치를 제조하는 산업활동을 말한다. 감압 밸브 및 온도 제어식 밸브 제조도 포함한다.
<예 시>
·감압 밸브 및 온도 제어식 밸브 제조
·밸브 및 파이프가공품
·소화전, 배관용밸브, 밸브유니트
<제 외>
·유압(공기압) 밸브 제조(291200)
·내연기관용 밸브제조는 그 내연기관의 부품 제조와 동일하게 분류
·비경화 고무제, 유리제, 도자제의 탭, 코크, 밸브 및 유사 장치 제조는 그 재료에 따라 각각 해당되는 산업활동에 분류",91.5,0.0,9.4
2024,281103,제조업,금속 가공제품 제조업: 기계 및 가구 제외,구조용 금속제품 제조업,구조용 금속 판제품 및 공작물 제조업,"◦건물 및 기타 구축물에 설치 또는 부착되는 각종 구조용 금속 판제품 및 금속 공작물을 제조하는 산업활동을 말한다.
<예 시>
·금속 지붕 및 벽면 제조
·처마용 금속 판제품 제조
·금속 발코니 제조
·건물용 금속 계단 및 사다리 제조
·설치용 금속 울타리 제조
·금속 베란다 제조
<제 외>
·이동식 금속 사다리 제조(281101)
·골조 구조재 제조(281104, 281105)
·구조물용 이외 판금제품 제조(289208)",91.5,0.0,10.5
2024,281104,제조업,금속 가공제품 제조업: 기계 및 가구 제외,구조용 금속제품 제조업,육상 금속 골조 구조재 제조업,"◦형강, 강판, 평강 등의 금속 재료를 가공하여 건물, 교량, 철탑 및 기타 육상 구축물, 기계 및 장비류(용광로, 물품 취급 장비 등) 축조 또는 설치에 사용되는 조립용 금속 골조 구조재 및 구성 부분품을 생산하는 산업활동을 말한다.
<예 시>
·교량 조립 구조재 제조
·탑 조립 구조재 제조 
·철골 조립 육상 구조재 제조
·비계용 지주 및 유사기구 제조
·차단용 또는 갱도 받침용 지주 및 유사 기구 제조          
·조립식 철골제 수문 제조
<제 외>
·구조용 금속 판제품 및 금속 공작물 제조(281103)
·금속제 조립식 건물 및 그 구성품 제조(281106)
·선체 블록 이외의 선박용 및 수상 부유 구조물용 철골 조립제품 제조(281105)",91.5,0.0,10.5
2024,281105,제조업,금속 가공제품 제조업: 기계 및 가구 제외,구조용 금속제품 제조업,수상 금속 골조 구조재 제조업,"◦형강, 강판, 평강 등의 금속 재료를 가공하여 선박 및 수상 부유 구조물의 축조 또는 설치에 사용되는 조립용 금속 골조 구조재 및 구성 부분품을 생산하는 산업활동을 말한다.
<예 시>
·선박용 철골 조립 구조재 제조
·시추대 및 기타 수상 부유 작업대용 철골 조립 구조재
<제 외>
·구조용 금속 판제품 및 금속 공작물 제조(281103)
·금속제 조립식 건물 및 그 구성품 제조(281106)",91.5,0.0,12.3
2024,281106,제조업,금속 가공제품 제조업: 기계 및 가구 제외,구조용 금속제품 제조업,기타 구조용 금속제품 제조업,"◦달리 분류되지 않은 기타 구조용 금속제품 제조업으로서 금속 재료를 가공하여 금속제 조립식 건물 및 그 부분품 등을 제조하는 산업활동을 말한다.
<예 시>
·건물용 컨테이너 제조
·금속제 조립식 건물 및 그 구성품 제조
<제 외>
·건물 부착 설치용 계단 및 사다리 제조(281103)
·이동식 금속제 사다리 제조(281101)",91.5,0.0,9.4
2024,281201,제조업,금속 가공제품 제조업: 기계 및 가구 제외,"산업용 난방 보일러, 금속탱크 및 유사 용기 제조업",산업용 난방보일러 및 방열기 제조업,"◦가정용 이외의 공장, 빌딩 및 산업 시설물 등의 난방용 온수보일러, 저압 증기보일러를 제조하는 산업활동을 말한다.
<예 시>
·중앙난방용 보일러 제조
·기타 산업시설 난방용 보일러 제조
·중앙난방용 저압 증기보일러 제조
<제 외>
·선박용 또는 동력용 증기발생 보일러 및 과열수 보일러 제조(281300)
·전기식 또는 비전기식 가정용 보일러 및 난방기기 제조(293005,293004)

＊중앙난방용 라디에타, 히터 제조(→281202)",88.4,0.0,11.4
2024,281202,제조업,금속 가공제품 제조업: 기계 및 가구 제외,"산업용 난방 보일러, 금속탱크 및 유사 용기 제조업",산업용 난방보일러 및 방열기 제조업,"◦중앙난방용 라디에타, 히터 
<예 시>
·중앙난방용 방열기부분품제조, 방열기제조",90.5,0.0,10.8
2024,281204,제조업,금속 가공제품 제조업: 기계 및 가구 제외,"산업용 난방 보일러, 금속탱크 및 유사 용기 제조업",금속 탱크 및 저장 용기 제조업,"◦주로 건물 및 구축물, 선박 및 제조업용 기계◦장비 등에 설치 및 부착되거나 가공 또는 저장용으로 사용되는 대용량(300리터 초과) 금속용기를 제조하는 산업활동을 말한다. 이러한 용기가 부착되는 기계◦장비를 제조하는 사업체에서 이를 함께 생산할 경우에는 그 제조되는 기계◦장비 종류에 따라 분류한다.
<예 시>
·금속 저장 조 제조
·금속 탱크 제조
<제 외>
·상품 포장 또는 운반용 철강제의 탱크, 통, 드럼, 캔, 상자 및 유사용기제조(289902)",90.5,0.0,13.3
2024,281205,제조업,금속 가공제품 제조업: 기계 및 가구 제외,"산업용 난방 보일러, 금속탱크 및 유사 용기 제조업",압축 및 액화 가스 용기 제조업,"◦압축 또는 액화 가스 저장 및 운반용으로 사용하는 가스 용기를 제조하는 산업활동을 말한다. 밸브ㆍ탭ㆍ압력계ㆍ액면계 등 조정용ㆍ제어용 또는 측정용 장치가 붙을 수도 있다. 이러한 용기가 부착되는 기계ㆍ장비를 제조하는 사업체에서 이를 함께 생산할 경우에는 그 제조되는 기계ㆍ장비 종류에 따라 분류한다.
<예 시>
·금속 가스 용기 제조
·금속 압축 용기 제조
<제 외>
·상품 포장 또는 운반용 철강제의 탱크, 통, 드럼, 캔, 상자 및 유사용기 제조(289902)",90.5,0.0,13.3
2024,281300,제조업,금속 가공제품 제조업: 기계 및 가구 제외,핵반응기 및 증기보일러 제조업,핵반응기 및 증기보일러 제조업,"◦동위원소 분리기를 제외한 각종 목적용 핵반응기를 제조하는 산업활동과 선박용 또는 동력용 증기 및 과열수 발생 보일러와 관련 보조장치를 제조하는 산업활동을 말한다.
<예 시>
·핵반응기(원자로) 제조
·핵반응기(원자로) 부분품 제조
·증기 원동기용 응축기 제조
·증기 원동기용 응축기 보조 장치 제조
·증기 발생 보일러 보조 장치 및 부분품 제조
<제 외>
·동위원소 분리기 제조(292907)
·중앙난방용 온수보일러, 저압 증기보일러 및 관련 방열기 제조(281201,281202)
·증기 기관차 제조(352001)",91.0,0.0,15.7
2024,289101,제조업,금속 가공제품 제조업: 기계 및 가구 제외,"금속 단조, 압형 및 분말 야금제품 제조업",분말 야금제품 제조업,◦금속 분말을 형틀에 주입하고 이를 가열 및 압착하여 기계 부품을 포함한 각종 특정형의 금속 분말 야금제품을 직접 제조하는 산업활동을 말한다.,91.1,0.0,12.3
2024,289102,제조업,금속 가공제품 제조업: 기계 및 가구 제외,"금속 단조, 압형 및 분말 야금제품 제조업",금속 단조제품 제조업,"◦단조 방법에 의하여 각종 금속 단조제품을 제조하는 산업활동을 말한다.
<예 시>
·금속단조표면가공품
<제 외>
·1차 형태의 단공 철강재 생산(271902)",89.6,0.0,9.2
2024,289103,제조업,금속 가공제품 제조업: 기계 및 가구 제외,"금속 단조, 압형 및 분말 야금제품 제조업",자동차용 금속 압형제품 제조업,"◦금속 자재를 굽히기, 휘기, 회전 조형, 찍기, 압축 등의 방법으로 가공하여 자동차용 부분품을 제조하는 산업활동을 말한다.
<제 외>
·자동차용 이외 금속 압형제품 제조(289104)",91.1,0.0,7.0
2024,289104,제조업,금속 가공제품 제조업: 기계 및 가구 제외,"금속 단조, 압형 및 분말 야금제품 제조업",그 외 금속 압형제품 제조업,"◦금속 자재를 굽히기, 휘기, 회전 조형, 찍기, 압축 등의 방법으로 기계장비 부분품, 의료용품, 장식용품, 가구 부속품, 가정용품, 모형 등의 특정 제품 및 조립용 부분품을 제조하는 산업활동을 말한다.
<제 외>
·자동차용 금속 압형제품 제조(289103)",91.1,0.0,8.8
2024,289201,제조업,금속 가공제품 제조업: 기계 및 가구 제외,"금속 열처리, 도금 및 기타 금속 가공업",그 외 기타 금속 가공업,"◦금속용접처리
 ·수수료 또는 계약에 의해, 금속간을 용접 및 유사 방법에 의하여 접합",87.7,0.0,10.2
2024,289202,제조업,금속 가공제품 제조업: 기계 및 가구 제외,"금속 열처리, 도금 및 기타 금속 가공업",도장 및 기타 피막 처리업,"◦금속 가공제품을 에나멜, 래커, 충전 물질 등으로 착색◦피복 또는 도장◦법랑처리◦충전◦기타 피막 형성 처리하는 산업활동을 말한다.",91.5,0.0,10.6
2024,289205,제조업,금속 가공제품 제조업: 기계 및 가구 제외,"금속 열처리, 도금 및 기타 금속 가공업",절삭 가공 및 유사 처리업,"◦선반, 레이저 및 기타 전자응용 기계 등을 이용하여 철강 또는 비철금속 물질을 절삭, 식각, 재단 및 기타 표면 가공하여 특정 제품의 부분품, 반제품 또는 완제품 형태의 각종 철강 또는 비철금속제품을 생산하는 산업활동을 말한다.
<제 외>
·1차 금속제품 제조업에서 생산된 소재 상태의 제품을 구입하여 1차 형태 절단 강재 생산(271902)
·가압방법에 의한 금속 압형제품 제조(289104)
·연마방법에 의한 금속 표면 처리(289208)
·철골 용접공사 활동(452118)
·금속제품 가공업체 등과 수수료 및 계약에 의해 소재 상태의 금속제품을 단순 절단, 절곡한 강재 생산(289208)",87.7,0.0,11.8
2024,289206,제조업,금속 가공제품 제조업: 기계 및 가구 제외,"금속 열처리, 도금 및 기타 금속 가공업",금속 열처리업,◦기계 부분품 및 일반 철물 등 금속 가공제품을 열처리 가공하는 산업활동을 말한다.,91.5,0.0,10.8
2024,289207,제조업,금속 가공제품 제조업: 기계 및 가구 제외,"금속 열처리, 도금 및 기타 금속 가공업",도금업,"◦철강 및 비철금속을 각종 방법으로 도금하는 산업활동을 말한다. 도금활동에 결합 수행되는 도금 전◦후 처리활동(산세◦수세◦탈사, 마무리 등 공정)이 부수될 수 있다.
<제 외>
·제철공정과 열간·냉간 압연 및 압출공정, 도금공정을 연속적으로 수행하여 철강제품을 제조하는 활동(271101)
·제강공정과 열간·냉간 압연 및 압출공정, 도금공정을 연속적으로 수행하여 철강제품을 제조하는 활동(271102)
·1차 형재 또는 반제품 상태의 철강재를 구입하여 열간 압연 및 압출, 도금공정을 연속적으로 수행하여 철강 제품을 제조하는 활동(271204)
·1차 형재 또는 반제품 상태의 철강재를 구입하여 냉간 압연 및 압출, 도금공정을 연속적으로 수행하여 철강 제품을 제조하는 활동(271205)",91.5,0.0,13.0
2024,289208,제조업,금속 가공제품 제조업: 기계 및 가구 제외,"금속 열처리, 도금 및 기타 금속 가공업",그 외 기타 금속 가공업,"◦금속 물질을 용단하거나 연마 및 기타 금속 표면을 가공하는 산업활동을 말한다. 수수료 및 계약에 의해 각종 금속 물질을 특정한 규격으로 단순 절단, 절곡, 판금(절단, 구멍 내기, 구부리기, 모양 형성 등) 처리하는 산업활동도 포함한다.
<제 외>
·건물, 구축물용 판금제품(281103)
·선반, 레이저 기기 등을 이용한 절삭, 재단(289205)

*수수료 또는 계약에 의한 금속용접처리(→289201)",91.5,0.0,10.8
2024,289301,제조업,금속 가공제품 제조업: 기계 및 가구 제외,"날붙이, 수공구 및 일반 철물 제조업",비동력식 수공구 제조업,"◦농림업 및 정원용의 각종 수공구
<예 시>
·삽, 곡괭이, 호미, 포크, 도끼, 작두, 낫, 전지가위, 쟁기, 쇠스랑",94.5,0.0,4.8
2024,289302,제조업,금속 가공제품 제조업: 기계 및 가구 제외,"날붙이, 수공구 및 일반 철물 제조업",일반 철물 제조업,"◦문 및 창문용, 건물용, 가구용, 선박 및 차량 등의 운송장비용 및 기타 일반용의 철물을 제조하는 산업활동을 말한다. 가구 성격이 아닌 금속제 옷걸이, 타월걸이, 커튼 및 차양 부착물 등을 제조하는 경우도 포함한다.
<예 시>
·경첩 제조
·카스터 제조
·금속제 옷걸이 제조(입식 제외)
·금속제 까치발(브래킷, bracket) 제조
·금속제 선반 받침대 제조
·자물쇠 및 열쇠에 결합되는 유금 제조
<제 외>
·조립된 철도 궤도, 회전대, 플레트홈 완충기 등 철도 궤도 부착물 제조(281101)
·선박 및 부유물용 조립 부분품 제조(351103)

*자물쇠 및 열쇠 제조(→289305)",92.9,0.0,9.7
2024,289303,제조업,금속 가공제품 제조업: 기계 및 가구 제외,"날붙이, 수공구 및 일반 철물 제조업",톱 및 호환성 공구 제조업,"◦수동식 톱 및 톱날, 공작기계 등에 부착하여 사용하는 톱날, 칼, 칼날 등 기계용 또는 수공구용으로 사용되는 호환성 공구를 제조하는 산업활동을 말한다.
<예 시>
·톱 및 톱날 제조(수동식)
·호환성 공구 제조
<제 외>
·수지식 전동톱 제조(292201)",91.6,0.0,9.9
2024,289304,제조업,금속 가공제품 제조업: 기계 및 가구 제외,"날붙이, 수공구 및 일반 철물 제조업",날붙이 제조업,"◦식탁용 금속제품(식탁용 그릇 등 용기류는 제외)을 포함하여 각종 용도의 날붙이와 이들의 금속제 손잡이 등을 제조하는 산업활동을 말한다.
<예 시>
·금속제 식탁용품(숟가락, 젓가락, 칼, 포크, 스푼 등) 제조
·금속제 설탕 집
·가위 제조
·칼 및 칼날 제조          
·면도날 제조
·비전기식 면도기 제조
·비전기식 조발기 제조                
·손톱깎이 제조
·무기용 대검 및 칼집 제조
·금속제 날붙이 손잡이 제조
<제 외>
·수동식 식품 가공 기기 및 주방 용기 제조(289903)
·기계용 칼 및 칼날 제조(289303)",91.6,0.0,9.7
2024,289305,제조업,금속 가공제품 제조업: 기계 및 가구 제외,"날붙이, 수공구 및 일반 철물 제조업",일반 철물 제조업,◦자물쇠 및 열쇠,91.6,0.0,11.0
2024,289306,제조업,금속 가공제품 제조업: 기계 및 가구 제외,"날붙이, 수공구 및 일반 철물 제조업",비동력식 수공구 제조업,"◦공업용, 광업용 등 각종 용도의 수공구를 제조하는 산업활동으로서 가정용 수공구를 제조하는 산업활동을 포함한다.
<예 시>
·줄 및 유사 공구 제조
·플라이어(절단용 플라이어 포함), 집게, 핀셋, 금속 절단용 가위 제조
·수동식 스패너와 렌치(토크미터 렌치 포함, 탭 렌치 제외), 소켓 스패넛 제조
·유리 및 다이아몬드 가공용 수공구 제조
·블로우램프, 바이스, 클램프, 모루(앤빌), 프레임을 갖춘 수동식 또는 족답식 연마 휠 제조
·비전기식 다리미 및 인두, 연탄 집게 등 수공구 성격의 가정용 기기 제조
<제 외>
·탭렌치 등 기계용 및 호환성 공구 제조(289303)

*농림업 및 정원용의 각종 수공구 제조(→289301)",91.6,0.0,12.2
2024,289901,제조업,금속 가공제품 제조업: 기계 및 가구 제외,"금속 파스너, 스프링 및 금속선 가공제품 제조업",금속선 가공제품 제조업,"◦구입한 철선 및 기타 금속선(귀금속 제외)을 가공 또는 조립하여 각종 금속선 조립제품을 제조하는 산업활동을 말한다.
<예 시>
·비절연 금속 로프 제조
·금속 케이블 제조
·철망제품 제조
·철망제 발판 제조
·콘크리트용 철망 제조
·강망(expanded metal, 鋼網) 제조
·새장 제조(철선제)
·금속제 연선, 엮은 밴드, 사슬 제조
·금속선제 그릴 제조
·철망 제조
·금속선 직물 제조
·가시 있는 금속선(barbed wire) 제조
<제 외>
·금속제 못 제조(289910)
·스트립상의 스테이플, 클립 등 사무용 철선제품 제조(289915)
·선스프링 제조(289913)",92.0,0.0,11.1
2024,289902,제조업,금속 가공제품 제조업: 기계 및 가구 제외,그 외 기타 금속 가공제품 제조업,금속 캔 및 기타 포장용기 제조업,"◦상품 운반용 또는 포장용 금속제 통, 드럼, 캔 및 유사 용기를 제조하는 산업활동을 말한다.
<예 시>
·금속 통 제조
·금속제 병마개 제조     
·금속 상자 제조
·도로 설치용 쓰레기통 제조               
·우편함 및 우체통 제조
·소화장치 보관용 금속제 상자 제조
<제 외>
·압축 및 액화가스 운반용 또는 저장용 금속제 용기 제조(281205)
·설치용 또는 저장용 금속용기 제조(281204)
·하나 이상의 운송수단에 의하여 운반될 수 있도록 특별히 설계, 제작되거나 특수 구조를 갖춘 운반용 컨테이너 제조(342000)
·가정용 쌀통 등 식품저장용 금속제품 제조(289903)",88.0,0.0,7.9
2024,289903,제조업,금속 가공제품 제조업: 기계 및 가구 제외,그 외 기타 금속 가공제품 제조업,수동식 식품 가공 기기 및 금속 주방용기 제조업,"◦식품 가공용 비전기 수동식 기계 및 기구, 식품 저장◦조리◦공급용의 용기류 및 기타 가정용 금속 가공제품을 제조하는 산업활동을 말한다.
<예 시>
·양념 분쇄기 제조
·아이스크림 조제기 제조
·고기 절단 및 분쇄기 제조
·수동식 식품 가공기기 제조
·캔 및 병 개폐기 제조
·금속제 주방 용기 제조        
·쌀통 제조(금속)
·수동식 국수 절단기 및 압출기 제조
·달걀, 크림, 마요네즈 처리 도구 제조
·법랑제(냄비, 프라이팬, 가정용집기)
<제 외>
·금속 단조 및 압형 제품 제조(289101)
·가정용 비전기식 연소기, 풍로 및 난방기구 제조(293004)",92.4,0.0,10.7
2024,289908,제조업,금속 가공제품 제조업: 기계 및 가구 제외,"금속 파스너, 스프링 및 금속선 가공제품 제조업",볼트 및 너트류 제조업,"◦틈을 조이거나 고정시키는데 사용되는 나선 가공된 원통형 금속제 볼트 및 너트를 제조하는 산업활동을 말한다.
<제 외>
·나사못 제조(289910)",92.0,0.0,9.7
2024,289910,제조업,금속 가공제품 제조업: 기계 및 가구 제외,"금속 파스너, 스프링 및 금속선 가공제품 제조업",그 외 금속 파스너 및 나사제품 제조업,"◦틈을 조이거나 고정시키는데 사용되는 금속 파스너 및 나사제품을 제조하는 산업활동을 말한다.
<예 시>
·금속제품 영구 조립용 리벳 제조
·금속제 못, 압정 제조
·쐐기 및 쐐기 고정 못 제조
<제 외>
·볼트 및 너트 제조(289908)
·금속제 유금, 꺾쇠, 유금이 붙은 프레임, 버클용 유금 제조(281101)
·자물쇠가 결합된 금속제 유금 제조(289302)
·관(管) 리벳, 이고(二股) 리벳 제조(281101)",92.0,0.0,12.3
2024,289913,제조업,금속 가공제품 제조업: 기계 및 가구 제외,"금속 파스너, 스프링 및 금속선 가공제품 제조업",금속 스프링 제조업,"◦선형, 코일형, 나선형, 판형 등의 각종 금속 스프링을 제조하는 산업활동을 말한다.
<예 시>
·코일형 금속 스프링 제조
·금속 판 스프링 제조
·스프링 제조(금속)
·나선형 금속 스프링 제조",92.0,0.0,12.3
2024,289914,제조업,금속 가공제품 제조업: 기계 및 가구 제외,그 외 기타 금속 가공제품 제조업,피복 및 충전 용접봉 제조업,"◦금속이 기초가 되고 용제(플럭스, flux)를 피복 또는 심에 충전하여 납땜, 납접, 용접, 융착 등에 사용하는 용접봉 및 용접용 선ㆍ관ㆍ판ㆍ전극 등 유사 제품을 제조하는 산업활동을 말한다.
<예 시>
·전기 아크용접용 용제 도포 용접봉
·전기 아크용접용 용제 충전 용접봉
<제 외>
·피복, 도포, 충전하지 않은 용접용 금속 재료를 제조하는 경우는 재료물질인 금속 종류별 선, 봉, 관 등으로 분류",92.0,0.0,12.3
2024,289915,제조업,금속 가공제품 제조업: 기계 및 가구 제외,그 외 기타 금속 가공제품 제조업,그 외 기타 분류 안된 금속 가공제품 제조업,"◦사무실용 금속비품
<예 시>
·금속제 서류철용 부착물, 서신용 클립, 레터코너, 서류용 클립, 색인용 택 및 스트립상의 사무용 스테이플
·비금속제의 서류 정리함, 카드 인텍스함, 서류꽂이, 연필꽂이대, 사무실용 스탬프스탠드와 유사한 사무실용 또는 책상용 비품",92.0,0.0,12.3
2024,289916,제조업,금속 가공제품 제조업: 기계 및 가구 제외,그 외 기타 금속 가공제품 제조업,금속 위생용품 제조업,"◦고정 설치용 여부를 불문하고 세면기, 개수통, 변기, 목욕통 등의 금속 위생용품을 제조하는 산업활동을 말한다.
<예 시>
·금속제 세면기 제조
·금속제 목욕통 제조
·금속제 개수통(싱크 상판) 제조
·금속제 위생용품 및 부분품 제조
<제 외>
·금속관 연결구류 제조(271202)
·금속제 주방용기 제조(289903)
·금속제 개수통과 그 장치대(목재 또는 금속 재료)가 결합·조립된 주방용 가구 제조(361001)",88.0,0.0,10.9
2024,289917,제조업,금속 가공제품 제조업: 기계 및 가구 제외,그 외 기타 금속 가공제품 제조업,금속 표시판 제조업,"◦금속 표시판, 교통 금속 표시판 및 관련 장치물을 제조하는 산업활동을 말한다.
<예 시> 
·도로 표지 금속판 제조
·교통 표지 금속판 제조
·표시 금속판 제조
·교통 안전 표시 금속판 제조
<제 외>
·교통 신호장치 제조(319005)",92.4,0.0,13.0
2024,289918,제조업,금속 가공제품 제조업: 기계 및 가구 제외,그 외 기타 금속 가공제품 제조업,그 외 기타 분류 안된 금속 가공제품 제조업,"◦금고
<예 시>
·금고, 장갑 금고실, 금고실 라이닝, 금고실문, 현금괴 등",92.4,0.0,7.5
2024,291100,제조업,기타 기계 및 장비 제조업,내연기관 및 터빈 제조업: 항공기용 및 차량용 제외,내연기관 제조업,"◦석유, 등유, 알코올, 가스 등을 연료로 사용하는 불꽃 점화식 또는 압축 점화식 피스톤 내연기관(엔진)을 제조하는 산업활동을 말한다. 자동차용, 이륜차용, 항공기용은 제외한다.
<예 시>
·선박용 피스톤 내연기관 제조",91.9,0.0,10.2
2024,291101,제조업,기타 기계 및 장비 제조업,내연기관 및 터빈 제조업: 항공기용 및 차량용 제외,기타 기관 및 터빈 제조업,"◦내연기관을 제외한 기타 엔진 및 터빈, 풍력 엔진 및 수력 엔진 등을 제조하는 산업활동을 말한다.
<예 시>
·증기 기관 제조               
·증기 터빈 제조                
·가스 터빈 제조       
·추 구동식 모터 제조          
·스프링 구동식 모터 제조       
·수력 터빈 제조       
·조정기 등 터빈 부분품 제조

<제 외>
·펌프가 결합된 기압식 또는 유압식 엔진 및 모터 제조(291200)
·터보 제트 및 터보 프로펠러 제조(353000,353003)
·전기 모터 제조(311002)",91.9,0.0,14.7
2024,291200,제조업,기타 기계 및 장비 제조업,유압 기기 제조업,유압 기기 제조업,"◦유압식 또는 기압식의 펌프, 모터, 실린더 등 유압 구동장치를 구성하는 기기를 제조하는 산업활동을 말한다.
<예 시>
·유압(공기압) 펌프 제조
·유압(공기압) 모터 제조       
·유압(공기압) 실린더 제조
·유압 시스템 제조             
·유압(공기압) 밸브, 호스, 연결구 제조
·공기압 시스템에 사용되는 공기 준비장치 제조
<제 외>
·전기 모터 제조(311002)
·자동차의 자동변속기 제조(343003)
·유압기기를 이용한 토목공사용 장비 제조(292400)",89.6,0.0,7.9
2024,291201,제조업,기타 기계 및 장비 제조업,"펌프 및 압축기 제조업: 탭, 밸브 및 유사 장치 제조 포함",액체 펌프 제조업,"◦일반 산업용◦공업용 또는 계량용 액체 펌프, 양수기 및 유사 장치를 제조하는 산업활동을 말한다.
<예 시>
·펌프 제조
·회전 펌프 제조
·콘크리트 펌프 제조       
·원심 펌프 제조
·왕복 펌프 제조
·실험실용 펌프 제조      
·급유용 펌프 제조
<제 외>
·유압(공기압) 펌프 제조(291200)
·기체 펌프 제조(291202)",89.6,0.0,12.2
2024,291202,제조업,기타 기계 및 장비 제조업,"펌프 및 압축기 제조업: 탭, 밸브 및 유사 장치 제조 포함",기체 펌프 및 압축기 제조업,"◦일반 산업용, 공업용 또는 계량용 공기 펌프 및 기타 가스 펌프 장비와 압축기를 제조하는 산업활동을 말한다.
<예 시>
·공기 펌프 제조
·가스 펌프 제조
·기체 압축기 제조       
·진공 펌프 제조
·왕복 펌프 제조(공기용적형)
·회전 펌프 제조(공기용적형)
<제 외>
·유압(공기압) 펌프 제조(291200)
·액체 펌프 제조(291201)",89.6,0.0,12.2
2024,291300,제조업,기타 기계 및 장비 제조업,"베어링, 기어 및 동력 전달장치 제조업",기어 및 동력전달장치 제조업,"◦항공기용 또는 차량용을 제외한 각종 기계◦장비용 속도 변환기, 동력 전달장치 및 기타 관련 장치를 제조하는 산업활동을 말한다.
<예 시>
·전동축 제조
·변속기 제조
·크랭크 제조       
·플라이 휠 제조
·베어링 하우징 제조
·풀리 제조       
·클러치 제조
·플레인 샤프트 베어링 제조
·기어와 기어링 제조
·샤프트 커플링 제조
·볼 스크루 제조
·링크 체인 제조       
·기어 박스 제조
·발전기용 동력 전달장치
<제 외>
·유압기기 제조(291200)
·볼베어링 또는 롤러베어링 제조(291301)
·전자석 클러치 제조(319002)
·차량 및 항공기의 부분품 성격인 동력 전달장치 제조는 (343003) 또는 (353000)에 각각 분류",90.7,0.0,11.5
2024,291301,제조업,기타 기계 및 장비 제조업,"베어링, 기어 및 동력 전달장치 제조업",구름베어링 제조업,"◦볼베어링, 롤러베어링 등 각종 구름베어링 및 이들의 전용 부분품을 제조하는 산업활동을 말한다.
<예 시>
·볼베어링 제조
·롤러베어링 제조
<제 외>
·베어링 하우징 및 플레인 샤프트 베어링 제조(291300)",90.7,0.0,14.5
2024,291401,제조업,기타 기계 및 장비 제조업,"산업용 오븐, 노 및 노용 버너 제조업","산업용 오븐, 노 및 노용 버너 제조업","◦광물, 금속 및 기타 물질을 가열◦용해 또는 기타 열처리하는 전기식 또는 비전기식의 공업용 및 이화학용 노와 오븐을 제조하거나 액체, 고체 또는 기체 연료용의 노용 연소기 및 기계식 급탄기, 격자(불판), 재(회) 방출기 및 유사 기기를 제조하는 산업활동을 말한다. 태양열 집열 가열장치 및 건물 장착용 히터를 제조하는 활동을 포함한다.
<예 시>
·폐기물 소각로 제조
·공업용 가열기 제조             
·이화학용 가열기 제조
·노용 연소기 제조         
·기계식 급탄기(탄 공급기) 제조
·연소기가 장착된 산업용 노 및 오븐 제조
·건물 장착용 히터 제조
·태양열 집열 및 가열장치 제조(가정용 포함)
<제 외>
·식품, 음료, 담배 가공용 가열 설비 및 장비 제조(292500)
·가정용 버너 및 난로 제조(293004)
·의료용 또는 실험실용 살균기 제조(331102)",88.6,0.0,16.8
2024,291501,제조업,기타 기계 및 장비 제조업,"산업용 트럭, 승강기 및 물품 취급장비 제조업",산업용 트럭 및 적재기 제조업,"◦공장, 창고, 부두, 공항 등에서 비교적 단거리간의 각종 화물을 운반 또는 취급하는 비도로 주행용의 기계식 추진 트럭, 트랙터 및 적재기 등을 제조하는 산업활동을 말한다.
<예 시>
·포크 리프트 트럭, 작업 트럭(인양용 또는 하역용 장비 부착 여부 불문) 제조
·철도역의 플랫폼에서 사용하는 트랙터 제조
·단거리 화물 운반 및 취급용 트럭, 철도역 구내용 트랙터 및 부속품 제조
·데릭, 크레인, 스트래들 캐리어 및 크레인이 결합된 작업 트럭 제조
<제 외>
·산업용 트레일러 제조(342000)
·특수 산업용 손수레 및 수동식 운반차량 제조(359202)",89.2,0.0,14.7
2024,291502,제조업,기타 기계 및 장비 제조업,"산업용 트럭, 승강기 및 물품 취급장비 제조업",기타 물품 취급장비 제조업,"◦물품 인양, 하역 및 취급용 기계장비를 제조하는 산업활동으로서 단순식 및 복합식, 고정식, 로터리식 또는 운송장비에 완전 장착되는 이동식의 것을 포함한다.
<예 시>
·호이스트 제조
·타워 크레인, 주행 크레인 제조
·풀리 태클 제조
·캡스턴 제조
·잭 제조
·윈치 제조
·도르래 제조
<제 외>
·스킵 호이스트 제조(291504)",91.1,0.0,10.3
2024,291503,제조업,기타 기계 및 장비 제조업,"산업용 트럭, 승강기 및 물품 취급장비 제조업",승강기 제조업,"◦공기식 또는 기타 방식으로 연속 작동되는 엘리베이터, 에스컬레이터, 이동식 계단 등 사람이나 물품을 이송시키는 승강기와 기타 유사한 장치를 제조하는 산업활동을 말한다.
<예 시>
·엘리베이터 제조
·에스컬레이터 제조
·이동식 계단 제조
·이동식 보도 제조",91.1,0.0,10.9
2024,291504,제조업,기타 기계 및 장비 제조업,"산업용 트럭, 승강기 및 물품 취급장비 제조업",컨베이어 장치 제조업,"◦공기식 또는 기타 방식으로 연속 작동되는 컨베이어장치 및 유사 장치를 제조하는 산업활동을 말한다.
<예 시>
·컨베이어 장치 제조
·스킵 호이스트 제조
·건설용 및 스키장용 리프트 제조
·농업용 컨베이어 장치 제조
<제 외>
·광산 지하 작업용 컨베이어 및 엘리베이터 제조(292401)",91.1,0.0,9.6
2024,291901,제조업,기타 기계 및 장비 제조업,기타 일반 목적용 기계 제조업,그 외 기타 일반목적용 기계 제조업,"◦정밀 측정용 감량저울을 제외한 가정․상업․산업용의 각종 저울을 제조하는 산업활동을 말한다.
<예 시>
·중량 측정기 제조
·저울 제조(정밀 측정용 감량저울 제외)
·저울 추 및 부분품 제조
<제 외>
·정밀 측정용 감량저울 제조(331207)",92.0,0.0,9.7
2024,291902,제조업,기타 기계 및 장비 제조업,"냉각, 공기 조화, 여과, 증류 및 가스 발생기 제조업",산업용 냉장 및 냉동장비 제조업,"◦산업용, 상업용 냉장 및 냉동장비와 기타 유사 장비를 제조하는 산업활동을 말한다.
<예 시>
·냉각 단위 제조
·냉동장비 제조
·냉장고 제조
·냉장장비 제조
·열(히트)펌프 제조
<제 외>
·가정용 냉장고 제조(293001)
·공기조화장치용 열(히트)펌프 제조(291903)",89.9,0.0,10.6
2024,291903,제조업,기타 기계 및 장비 제조업,"냉각, 공기 조화, 여과, 증류 및 가스 발생기 제조업","가정용 및 산업용 공기 조화장치 제조업, 운송장비용 공기 조화장치 제조업","◦운송장비용, 가정용, 산업 및 상업용 등 각종 공기 조화 및 조절장치를 제조하는 산업활동을 말한다. 여기에는 공기의 온도(가열 또는 냉각) 및 습도(가습 또는 건조)를 단일 또는 복합적으로 변화시킬 수 있는 것도 포함한다.
<예 시>
·항온 및 항습기 제조
·각종 용도의 에어컨디셔너 제조
·각종 용도의 공기 조절장치 제조
·공기 조절기 제조
<제 외>
·산업용 송풍기 제조(291904)
·액체용(291906) 또는 기체용(291905) 여과기 및 청정기 제조",89.9,0.0,5.9
2024,291904,제조업,기타 기계 및 장비 제조업,"냉각, 공기 조화, 여과, 증류 및 가스 발생기 제조업",산업용 송풍기 및 배기장치 제조업,"◦산업 및 상업용 송풍, 환풍 및 배기장치를 제조하는 산업활동을 말한다.
<예 시>
·배기장치 제조
·환풍장치 제조
<제 외>
·액체용(291906) 또는 기체용(291905) 여과기 및 청정기 제조
·가정 및 사무실용 선풍기 제조(293002)
·산업용 원심분리기 제조(291911)",89.9,0.0,8.3
2024,291905,제조업,기타 기계 및 장비 제조업,"냉각, 공기 조화, 여과, 증류 및 가스 발생기 제조업",기체 여과기 제조업,"◦가정, 산업 및 상업용의 공기, 가스 또는 기타 기체 여과기 및 청정기를 제조하는 산업활동을 말한다.
<예 시>
·여과기 제조(공기, 기체용)
·공기 청정기 제조
·매연 여과기 제조
·집진기 제조
·사이크론, 가스세정기, 흡수탑
<제 외>
·유류 및 기타 액체 여과기 제조(291906)",89.9,0.0,8.3
2024,291906,제조업,기타 기계 및 장비 제조업,"냉각, 공기 조화, 여과, 증류 및 가스 발생기 제조업",액체 여과기 제조업,"◦가정, 산업 및 상업용의 액체 여과기 및 청정기를 제조하는 산업활동을 말한다.
<예 시>
·청정기 제조(액체용)
·유류 여과기 제조
·정수기 제조         
·액체 연료 여과기 제조
·폐수 처리장치 제조
·식수 정수장치 제조
·가정용수 필터, 내연기관용 및 공작기계용 오일 필터, 보일러 용수 필터 등 제조
<제 외>
·기체 여과기 제조(291905)
·전기 이온 정수기 제조(319002)
·여과포(직물제) 제조(172902)",89.9,0.0,5.9
2024,291907,제조업,기타 기계 및 장비 제조업,"냉각, 공기 조화, 여과, 증류 및 가스 발생기 제조업","증류기, 열 교환기 및 가스 발생기 제조업","◦가스 발생기, 열 교환장치, 기체 또는 공기 액화용 기기, 고체 또는 액체 물질의 증류기, 건류기, 정류기를 제조하는 산업활동을 말한다.
<예 시>
·가스 발생기 제조
·열 교환장치 제조
·증류기 제조
·기체 액화용 기기 제조
·정류기 제조
·건류기 제조
·액체 정류기 제조
·공기 액화용 기기 제조
·온도 변화에 의한 방법으로 재료를 처리하는 기기, 설비 또는 장치(전기 가열식 및 이화학용의 것을 포함, 가정용 제외) 제조",89.9,0.0,11.8
2024,291908,제조업,기타 기계 및 장비 제조업,기타 일반 목적용 기계 제조업,"용기 세척, 포장 및 충전기 제조업","◦용기의 세척 및 건조용 기계와 병, 깡통, 상자, 자루, 기타 용기에 음료용 탄산가스를 포함한 각종 물질을 주입, 충전, 봉합, 캡슐 포장 또는 상표를 부착하는 각종 포장용 기계를 제조하는 산업활동을 말한다.
<예 시>
·가스 충전기 제조
·음료용 탄산가스 주입기 제조
·포장용 봉합기 제조
<제 외>
·가정용 접시 세척기 제조(293001)
·산업용 접시 세척기 제조(291911)",89.9,0.0,11.8
2024,291909,제조업,기타 기계 및 장비 제조업,기타 일반 목적용 기계 제조업,분사기 및 소화기 제조업,"◦농업용 이외의 액체, 증기, 분말의 분사◦살포 및 분무용 기기, 증기 또는 모래 분사기 및 기타 이와 유사한 제트 분사기 등을 제조하는 산업활동을 말한다.
<예 시>
·소화용 분사기 제조
·분무용 스프레이 건 제조
·증기 또는 모래 분사기 제조
·분사식 세차기 제조
·액체 분무용 기기 제조
·분말 분사용 기기 제조
<제 외>
·농업용 분무기 제조(292100)
·제트 수압 절단기(292203)",89.9,0.0,11.8
2024,291911,제조업,기타 기계 및 장비 제조업,기타 일반 목적용 기계 제조업,그 외 기타 일반 목적용 기계 제조업,"◦달리 분류되지 않은 일반 목적용 기계 제조업으로서 비전기식 용접기, 압연기, 압축 롤러, 자동 판매기 및 화폐 교환기 등을 제조하는 산업활동을 말한다. 가스 또는 기타 방식의 납땜기, 용접기, 표면 열처리용 기기 등을 제조하는 산업활동을 포함한다. 개스킷 및 유사 조인트 등은 금속 외의 재료와 결합한 금속판제의 것 또는 금속을 두 개 이상 적층한 것만 포함한다.
<예 시>
·가스킷 제조(적층 및 조립)
·롤러 제조(압착용)
·캘린더기(압축 롤러) 제조
·기계 밀봉(mechanical seal) 제조  
·배소장치 제조
·직물접착용 압연 기기
·열식 살균장치 제조
·원심 분리기 제조(산업용)
·원심 청정기 제조(산업용)
·산업용 접시 세척기 제조
·비전기식 용접기 제조
·가스 자동절단기 제조
·납땜용 인두와 건 제조
·표면 열처리용 기기 제조
·자동 판매기 제조
·화폐 교환기 제조
<제 외>
·크림 분리기 및 식품 가공용 열처리장치 제조(292500)
·산업용 원심 의류탈수기 제조(292601)
·전기식 용접기 제조(319002)",89.9,0.0,10.9
2024,292100,제조업,기타 기계 및 장비 제조업,농업 및 임업용 기계 제조업,농업 및 임업용 기계 제조업,"◦농◦임◦축산물의 생산 및 출하 준비 과정에 사용되는 기계◦장비를 제조하는 산업활동으로서 농업용 경작기, 파종기, 이앙기, 수확기 등의 농업용 기계, 축산용 기계, 임업용 기계, 원예용 기계, 정원용 기계를 제조하는 활동을 포함한다.
<예 시>
·경운기 및 이앙기 제조
·콤바인 및 탈곡기 제조
·농업용 분무기 제조
·잔디 깎는 기계 제조
·착유기 제조
·선별기 및 세척기 제조(농산물용)
·부화기 제조
·농산물용 건조기 제조
·양봉용 기계 제조
·농업용 관배수 기기 제조
·농업용 트레일러 제조
·농업용 트랙터 제조
<제 외>
·농업, 원예, 임업용 수공구 제조(289301,289306)
·산업용 트럭 및 플랫폼에서 사용되는 트랙터 제조(291501)
·농장용 컨베이어 제조(291504)
·건설 및 광산용 트랙터 제조(292400)
·곡물 정미기, 제분기 등 식품 가공용 기계 제조(292500)
·크림 분리기 제조(292500)
·도로 주행용 세미 트레일러 트랙터 제조(341001)",92.8,0.0,9.1
2024,292201,제조업,기타 기계 및 장비 제조업,기타 일반 목적용 기계 제조업,동력식 수지 공구 제조업,"◦다양한 목적으로 사용되는 각종 수지식 동력공구를 제조하는 산업활동을 말한다. 이러한 도구는 통상 압축 공기 모터, 내연기관 모터, 자장 전기 모터 및 기타 형의 모터를 부착하고 있다.
<예 시>
·착암기 제조
·전기 그라인더 제조
·수지식 전동공구 제조       
·수지식 동력 구동공구 제조
·동력식 드릴 제조
·동력식 나사용 드라이버 제조      
·대패(모터 자장) 제조
·전기 톱 제조
·동력식 임팩트 렌치 제조       
·정타기(모터 자장) 제조
·체인 톱(비전기 모터식) 제조
<제 외>
·비동력 수공구 제조(289301,289306)",90.1,0.0,10.7
2024,292202,제조업,기타 기계 및 장비 제조업,가공 공작기계 제조업,금속 절삭기계 제조업,"◦금속 가공용 머시닝센터 및 고정◦이동 가공물 복합 공작기계(트랜스퍼 머신)를 포함하여 금속을 수직◦수평 및 원주형으로 분할◦절단◦절삭◦천공◦연마하여 필요한 형태의 제품을 만드는 금속 절삭가공 기계를 제조하는 산업활동을 말한다. 이러한 기계에 장착하는 호환성 공구 등의 제조는 원칙적으로 여기에 포함되지 않는다.
<예 시>
·선반 제조
·머시닝센터 제조(금속 가공용)
·연삭기 및 평삭기 제조
·밀링 머신 제조
·호닝기 제조
·탭핑용 공작기계 제조
<제 외>
·호환성 공구 제조(289303)
·주형 및 금형 제조(292903)
·전자 응용 금속 절삭기계 제조(292203)
·동력식 수지공구 제조(292201)",89.8,0.0,9.9
2024,292203,제조업,기타 기계 및 장비 제조업,가공 공작기계 제조업,전자 응용 절삭기계 제조업,"◦레이저 및 기타 광선과 광자 빔, 초음파, 방전, 전기 화학, 전자 빔, 이온 빔, 플라스마 아크 등의 방식에 의하여 각종 재료(금속 또는 비금속재 불문)를 재단 또는 표면 절삭하는 일반 절삭기계를 제조하는 산업활동을 말한다. 수압 또는 수압과 연마제 방식의 워터 제트 절단기도 포함한다. 특정 재료의 절삭용으로만 사용될 수 있는 기계◦장비 제조는 제외한다.
<예 시>
·레이저 응용 절삭기계 제조
·광선 응용 절삭기계 제조       
·전자빔 응용 절삭기계 제조
·이온빔 응용 절삭기계 제조       
·워터 제트 절단기 제조
<제 외>
·다기능을 갖고 있는 산업용 로봇 제조(292901)",91.9,0.0,11.9
2024,292204,제조업,기타 기계 및 장비 제조업,가공 공작기계 제조업,기타 가공 공작기계 제조업,"◦목재, 석재, 도자기, 콘크리트, 냉간 유리 및 기타 유사한 광물성 재료, 뼈, 경화 고무, 경화 플라스틱 및 이와 유사한 경질 물질의 절삭가공 공작기계를 제조하는 산업활동과 각종 공작기계 사용과 관련한 홀더, 분할대, 공구잡이 등을 제조하는 산업활동을 포함한다. 이러한 기계는 통상적으로 동력 작동식, 수동식 또는 발 작동식의 것을 포함한다.
<예 시>
·광물성 재료 가공기계 제조
·파티클보드 제조용 프레스기 제조       
·공작물 조립기 제조
·파이버보드 제조용 프레스기 제조       
·콘크리트 가공기계 제조
·코르크 가공기계 제조
·공구홀더 제조
·분할대 제조       
·자동개폐식 다이헤드 제조
·가공 홀더 제조
·툴홀더 제조
·다이 및 다이 세트 제조       
·코일 가공기 제조
·철선 가공기(인발기 제외) 제조
·공작기계용 특수 부착물 제조
<제 외>
·동력식 수지공구 제조(292201)       
·열간 유리, 도자기, 고무 및 플라스틱 성형기계 제조(292906)
·주형 및 금형 제조(292903)
·전선 피복 가공기 제조(292907)",89.8,0.0,11.8
2024,292205,제조업,기타 기계 및 장비 제조업,가공 공작기계 제조업,디지털 적층 성형기계 제조업,"◦3차원 디지털 설계도에 따라 금속, 플라스틱제 등의 액체, 가루 분말, 필라멘트사, 박판 등을 재료로 한층 씩 쌓아올리는 적층방식의 성형기계(3D 프린터)를 제조하는 산업활동을 말한다.
<예 시>
·쾌속 조형장비 제조
·적층 제조장비 제조
·삼차원(3D) 조형기 제조                
·삼차원 프린터 제조
·디지털 제어 적층 조형기 제조",91.9,0.0,9.3
2024,292206,제조업,기타 기계 및 장비 제조업,가공 공작기계 제조업,금속 성형기계 제조업,"◦금형 및 기타 장치를 장착하여 금속 물질을 단조, 압형, 압축, 굽힘, 접음, 회전 등의 방식을 통하여 금속 물질을 특정 형태로 성형하는 기계를 제조하는 산업활동을 말한다. 이러한 기계에 장착하는 금형 등의 제조는 원칙적으로 여기에 포함되지 않는다.
<예 시>
·금속선 인발 및 가공기 제조
·철판 절곡기 제조
·금속 단조기(스탬핑기) 제조 
·다이 스탬핑기 제조
·금속 절곡기 제조
·펀칭기 제조       
·프레스기 제조
·에어 해머 제조
·전단기 제조       
·철망 제조기 제조
<제 외>
·호환성공구 제조(289303)
·주형 및 금형 제조(292903)
·전자 응용 금속 절삭기계 제조(292203)
·동력식 수지공구 제조(292201)",91.9,0.0,10.9
2024,292300,제조업,기타 기계 및 장비 제조업,금속 주조 및 기타 야금용 기계 제조업,금속 주조 및 기타 야금용 기계 제조업,"◦금속을 용융 처리하거나 용융 가열된 금속을 가공하는 기계장비, 금속 주조기, 금속 압연기, 압연기용 롤 및 기타 야금용 기계를 제조하는 산업활동을 말한다.
<예 시>
·금속 전기로 제조
·금속 냉간 및 열간 압연기 제조       
·금속 압력 주조기 제조
·금속 주괴(잉곳)용 주형과 레이들 제조       
·금속 다이케스팅기 제조
·금속 압연기용 롤러 제조
<제 외>
·바, 튜브, 프로파일, 철선 등을 압출, 인발하는 인발기 제조(292206)
·주조용 금형 및 주형(잉곳용 주형 및 주형기 제외) 제조(292203)
·금속 또는 유리용 이외의 압연기 제조(291911)",92.0,0.0,10.6
2024,292400,제조업,기타 기계 및 장비 제조업,건설 및 광업용 기계장비 제조업,건설 및 채광용 기계장비 제조업,"◦건설 또는 광업용의 굴착, 채굴 및 정지 등의 목적으로 사용하는 각종 토목공사용 기계장비 및 유사 기기를 제조하는 산업활동을 말한다.
<예 시>
·항타기, 항발기 제조
·불도저와 앵글도저 제조
·굴삭기 제조       
·시추기 제조
·탬핑머신 제조(토목공사용)
·기계식 삽 제조       
·그레이더와 레벨러 제조
·무한궤도식 트랙터 제조
·셔블 로우더 제조       
·광석 채굴기 제조
·스크레이퍼 제조(토목공사용)   
·콘크리트 및 모르타르 믹서기 제조
·광산 등에서 사용하기 위해 특수 제작된 비도로 주행용 덤프 트럭 제조
<제 외>
·콘크리트 믹서 운반용 차량(341001)
·도로주행용 일반 덤프 트럭(341001)",90.1,0.0,11.0
2024,292401,제조업,기타 기계 및 장비 제조업,건설 및 광업용 기계장비 제조업,광물 처리 및 취급장비 제조업,"◦지하 작업용 연속 작동식 물품 취급장비, 광물 재료의 처리, 혼합, 성형용 기계를 제조하는 산업활동을 말한다.
<예 시>
·광물 선별기 제조
·광물 세척기 제조
·광물 분리기 제조       
·광물 파쇄기 제조
·광물 성형기 제조
·광물 반죽기 제조       
·컨베이어 제조(지하 작업용)
·엘리베이터 제조(지하 작업용)
<제 외>
·석재 및 요업제품 절삭 가공기계 제조(292204)",90.1,0.0,13.5
2024,292500,제조업,기타 기계 및 장비 제조업,음ㆍ식료품 및 담배 가공기계 제조업,음ㆍ식료품 및 담배 가공기계 제조업,"◦농업용 및 가정용을 제외한 우유, 곡물, 육지고기, 물고기, 과실 및 채소류 가공기계와 과자, 제빵, 음료 및 담배 제조용 기계 등을 제조하는 산업활동을 말한다.
<예 시> 
·낙농품 가공처리기 제조
·크림 분리기 제조
·곡물 선별기 제조
·제분용 기계 제조
·곡물 세척기 제조
·양조용 기계 제조
·식품용 가열 및 냉각기 제조
·유지 추출기계 제조
·건조기 제조
<제 외>
·가열장치 또는 기계장치가 부착되지 않은 통, 탱크 제조(281204)
·포장용 또는 병 세척용 기계 제조(291908)
·농업용 조란, 과실 세척기, 분류기, 선별기 및 기타 기계 제조(292100)
·가정용 식품 가공기계 제조(293001,293004)",89.9,0.0,9.7
2024,292600,제조업,기타 기계 및 장비 제조업,"섬유, 의복 및 가죽 가공기계 제조업","기타 섬유, 의복 및 가죽 가공기계 제조업","◦방직용 섬유의 방적 준비, 직조 및 편조 등 각종 섬유◦의복 가공기계 및 가죽 제품 생산용 기계를 제조하는 산업활동을 말한다. 가정용의 것을 포함한 각종 용도의 재봉기, 자수기를 제조하는 산업활동을 포함한다.
<예 시>
·재봉기 제조
·재봉기용 바늘 및 부분품 제조
·자수기 제조
·자수기용 바늘 및 부분품 제조
·방적 준비기 제조
·편조기 및 직조기 제조
·재단기 제조
·방적기 및 연사기 제조
·권사기 제조, 섬유용
·사(실) 가공기 제조
<제 외>
·수침 바늘 제조(281101)
·제책용 재봉기 제조(292902)",91.4,0.0,9.1
2024,292601,제조업,기타 기계 및 장비 제조업,"섬유, 의복 및 가죽 가공기계 제조업","산업용 섬유 세척, 염색, 정리 및 가공 기계 제조업","◦상업 또는 산업용 섬유, 사, 직물, 섬유제품을 세척◦표백◦염색◦다림질◦정리◦코팅◦침적하거나 직물을 적층◦권취◦절단하는 각종 섬유 물질 처리 가공용 기계를 제조하는 산업활동을 말한다. 원피, 가죽처리 기계 및 부직포◦펠트 가공기계를 제조하는 경우도 포함한다.
<예 시>
·세탁소형 세탁기 제조
·직물 절단기 제조
·날염기 제조                             
·드라이 클리닝기 제조
·텐터기 제조
·호부기 제조
·원심식 의류 건조기 제조
<제 외>
·가정용 세탁기 및 건조기, 전기 다리미 제조(293002)
·가죽생산용 또는 신발제조 및 수리용 기계 제조(292600)",91.4,0.0,12.1
2024,292700,제조업,금속 가공제품 제조업: 기계 및 가구 제외,무기 및 총포탄 제조업,무기 및 총포탄 제조업,"◦로켓 발사기, 소형 화기 및 중화기와 총탄, 포탄, 폭탄 등 군사용 및 경찰용의 각종 무기를 제조하는 산업활동을 말한다. 수렵용 및 경기용의 총포탄을 제조하는 경우도 포함한다.
<예 시>
·폭탄 제조
·총탄 제조
·비군사용 무기 제조
·공기총 제조
·가스총 제조
·경기용 무기 제조
·수렵용 무기 제조
<제 외>
·폭발 점화장치, 뇌관, 불꽃제품 및 화약 제조(242906,369907)
·탱크, 전차 제조(359201)
·대륙간 탄도미사일 제조(353001)
·단검 제조(289304)",89.6,0.0,10.5
2024,292901,제조업,기타 기계 및 장비 제조업,산업용 로봇 제조업,산업용 로봇 제조업,"◦자동 제어 및 프로그램 수정이 가능하며 다목적 기능(용접, 도장, 하역ㆍ적하 및 양하, 절단, 조립ㆍ금속 기타 가공 등)을 수행하고 3개 축 이상을 가진 자동 조정장치인 산업용 로봇을 제조하는 산업활동을 말한다.
<예 시>
·산업용 로봇 제조
<제 외>
·물품 이송용 로봇 제조(291502)
·액체 및 분말 분사용 로봇(291909)
·착유용 로봇(292100)",89.6,0.0,11.5
2024,292902,제조업,기타 기계 및 장비 제조업,기타 특수 목적용 기계 제조업,인쇄 및 제책용 기계 제조업,"◦활자 주조기, 활자 식자기, 인쇄용 판◦블록◦실린더 제조기, 인쇄용 활자◦블록◦판◦실린더 제조, 인쇄기 및 인쇄 보조장치, 제책(제본)용 기계 등을 제조하는 산업활동을 말한다.
<예 시>
·인쇄 보조용 기계 제조
·활자 주조기 제조
·제판용 기계 제조
·식자기 제조
·오프셋 인쇄용 기계 제조
·활판 인쇄용 기계 제조
·곡면 인쇄용 기계 제조
·그라비아 인쇄용 기계 제조
·제책용 재봉기 제조
·제본기 제조",90.6,0.0,10.2
2024,292903,제조업,기타 기계 및 장비 제조업,기타 특수 목적용 기계 제조업,주형 및 금형 제조업,"◦각종 물질의 주조, 단조, 압형, 성형용 주형을 제조하거나 주형 제조용 모형 및 산업용 모형 등을 제조하는 산업활동을 말한다.
<예 시>
·다이 및 펀치 제조
·주형 틀 제조
·각종 물질용 금형 제조
·주형 베이스 제조
·산업용 모형 제조
·콘크리트 제품용 주형 제조
<제 외>
·지그 및 관련장치 제조(292204)
·잉곳용 주형 제조(292300)",90.8,0.0,15.0
2024,292905,제조업,기타 기계 및 장비 제조업,기타 특수 목적용 기계 제조업,그 외 기타 특수목적용 기계 제조업,"◦펄프, 종이, 판지 및 종이류 가공 제품용 기계를 제조하는 산업활동을 말한다.
<예 시>
·펄프 제조 및 가공기 제조
·종이 제조 및 가공기 제조
·판지 제조 및 가공기 제조
·종이 완성 가공기 제조
·종이, 판지제품 제조기 제조
<제 외>
·제본기 제조(292902)",90.6,0.0,12.0
2024,292906,제조업,기타 기계 및 장비 제조업,기타 특수 목적용 기계 제조업,"고무, 화학섬유 및 플라스틱 성형기 제조업","◦고무 또는 플라스틱 재료로 각종 제품을 사출 성형하는 기계 및 장비를 제조하는 산업활동을 말한다. 화학섬유의 방사, 인발 및 텍스처용 가공기계 제조도 포함한다.
<예 시>
·고무 성형 가공기 제조
·플라스틱 성형 가공기 제조
·화학섬유 방사기 제조
·화학섬유 인발기 제조
<제 외>
·경화 고무 또는 경화 플라스틱 가공기계 제조(292204)",90.6,0.0,12.0
2024,292907,제조업,기타 기계 및 장비 제조업,기타 특수 목적용 기계 제조업,그 외 기타 특수 목적용 기계 제조업,"◦유리 및 요업용 기계, 산업용 열식 건조기 및 금속 표면 처리용 기기, 전선 권선기, 동위원소 분리용 기기와 개별 기능을 가진 기타 특수 기계를 제조하는 산업활동을 말한다.
<예 시>
·전구 제조기 제조
·비금속 광물제품 열간 가공기 제조
·비금속 광물제품 가공 기계 제조
·산업용 물질 건조기 제조(농업용, 가정용 제외)
·건조기 제조(열식, 산업용)
·절연 또는 보호 재료 피복기 제조
·공기 가습기 및 제습기 제조
·로프 또는 케이블 제조기 제조
·금속 세척기 제조
·폐기물 처리 기기 제조
·교반기 제조
·아일레팅(eyeletting)기, 관상(튜우블러) 리베팅기 제조
·자동 도어 작동기 제조
·자동 마그네틱 테이프 제조기 제조
·전기 또는 전자 램프, 튜브, 밸브, 섬광 전구(플래시 벌브) 조립기계 제조(외피가 유리제의 것)
·인쇄회로기판 표면실장용 기계(SMT 장비) 제조
·동위원소 분리기 제조
·디스플레이 유리 기판 제조용 기계 제조
·전자식 모의 훈련 기기(시뮬레이터) 제조
<제 외>
·일반목적용 원심분리기 제조(291911)
·가정용 의복건조기 제조(293002)
·농산물 건조기 제조(292100)
·산업용 식품 가열 또는 냉각기 제조(292500)
·가정용 전기 가열기 및 건조기 제조(293001,293002,293005)
·온도 변화에 의한 방법으로 재료를 처리하는 기기, 설비 또는 장치(전기 가열식 및 이화학용의 것을 포함, 가정용 제외) 제조(291907)
·냉간 유리 가공 공작기계 제조(292204)",90.6,0.0,10.9
2024,292908,제조업,기타 기계 및 장비 제조업,반도체 및 디스플레이 제조용 기계 제조업,반도체 제조용 기계 제조업,"◦웨이퍼 가공 및 반도체 조립용 장비 등의 반도체 제조에 직접 사용되는 기계◦장비를 제조하는 산업활동을 말한다. 인쇄회로기판 제조관련 장비, 반도체 시험검사기 등과 같이 그 특정 기능을 갖는 장비를 제조하는 경우에는 제외한다.
<예 시>
·반도체 조립용 장비 제조
·웨이퍼 식각 및 현상기계 제조
·포토 레지스터 현상 및 도포용 기계 제조
<제 외>
·반도체 시험 검사기 제조(331204,331207)",90.8,0.0,12.4
2024,292909,제조업,기타 기계 및 장비 제조업,반도체 및 디스플레이 제조용 기계 제조업,디스플레이 제조용 기계 제조업,"◦디스플레이(표시장치) 패널(DP) 제조용 기계를 제조하는 산업활동과 DP, 구동 회로, 백라이트 유닛 등 구성 요소를 결합하여 디스플레이를 조립하는 기계를 제조하는 산업활동을 말한다. 디스플레이용 유리 기판 제조용 기계, 백라이트 유닛 제조용 기계 등 디스플레이 구성 요소 제조용 기계를 제조하는 산업활동은 제외한다. 시험검사기 등과 같이 그 특정 기능을 갖는 장비 제조도 제외한다.
<예 시>
·디스플레이 패널 제조용 기계 제조
·디스플레이 조립용 기계 제조
<제 외>
·디스플레이 유리 기판 제조용 기계 제조(292907)",90.8,0.0,12.9
2024,293001,제조업,전기장비 제조업,가정용 전기 기기 제조업,주방용 전기 기기 제조업,"◦음식 조리 및 저장 기기, 식기 세척 및 건조기 등 주로 주방에서 사용하는 주방용 전기 기기를 제조하는 산업활동을 말한다.
<예 시>
·전기 보온밥솥 제조
·가정용 냉장고, 냉동고 제조
·접시 세척기 제조
·식품용 그라인더 및 과즙기 제조
·전기 토스터 제조
·전자 레인지 제조      
·가정용 전기 오븐 제조
·음식료품 가공기
<제 외>
·전기 다리미 제조(293002)
·산업용 접시 세척기 제조(291911)
·전기식 난방기 제조(293005)
·가정용 정수기 제조(291906)",89.7,0.0,10.0
2024,293002,제조업,전기장비 제조업,가정용 전기 기기 제조업,기타 가정용 전기 기기 제조업,"◦주방용 기기와 가정용 전기 난방 기기를 제외한 세탁기, 선풍기, 진공 청소기, 전기 이◦미용 기구, 전기 안마기, 손 건조기 등 기타 가정용 전기 기기 및 기구를 제조하는 산업활동을 말한다.
<예 시>
·세탁기 제조
·의류 건조기 제조
·환풍기 제조
·선풍기 제조
·연탄 가스 배출기 제조
·가정용 살균 소독기 제조
·전기 다리미 제조
·진공 청소기 및 마루 광택기 제조
·전기 이발기 제조
·전기 미용기 제조
·전기 면도기 제조
·가습기, 전기식온수기(가정용)
<제 외>
·가정용 기기와 유사한 명칭을 갖는 산업용 또는 상업용 기계·장비 제조(산업용,상업용 기계 장비 제조에 해당되는 산업활동으로 분류)
·의료용 기계식 안마기 제조(331106,331102)
·가정용 공기 조화장치 제조(291903)
·가정용 공기 청정기 제조(291905)",92.4,0.0,9.0
2024,293004,제조업,전기장비 제조업,가정용 비전기식 조리 및 난방 기구 제조업,가정용 비전기식 조리 및 난방 기구 제조업,"◦비전기식 조리기(레인지) 및 기타 유사 조리용 기구, 난로, 화덕, 가정용 중앙 난방설비, 온수기 및 열판 등의 각종 비전기식 가정용 조리 또는 난방용 기구를 제조하는 산업활동을 말한다.
<예 시>
·비전기식 가정용 조리 또는 난방장치 제조
·비전기식 난로(스토브), 조리기(레인지), 화로, 가스 난방기, 가열판과 이와 유사한 가정용 기구 제조
<제 외>
·태양열 집열장치 제조(291401)
·열(히트)펌프 제조(291902)",91.5,0.0,8.5
2024,293005,제조업,전기장비 제조업,가정용 전기 기기 제조업,가정용 전기 난방기기 제조업,"◦전기 장판, 전기 모포, 전기 온풍기 등 가정용 전기 난방 기기를 제조하는 산업활동을 말한다.
<예 시>
·전기 모포 제조
·전기식 난방기 제조",89.7,0.0,10.6
2024,300100,제조업,"전자 부품, 컴퓨터, 영상, 음향 및 통신장비 제조업",컴퓨터 제조업,컴퓨터 제조업,"◦아날로그형, 하이브리드형 또는 디지털형의 자동 자료처리 장비(컴퓨터)를 제조하는 산업활동으로서 중앙 처리장치를 생산하거나 중앙 처리장치와 입출력 장치가 결합, 장착된 컴퓨터 장치를 제조하는 경우도 여기에 분류된다.
<예 시>
·탁상용(데스크톱) PC 제조
·노트북 PC 제조
·워크스테이션 제조
·중형 및 대형 컴퓨터 제조
·컴퓨터 중앙 자료처리 장치 제조
·휴대용 소형 컴퓨터(PDA) 제조",90.0,0.0,12.0
2024,300101,제조업,"전자 부품, 컴퓨터, 영상, 음향 및 통신장비 제조업",기억 장치 및 주변 기기 제조업,기타 주변 기기 제조업,"◦컴퓨터용 모니터 및 프린터를 제외한 컴퓨터용 입◦출력 장치(입력 장치 또는 출력 장치) 및 기타 컴퓨터 주변 기기를 제조하는 산업활동을 말한다. 기억 장치의 내장 여부를 불문한다.
<예 시>
·스캐너 제조
·마우스 제조
·컴퓨터용 자판 제조
·자료 전사기 제조
·스마트 카드 리더 제조
·바코드 리더 제조
<제 외>
·컴퓨터용 모뎀 제조(321001)",90.0,0.0,10.0
2024,300102,제조업,"전자 부품, 컴퓨터, 영상, 음향 및 통신장비 제조업",기억 장치 및 주변 기기 제조업,기억 장치 제조업,"◦컴퓨터용 기억 장치를 제조하는 산업활동을 말한다.
<예 시>
·CD 드라이브 제조
·광 디스크 드라이브 제조
·보조 기억장치 제조
·하드 디스크 드라이브 제조
·USB 제조
·주 기억 장치(RAM 및 ROM) 제조",90.0,0.0,12.4
2024,300103,제조업,"전자 부품, 컴퓨터, 영상, 음향 및 통신장비 제조업",기억 장치 및 주변 기기 제조업,컴퓨터 모니터 제조업,"◦각종 컴퓨터용 모니터를 제조하는 산업활동을 말한다. 입력장치를 겸한 모니터 제조도 포함한다.
<예 시>
·LCD 모니터 제조
·OLED 모니터 제조
·CRT 모니터 제조",90.0,0.0,12.4
2024,300104,제조업,"전자 부품, 컴퓨터, 영상, 음향 및 통신장비 제조업",기억 장치 및 주변 기기 제조업,컴퓨터 프린터 제조업,"◦각종 컴퓨터용 프린터를 제조하는 산업활동을 말한다.
<예 시>
·레이저 프린터 제조
·잉크제트 프린터 제조",90.0,0.0,12.4
2024,300201,제조업,기타 기계 및 장비 제조업,사무용 기계 및 장비 제조업,사무용 기계 및 장비 제조업,"◦등사기, 주소 인쇄기, 타자기와 자동 타자기, 전자계산기 및 기타 계산기, 회계기, 현금 등록기, 우편요금 계산기, 표 발행기, 동전 분류◦포장 및 계산기, 봉투 투입기, 연필 깎는 기계, 천공 또는 스테플링기 등 사무용 기계 및 장비를 제조하는 산업활동을 말한다.
<예 시>
·금전 등록기 제조
·우편요금 계기 제조
·표권 발행기 제조
·타자기 제조
·워드프로세싱기 제조
·등사기 제조(사무실용)
·화폐 분류기, 계산기 및 포장기 제조
·주소 인쇄기 제조
·연필 깎는 기계 제조
·천공기 제조(사무실용)
·우편물 처리기 제조          
·전자계산기 제조
·칠판 제조
·현금 지급기 제조
<제 외>
·화폐 교환기 제조(291911)
·컴퓨터 및 그 주변 기기 제조(300100~300104)
·문구용 화이트보드 제조(369902)

*사진식, 열식, 광학식, 밀착식, 건식, 습식 복사기 제조(→300202)",91.1,0.0,8.1
2024,300202,제조업,기타 기계 및 장비 제조업,사무용 기계 및 장비 제조업,사무용 기계 및 장비 제조업,"◦복사기
<예 시>
 ·사진복사장치, 전자복사기
 ·사진식, 열식, 광학식, 밀착식, 건식, 습식 복사기",90.2,0.0,11.0
2024,311001,제조업,"전자 부품, 컴퓨터, 영상, 음향 및 통신장비 제조업",기타 전자 부품 제조업,"전자코일, 변성기 및 기타 전자 유도자 제조업","◦전자 기기에 사용되는 전자 주파수 및 음성 주파수 변환용 전자 코일◦변성기 및 기타 전자 유도자 등을 제조하는 산업활동을 말한다.
<예 시>
·전자 변성기 제조
·전자 주파수 변환용 전자 코일 제조
·전자 유도자 제조
·음성 주파수 변환용 전자 코일 제조
<제 외>
·전기 기기용 전압 조정기(변압기) 제조(311003)",91.5,0.0,9.9
2024,311002,제조업,전기장비 제조업,"전동기, 발전기 및 전기 변환장치 제조업",전동기 및 발전기 제조업,"◦전기 모터, 발전기 장치, 회전 변환기를 제조하는 산업활동을 말한다.
<예 시>
·전동기 제조
·발전장치 제조
·직류 발전기 제조
·교류·직류 겸용 전동기 제조
·태양광 발전장치 제조
<제 외>
·자동차용 발전기와 크랭크, 회전식 모터 제조(343004)
·유압식 모터 제조(291200)",89.6,0.0,9.1
2024,311003,제조업,전기장비 제조업,"전동기, 발전기 및 전기 변환장치 제조업",변압기 제조업,"◦교류 전류를 전압 및 기타 전기적 특성이 다른 교류로 변환시키는 장치를 제조하는 산업활동으로서 전력용 변압기, 특수 변압기, 계기용 변압기 등을 제조하는 산업활동을 말한다.
<예 시>
·전압 조정기 제조
·변압기 및 부분품 제조
<제 외>
·전자 기기용의 전자 변성기 제조(311001)
·방전램프용 안정기 제조(311004)
·방사선 기기용 고주파 발생기(변압기) 제조(331103)
·산업처리용 전압 자동조정기 제조(331300)",89.6,0.0,11.2
2024,311004,제조업,전기장비 제조업,"전동기, 발전기 및 전기 변환장치 제조업",기타 전기 변환장치 제조업,"◦방전 램프용의 안정기를 제조하는 산업활동을 말한다.
<예 시>
·전류 조절기 제조
·방전 램프용 안정기",89.6,0.0,11.2
2024,311005,제조업,전기장비 제조업,"전동기, 발전기 및 전기 변환장치 제조업",에너지 저장장치 제조업,"◦인버터, 보호회로, 충전 컨트롤러, 표시반 등으로 구성되어 전류를 저장하고 변환하여 외부에 공급하는 전원 공급장치를 제조하는 산업활동을 말한다.
<예 시>
·ESS(Energy Storage System) 제조",89.6,0.0,11.2
2024,311006,제조업,전기장비 제조업,"전동기, 발전기 및 전기 변환장치 제조업",기타 전기 변환장치 제조업,"◦정지형 변환기 및 기타 유도자를 제조하는 산업활동을 말한다.
<예 시>
·건전지 충전장치 제조
·배터리 충전기 제조
·컨버터 제조
·파워팩 제조
·인버터 제조
·어댑터 제조
·무정전 전원장치 제조
·전기 유도자 제조
<제 외>
·전자 유도자 제조(311001)",89.6,0.0,8.8
2024,312000,제조업,전기장비 제조업,전기 공급 및 제어장치 제조업,배전반 및 전기 자동제어반 제조업,"◦전기회로 개폐 또는 보호장치를 보드, 콘솔 및 캐비닛 등에 결합, 장착하여 가정용, 산업용 기기를 위한 배전반 및 전기 제어반을 제조하는 산업활동을 말한다. 여기에는 측정, 시험, 항해, 제어 및 기타 정밀기기 제조업에서 생산되는 계기와 변압기, 가감저항기 등의 보조장치가 결합될 수 있으며, 수치 제어식 또는 프로그램이 내장된 것도 포함한다.
<예 시>
·교류(AC) 및 직류(DC) 드라이브 제조
·모터 시동 및 속도 조정기 제조
·전기 제어기 부분품 제조
·배전기 부분품 제조       
·수치 제어반 제조
·PLC(프로그램 내장 컨트롤러) 제조       
·배전기가 장착된 보드, 콘솔, 캐비닛 등 제조
<제 외>
·산업용 컴퓨터 제조(300100)
·산업 처리공정 자동 측정 및 제어장비 제조(331300)
·상업 및 주거 환경용 기기 자동 조정장비 제조(331206)
·시계 구동부 제조(333000)             
·스위치와 접속자만 결합된 배전반 제조(312000)
·전자기기용 전자 접속장치 제조(321001)  
·자동차용 신품 모터 시동기 제조(343004)",90.2,0.0,11.2
2024,312001,제조업,전기장비 제조업,전기 공급 및 제어장치 제조업,"전기회로 개폐, 보호 장치 제조업","◦배전용 또는 기기용 전기회로의 개폐, 보호 장치를 제조하는 산업활동을 말한다. 스위치를 제조하는 경우도 포함한다.
<예 시>
·서지 억제기 제조
·계전기 제조
·전력 차단기 제조
·퓨즈 제조
·피뢰기 제조
·스위치 제조",90.2,0.0,10.5
2024,312002,제조업,전기장비 제조업,전기 공급 및 제어장치 제조업,전기회로 접속장치 제조업,"◦배전용 또는 기기용 전기회로의 상이한 각 부분을 접속시키기 위한 장치를 제조하는 산업활동을 말한다.
<예 시>
·전기 커넥터 제조        
·전기 터미널 제조         
·플러그와 잭 제조
·소켓 제조               
·램프 홀더(소켓) 제조     
·전기 접속자 제조(기기용)",90.2,0.0,10.4
2024,313001,제조업,전기장비 제조업,절연선 및 케이블 제조업,기타 절연선 및 케이블 제조업,"◦비철금속 등에 절연 물질을 피복하여 전기 및 통신용의 절연 피복선, 에나멜선, 알루미늄 절연선 및 절연 케이블, 절연 동축 케이블 등을 제조하는 산업활동을 말한다.
<예 시>
·절연 금속선 제조
·절연 금속 케이블 제조
<제 외>
·비절연 비철금속선 제조(272302,272900)
·비절연 금속 케이블 또는 전기 도체용으로 사용할 수 없는 피복 케이블 제조(289901)
·광섬유 케이블 제조(313003)
·절연선 및 케이블을 절단 가공하여 코드 세트를 제조(313002)",89.3,0.0,8.3
2024,313002,제조업,전기장비 제조업,절연선 및 케이블 제조업,절연 코드세트 및 기타 도체 제조업,"◦절연선 또는 절연 케이블로 가공 절연 코드 및 코드 세트를 제조하는 산업활동을 말한다. 대형 전기 기기 및 전기 제어장치에 사용되는 절연대 및 전기 절연 도체를 제조하는 산업활동도 포함한다.
<예 시>
·코드 세트 제조
·접속자가 부착된 전선 제조
·절연대 제조
·전기 절연 도체 제조(기기용)
·와이어 하니스 제조(비자동차용)",90.1,0.0,10.2
2024,313003,제조업,전기장비 제조업,절연선 및 케이블 제조업,광섬유 케이블 제조업,"◦광섬유에 절연 물질을 피복하여 광섬유 절연 피복선 또는 광섬유 절연 케이블을 제조하는 산업활동을 말한다.
<예 시>
·절연 광섬유 케이블 제조
·절연 피복 광섬유 제조
<제 외>
·절연 금속선 및 케이블 제조(313001)
·광섬유 제조(332003)",89.3,0.0,10.4
2024,314000,제조업,전기장비 제조업,일차전지 및 이차전지 제조업,"운송장비용 이차전지 제조업,기타 이차전지 제조업","◦운송장비용 리튬 이차전지 등 각종 이차전지와 그 부분품과 운송장비용 이외 리튬 이차전지 등 각종 용도의 축전지와 그 부분품을 제조하는 산업활동을 말한다. 이차전지(축전지)의 일반적 특성은 재충전성을 가진다.
<예 시>
·리튬 이온 이차전지 제조
·리튬 이온 폴리머 전지 제조       
·리튬 폴리머 전지 제조
·니켈 카드뮴 전지 제조       
·납(연)축전지 제조
·니켈 수소 전지 제조       
·축전지용 격리판 제조",90.7,0.0,14.6
2024,314001,제조업,전기장비 제조업,일차전지 및 이차전지 제조업,일차전지 제조업,"◦규모 및 용도를 불문하고 건식 또는 습식 등의 일차전지 및 그 부분품을 제조하는 산업활동을 말한다. 일차전지의 일반적 특성은 재충전성을 가지지 않는다.
<예 시>
·리튬 전지 제조
·알칼리 망가니즈 건전지 제조       
·망가니즈 건전지 제조
·수은 전지 제조",90.7,0.0,14.6
2024,315001,제조업,전기장비 제조업,조명장치 제조업,일반용 전기 조명장치 제조업,"◦실내, 실외를 구분하지 않고 장소나 대상을 밝게 비추는 가정용, 사무실용, 공장용 등의 각종 일반용 전기 조명장치를 제조하는 산업활동을 말한다. 휴대용 조명장치와 비전기식 조명장치 제조는 제외된다.
<예 시>
·가정용 조명기구 제조
·사무실용 조명기구 제조       
·가로등 제조
·스탠드 제조
<제 외>
·광고용 조명장치 제조(315002)
·교통 신호장치 제조(319005)
·운송장비용 조명장치 제조(319001)
·의료 검사용 조명등 제조(331102)",91.4,0.0,9.5
2024,315002,제조업,전기장비 제조업,조명장치 제조업,전시 및 광고용 조명장치 제조업,"◦장소나 대상을 비추는 것이 목적이 아닌 광고용, 전시용의 각종 전기 조명장치를 제조하는 산업활동을 말한다.
<예 시>
·조명 광고판 제조
·조명 네임 플레이트 제조
·장식용 조명판 제조
·광고용 조명판 제조
·네온류(수은, 네온, 아르곤 등) 광고판 제조
·크리스마스 장식용 조명 세트 제조
·LED, 액정 표시장치 등 전자식 발광 또는 화면 변화 광고판 제조
·표시등 제조
<제 외>
·고정된 광원을 갖지 않은 광고판 제조(369503)",88.2,0.0,8.9
2024,315003,제조업,전기장비 제조업,전구 및 램프 제조업,전구 및 램프 제조업,"◦각종 전구 및 램프를 제조하는 산업활동을 말한다.
<예 시>
·백열 전구 제조
·형광 램프 제조
·방전 램프 제조
·살균 램프 제조
·섬광 전구 제조
·아크 램프 제조
·산업용 전구 제조
·장식용 전구 제조
<제 외>
·전구가 결합되는 각종 용도의 조명장치 제조(315001,315002,319001)
·의료용 검사 램프 제조(331102)",91.4,0.0,11.4
2024,315005,제조업,전기장비 제조업,조명장치 제조업,기타 조명장치 제조업,"◦휴대용 조명장치와 기타 비전기식 조명등 및 조명기구를 제조하는 산업활동을 말한다.
<예 시> 
·휴대용 조명장치 제조
·램프 등 비전기식 조명장치 제조
<제 외>
·광고용 조명장치 제조(315002)
·교통신호장치 제조(319005)
·의료검사용 조명등 제조(331102)",91.4,0.0,11.4
2024,319001,제조업,전기장비 제조업,조명장치 제조업,운송장비용 조명장치 제조업,"◦차량, 선박, 철도 차량, 항공기, 오토바이, 자전거 등 운송장비에 적용되는 조명장치를 제조하는 산업활동을 말한다.
<예 시>
·운송장비용 조명 기구 제조
·시각 신호용(운송장비) 기구 제조       
·자전거용 조명장치 제조
<제 외>
·자동차 내연기관용 전기장치 및 배선장치 제조(343004)
·와이퍼, 제상기, 제무기 등 차량용 전기장치(조명장치 제외) 제조(343004)",90.0,0.0,10.6
2024,319002,제조업,전기장비 제조업,기타 전기장비 제조업,그 외 기타 전기장비 제조업,"◦전기 저항체를 갖춘 신호 발생기, 광맥 탐지기, 전기 도금용 또는 전기 분해용 기기, 운송장비용(자동차용 제외)의 제무기, 제상기 및 전기적 기능으로 작동되는 기타 전기 또는 전자장비를 제조하는 산업활동을 말한다. 전자석과 전자석 커플링◦클러치 및 브레이크◦리프팅 헤드, 전기 용접기 및 초음파 세척기(실험실용 및 치과용 제외)를 제조하는 산업활동도 포함한다.
<예 시>
·미립자 가속기 제조
·전기식 오존 발생기 제조
·전기 영동용 기기 제조
·자외선 조사 기기 제조
·전자석 제조
·전기식 용접기 제조
·초음파 세척기(실험실용, 치과용 제외) 제조
·항공용 엔진 점화장치 및 기타 전기 부품 제조
<제 외>
·자동차용 제무기 및 제상기 제조(343004)
·전기 용접기 이외의 용접기 제조(291911)
·실험실용 및 치과용 초음파 세척기 제조(331102)
·전자석을 제외한 고무, 플라스틱, 금속, 세라믹 및 페라이트제 자석을 제조하는 경우에는 그 재료에 따라 분류",90.5,0.0,10.0
2024,319003,제조업,전기장비 제조업,기타 전기장비 제조업,전기 경보 및 신호장치 제조업,"◦전기식의 음향 또는 시각용 경보장치를 제조하는 산업활동을 말한다. 수동식 또는 자동식으로 작동되는 경우를 모두 포함한다.
<예 시>
·도난 경보기 제조
·화재 경보기 제조
·음향 신호장치 제조
·전기 신호식 호출기기 제조
·가스 경보기 제조
·전기식 벨, 초인종, 버저 제조
<제 외>
·차량용 조명장치 제조(319001)
·교통 신호장치 제조(319005)
·영상용 모니터 결합 여부를 불문한 인터폰 제조(322002)
·중앙통제실 송신용 칩입 및 화재경보 시스템 제조(322002)",90.5,0.0,13.1
2024,319004,제조업,전기장비 제조업,기타 전기장비 제조업,전기용 탄소제품 및 절연제품 제조업,"◦전기용 흑연 및 탄소 제품과 기타 절연체를 제조하는 산업활동을 말한다.
<예 시>
·전기 절연장비 제조
·램프용 탄소제품 제조
·전기용 탄소 브러시(brush) 제조
·조립된 애자 제조
·절연체 및 절연 부착물 제조
·절연재료가 결합된 전선용 도관 및 그 연결구류 제조
<제 외>
·유리(261008) 및 도자제 애자(269101) 제조",90.5,0.0,13.1
2024,319005,제조업,전기장비 제조업,기타 전기장비 제조업,교통 신호장치 제조업,"◦전기식 신호장치 및 안전장치 등 교통통제용 전기장치를 제조하는 산업활동을 말한다.
<예 시>
·교통 음향 신호장치 제조
·교통 시각 신호장치 제조
·교통 통제용 전기장치 제조
<제 외>
·막대형 교통 통제기 등 기계식 혹은 전기 기계식의 건널목, 철도, 주차장 통제장치 제조(352000)",90.5,0.0,13.1
2024,321000,제조업,"전자 부품, 컴퓨터, 영상, 음향 및 통신장비 제조업","다이오드, 트랜지스터 및 유사 반도체 소자 제조업",기타 반도체 소자 제조업,"◦광전도 셀을 포함하여 다이오드(LED 제외), 트랜지스터 및 기타 이와 유사한 반도체 소자, 수정 진동자 등 장착된 압전기 결정 소자를 제조하는 산업활동을 말한다.
<예 시>
·수정 진동자 제조
·장착된 압전기 결정 소자 제조
·광전도 셀 제조
·다이리스터, 다이액과 트라이액 제조
·저마늄 다이오드 제조
·실리콘 트랜지스터 제조
·광전지, 태양전지",90.7,0.0,10.2
2024,321001,제조업,"전자 부품, 컴퓨터, 영상, 음향 및 통신장비 제조업",기타 전자 부품 제조업,그 외 기타 전자 부품 제조업,"◦진공 또는 가스가 봉입된 상태에서 음극으로부터 방출되는 전자의 작용을 이용하는 열전자관, 냉음극관, 광전관 등 라디오 및 텔레비전 수상기용 전자관, 산업용 및 기타 특수 목적용 전자관 및 부분품을 제조하는 산업활동과 사운드 카드, 비디오 카드, 네트워크 카드, 모뎀 등 전자 접속 카드(인터페이스 카드)를 제조하는 산업활동 및 그 외 기타 전자 부품을 제조하는 산업활동을 말한다.
<예 시>
·영상변화관 제조
·마이크로 웨이브관 제조
·영상증강관 제조
·송신기용 열전자관 제조
·광전관 제조
·텔레비전용 촬상관 제조
·수신관 제조
·텔레비전용 음극선관 제조
·증폭관 제조
·방전관 제조
·디플렉션 코일 제조
·섀도마스크 제조
·전자총 제조
·리드프레임 제조
·전자 접속자 제조
·인쇄회로 사진원판(포토 마스크) 제조
·사운드 카드 제조
·비디오 카드(비디오 어댑터) 제조
·네트워크 카드(랜카드) 제조
·모뎀 제조
·컴퓨터용 모뎀 제조
<제 외>>
·전자 변성기, 전자 코일 및 유도자 제조(311001)
·엑스선 장치 제조(331103)",90.7,0.0,11.2
2024,321002,제조업,"전자 부품, 컴퓨터, 영상, 음향 및 통신장비 제조업",전자집적회로 제조업,메모리용 전자집적회로 제조업,"◦정보를 저장할 수 있는 휘발성 및 비휘발성 모노리식 모스 메모리용 전자집적회로(RAM, ROM)를 제조하는 산업활동을 말한다.
<예 시>
·휘발성 메모리용 전자집적회로(DRAM, SRAM, VRAM 등) 제조
·비휘발성 메모리용 전자집적회로(mask ROM, EPROM, EEPROM, flash 메모리 등) 제조
<제 외>
·모노리식 바이폴라 전자집적회로 제조(321003)
·모노리식 모스 비메모리용 전자집적회로 제조(321003)
·아날로그 및 혼성 전자집적회로 제조(321003)",90.7,0.0,12.8
2024,321003,제조업,"전자 부품, 컴퓨터, 영상, 음향 및 통신장비 제조업",전자집적회로 제조업,비메모리용 및 기타 전자집적회로 제조업,"◦정보 저장없이 논리, 연산 또는 제어 기능 등을 수행하는 시스템 전자집적회로 등을 제조하는 산업활동을 말한다.
<예 시>
·시스템 IC(마이크로 컴포넌트, ASIC 로직, 아날로그 IC, LDI 등) 제조
·모노리식 바이폴라 IC, 모스 비메모리용 IC 제조
·아날로그 및 혼성 전자집적회로 제조",90.7,0.0,12.8
2024,321004,제조업,"전자 부품, 컴퓨터, 영상, 음향 및 통신장비 제조업","다이오드, 트랜지스터 및 유사 반도체 소자 제조업",발광 다이오드 제조업,"◦갈륨비소, 형광성 유기 화합물 등에 전류를 흘려 빛을 발산하는 반도체 소자인 발광 다이오드(LED)를 제조하는 산업활동을 말한다.
<예 시>
·발광 다이오드(LED) 제조업
·유기 발광 다이오드(OLED) 제조업
<제 외>
·기타 다이오드 제조업(321000)
·기타 반도체 소자 제조업(321000)",90.7,0.0,12.8
2024,321005,제조업,"전자 부품, 컴퓨터, 영상, 음향 및 통신장비 제조업",표시장치 제조업,액정 표시장치 제조업,"◦각종 형상의 액정 표시장치(LCD 디스플레이) 모듈 및 부분품을 제조하는 산업활동으로서 전기 접속자의 부착 여부를 불문한다. 다른 부품이 결합되어 특정 제품화된 경우는 제외한다.
<예 시>
·TV용 LCD 제조
·컴퓨터용 LCD 제조
·휴대 전자기기용 LCD 제조
<제 외>
·표시장치가 특정 기능을 갖는 제품에 결합된 경우에는 해당 제품 특성에 따라 분류
·액정액 제조(242907)
·컴퓨터 모니터 제조(300103)
·텔레비전 제조(323005)",90.7,0.0,12.4
2024,321006,제조업,"전자 부품, 컴퓨터, 영상, 음향 및 통신장비 제조업",표시장치 제조업,유기 발광 표시장치 제조업,"◦형광성 유기 화합물 등 자체 발광형 유기 물질을 이용한 표시장치를 제조하는 산업활동으로서 전기 접속자의 부착 여부를 불문한다. 다른 부품이 결합되어 특정 제품화된 경우는 제외한다.
<예 시>
·OLED 표시장치 제조",90.7,0.0,12.4
2024,321007,제조업,"전자 부품, 컴퓨터, 영상, 음향 및 통신장비 제조업",표시장치 제조업,기타 표시장치 제조업,"◦플라즈마 디스플레이(PDP) 등 기타 표시장치 모듈 및 부분품을 제조하는 산업활동으로서 전기 접속자의 부착 여부를 불문한다.
<예 시>
·플라즈마 디스플레이 모듈 및 부분품 제조
<제 외>
·컴퓨터 모니터 제조(300103)
·텔레비전 제조(323005)",90.7,0.0,12.4
2024,321008,제조업,"전자 부품, 컴퓨터, 영상, 음향 및 통신장비 제조업",인쇄회로기판 및 전자부품 실장기판 제조업,인쇄회로기판용 적층판 제조업,"◦인쇄회로기판 제조에 사용되는 페놀 동박 적층판, 에폭시 동박 적층판 등을 제조하는 산업활동을 말한다.
<예 시>
·에폭시, 페놀 동박 적층판 제조
·기타 인쇄회로 원판 제조",90.7,0.0,7.8
2024,321009,제조업,"전자 부품, 컴퓨터, 영상, 음향 및 통신장비 제조업",인쇄회로기판 및 전자부품 실장기판 제조업,경성 인쇄회로기판 제조업,"◦페놀, 에폭시 수지 등 경질의 절연재료로 만든 인쇄회로기판을 제조하는 산업활동을 말한다.
<예 시>
·에폭시 인쇄회로기판 제조
·페놀 인쇄배선기판 제조
<제 외>
·전자 초소형 집적회로 제조(321002, 321003)
·인쇄회로기판에 각종 전자 부품을 실장(321012)
·휴대기기용 연성 인쇄회로기판 제조(321011)",90.7,0.0,12.4
2024,321011,제조업,"전자 부품, 컴퓨터, 영상, 음향 및 통신장비 제조업",인쇄회로기판 및 전자부품 실장기판 제조업,연성 및 기타 인쇄회로기판 제조업,"◦폴리이미드(Polyimide) 수지 등 연질의 절연 재료로 만든 인쇄회로기판을 제조하거나, 그 외 복합성 인쇄회로기판을 제조하는 산업활동을 말한다.
<예 시>
·단면형, 양면형, 다층형 FPCB 제조
·경성 및 연성 PCB 결합 제품 제조",90.7,0.0,12.4
2024,321012,제조업,"전자 부품, 컴퓨터, 영상, 음향 및 통신장비 제조업",인쇄회로기판 및 전자부품 실장기판 제조업,전자 부품 실장기판 제조업,"◦표면 실장기술 등으로 인쇄회로기판에 전자 부품을 실장하는 산업활동을 말한다.
<예 시>
·표면 실장기술에 의한 전자부품 실장
·인쇄회로 조립품 제조
<제 외>
·인쇄회로기판에 전자 부품을 실장한 후 추가 조립공정을 거쳐 특정 기기 전용 구성품을 제조하는 경우에는 해당 기기 종류에 따라 분류",90.7,0.0,4.9
2024,321013,제조업,"전자 부품, 컴퓨터, 영상, 음향 및 통신장비 제조업",기타 전자 부품 제조업,전자 축전기 제조업,"◦전자 기기용 축전기(고정식, 가변식 또는 조정식)를 제조하는 산업활동을 말한다.
<예 시>
·전자 축전기(콘덴서) 부분품 제조
·전자 축전기 제조
·전기 축전기 제조(고정식, 가변식 또는 조정식)
<제 외>
·축전지 제조(314000)",90.7,0.0,12.4
2024,321014,제조업,"전자 부품, 컴퓨터, 영상, 음향 및 통신장비 제조업",기타 전자 부품 제조업,전자저항기 및 전자카드 제조업,"◦고정식 또는 가변 전자 저항기를 제조하는 산업활동으로서 가감 저항기와 전위차계를 제조하는 산업활동도 포함한다.
<예 시>
·가감 저항기 제조
·전자 저항기 제조
·써머스터 제조
·가변 저항기(배리스터) 제조
<제 외>
·가정용 등 전기 기기 전열 저항체 제조(293001,293002,293005)",90.7,0.0,12.4
2024,321015,제조업,"전자 부품, 컴퓨터, 영상, 음향 및 통신장비 제조업",기타 전자 부품 제조업,전자저항기 및 전자카드 제조업,"◦마그네틱 스트라이프 또는 칩을 자장하여 컴퓨터 및 기타 사무용 기계에 사용되는 스마트 카드를 제조하는 산업활동으로서 각종 현상의 기록 여부 또는 전자집적회로의 자장 여부를 불문한다. 마그네틱 카드를 제조하는 산업활동도 포함한다.
<예 시>  
·마그네틱 카드 제조
·스마트 카드 제조
·전자집적회로 자장 카드 제조
·칩내장 카드 제조",90.7,0.0,12.4
2024,321016,제조업,"전자 부품, 컴퓨터, 영상, 음향 및 통신장비 제조업",기타 전자 부품 제조업,전자 감지장치 제조업,"◦온도, 압력, 속도와 같은 물리적인 환경 정보의 변화를 전기적인 신호로 바꿔주는 장치를 제조하는 산업활동을 말한다. 감지한 환경 정보를 이용하여 제어, 조절 등의 각종 기능을 수행하는 경우에는 해당되는 제품 제조업으로 분류한다.
<예 시>
·온도 센서, 습도 센서, 초음파 센서, 압력 센서, 가스 센서, 가속도 센서, 조도 센서
·자동차용 각종 센서
·전자 감지장치(센서) 제조
·감광 전자 감지장치(감광 센서) 제조",90.7,0.0,6.1
2024,322002,제조업,"전자 부품, 컴퓨터, 영상, 음향 및 통신장비 제조업",유선 통신장비 제조업,유선 통신장비 제조업,"◦송신소와 수신소를 연결하는 유선 통신회로에 의하여 두 지점간의 음성 또는 기타 메시지를 전달해주는 각종 통신장치를 제조하는 산업활동을 말한다.
<예 시>
·유선 전화기 세트 제조
·유선 전신장치 제조
·인터폰 제조(모니터 불문)
·유선 팩시밀리 제조
·텔레 프린터(인쇄 전신기) 제조
·광섬유 전송시스템(광중계기, 단국장치 등) 제조
·반송 통신기 제조
·반송 통신용 신호 변환기 제조
·페어케이블 반송장치 제조
·동축케이블 반송장치 제조
·교환기 제조(자동 또는 수동식)
·유선 영상(사진) 전신기 제조
·중앙통제실 전송용 도난 및 화재 유선 경보시스템 제조",90.6,0.0,10.2
2024,322003,제조업,"전자 부품, 컴퓨터, 영상, 음향 및 통신장비 제조업",방송 및 무선 통신장비 제조업,방송장비 제조업,"◦유◦무선 텔레비전 방송용 송신기 및 중계용 기기, 폐쇄회로 텔레비전 기기, 텔레비전 카메라 등의 방송 및 관련 응용장치를 제조하는 산업활동을 말한다.
<예 시>
·텔레비전 방송 중계기 제조
·유선 및 무선방송 전송기 제조
·라디오 방송용 기기 제조
·텔레비전 카메라 및 수중 카메라 제조
·폐쇄회로 카메라 제조(공업용 및 과학용, 교통관제용 등)
<제 외>
·텔레비전 및 안테나 제조(323005)
·통신위성 제조(353001)",90.6,0.0,11.3
2024,322004,제조업,"전자 부품, 컴퓨터, 영상, 음향 및 통신장비 제조업",방송 및 무선 통신장비 제조업,이동 전화기 제조업,"◦이동 전화기를 제조하는 산업활동을 말한다. 무선전화 이외의 다양한 기능을 겸비한 이동 전화 단말기 제조활동도 포함한다.
<예 시>
·휴대폰 제조
<제 외>
·무선 전화기가 부착되는 유선 전화 및 전신장비 제조(322002)",90.6,0.0,11.3
2024,322005,제조업,"전자 부품, 컴퓨터, 영상, 음향 및 통신장비 제조업",방송 및 무선 통신장비 제조업,기타 무선 통신장비 제조업,"◦무선 호출기, 무선 전신기 등 기타 무선 통신장비를 제조하는 산업활동을 말한다.
<예 시>
·무선 전신기 제조
·무선 전신용 송신기 제조
·무전기 제조
·무선 팩시밀리 제조
<제 외>
·무선 전화기가 부착되는 유선 전화 및 전신장비 제조(322002)
·통신위성 제조(353001)",90.6,0.0,6.5
2024,323001,제조업,"전자 부품, 컴퓨터, 영상, 음향 및 통신장비 제조업","텔레비전, 비디오 및 기타 영상 기기 제조업",비디오 및 기타 영상 기기 제조업,"◦비디오 등 각종 기타 영상 기기를 제조하는 산업활동을 말한다.
<예 시>
·가정용 비디오 제조
·가정용 비디오 카메라 제조
·DVD 제조
·가정용 가상 현실(VR, AR) 기기 제조
<제 외>
·방송용 카메라 제조(322003)
·CCTV용 카메라 제조(322003)
·산업용 가상현실 기기(운전교습용 등 각종 시뮬레이터) 제조(292907)",91.2,0.0,8.8
2024,323005,제조업,"전자 부품, 컴퓨터, 영상, 음향 및 통신장비 제조업","텔레비전, 비디오 및 기타 영상 기기 제조업",텔레비전 제조업,"◦각종 텔레비전을 제조하는 산업활동을 말한다.
<예 시>
·LCD TV 제조
·PDP(플라즈마) TV
·브라운관 TV 제조
·휴대용 텔레비전 제조
<제 외>
·표시장치(디스플레이) 모듈 및 부분품 제조(321005~321007)
·전자관 제조(321001)",91.2,0.0,12.2
2024,323006,제조업,"전자 부품, 컴퓨터, 영상, 음향 및 통신장비 제조업","오디오, 스피커 및 기타 음향 기기 제조업","라디오, 녹음 및 재생 기기 제조업","◦라디오, 녹음기 및 음성 재생기 등의 음향 기기를 제조하는 산업활동을 말한다.
<예 시>
·라디오 제조
·녹음기 제조
·MP3 플레이어 제조
·카세트 제조
<제 외>
·스피커 제조(323007)",91.2,0.0,12.2
2024,323007,제조업,"전자 부품, 컴퓨터, 영상, 음향 및 통신장비 제조업","오디오, 스피커 및 기타 음향 기기 제조업",기타 음향기기 제조업,"◦스피커, 확성기, 이어폰 등 기타 음향기기를 제조하는 산업활동을 말한다.
<예 시>
·스피커 제조
·이어폰, 헤드폰 제조
·마이크로폰 제조
·확성기 제조",91.2,0.0,7.0
2024,331100,제조업,"의료, 정밀, 광학 기기 및 시계 제조업",방사선 장치 및 전기식 진단 기기 제조업,전기식 진단 및 요법 기기 제조업,"◦내과, 외과, 치과용의 전기 및 전자식 진단장치, 신체 기능 검사 및 생리적 변화를 검사하는 기기, 자외선 또는 적외선을 응용한 기기를 제조하는 산업활동을 말한다.
<예 시>
·심전계 제조
·뇌파계 제조
·혈압 측정기 제조       
·청력 검사용 기구 제조
·전기 요법용 기기 제조
·인공 보육기 제조
<제 외>
·비전기식 진단용 기기 제조(331102)
·진단용 방사선 장치 제조(331103)",89.6,0.0,14.1
2024,331101,제조업,"의료, 정밀, 광학 기기 및 시계 제조업",기타 의료용 기기 제조업,"치과기공물 제조업, 치과용 임플란트 제조업","◦치과 치료용 및 치과용 작업모형, 보철물, 충전물 등을 전문적으로 제작하는 산업활동을 말한다. 치과용 임플란트를 제작하는 산업활동을 말한다
<예 시>
·치과 기공물      ·치과 기공소    ·교정장치·충전물·작업 모형 제조	
·의치 및 틀니 제조    ·치과용 임플란트	",73.5,0.0,12.8
2024,331102,제조업,"의료, 정밀, 광학 기기 및 시계 제조업",기타 의료용 기기 제조업,그 외 기타 의료용 기기 제조업,"◦달리 분류되지 않은 각종 의료용 기기 제품을 제조하는 산업활동을 말한다.
<예 시>
·기계적 요법 기구 제조
·물리요법용 기기 제조    
·시력 측정기 제조
·임신 진단기 제조                  
·안과용 기기 제조
·비전기식 진단용 기기 제조
·주사기 및 주사 바늘 제조
·수혈 세트 및 수액 세트 제조    
·인공 신장기용 투석기 제조
·산소 흡입기 제조       
·심리학적 적성 검사용 기기 제조
·산부인과용 기기 제조
·의료용 검사 램프 제조
·광학식 내시경 제조   
·의료용, 이화학용 살균기 제조
·에어로졸 치료기 제조        
·가스 마스크 제조
·의료 마사지용 기기 제조
<제 외>
·전기 또는 전자식 진단 기기 제조(331100)
·진단 및 요법용 방사선 장비 제조(331103)
·비의료용 전기 안마기 제조(293002)",89.6,0.0,12.7
2024,331103,제조업,"의료, 정밀, 광학 기기 및 시계 제조업",방사선 장치 및 전기식 진단 기기 제조업,방사선 장치 제조업,"◦의료용 또는 기타 용도의 방사선 장치를 제조하는 산업활동으로서 촬영용, 진단용, 치료용의 것도 포함한다.
<예 시>
·X선 장치 제조
·CT 제조
·자동 단층 촬영기 제조       
·혈관 조영 촬영 장치 제조
·공업용 방사선 장치 제조
·실험 검사용 방사선 장치 제조
<제 외>
·레이저 발생기 제조(332004)
·레이저 공작기기 제조(292203)",89.6,0.0,14.1
2024,331104,제조업,"의료, 정밀, 광학 기기 및 시계 제조업",기타 의료용 기기 제조업,치과용 기기 제조업,"◦치과용 드릴 엔진, 호환용 연삭도구 등 치과 전용 기계 및 기구를 제조하는 산업활동을 말한다.
<예 시>
·치과용 드릴(버, bur) 제조
·치석 제거기 제조
·치과용 유니트 제조
<제 외>
·치과용 전기식 진단 기기 제조(331100)
·치과용 시멘트 제조(242309)
·주사기, 주사 바늘 및 기타 일반 의료용 수도구 제조(331102)
·인조 치아 제조(331101)",89.6,0.0,14.1
2024,331105,제조업,"의료, 정밀, 광학 기기 및 시계 제조업",기타 의료용 기기 제조업,정형 외과용 및 신체 보정용 기기 제조업,"◦신체적 결함을 방지하거나 교정하기 위하여 사용되는 정형 외과용품 및 신체에 주입 또는 부착하거나 휴대할 수 있는 신체 결손 보정용 기기를 제조하는 산업활동을 말한다. 동물용의 것도 포함한다.
<예 시>
·인공 장기 제조
·골절 치료구 제조
·보청기 제조        
·부목 제조(골절 치료용)
·인체 보정기 제조
·인체 부분 제조(인조)
·보정용 의안(인조 눈) 제조
<제 외>
·의료용 장선, 봉합사 및 피복재 제조(242309)

＊치과 기공소, 의치 제조(→331101)",89.6,0.0,14.1
2024,331106,제조업,"의료, 정밀, 광학 기기 및 시계 제조업",기타 의료용 기기 제조업,의료용 가구 제조업,"◦내과, 외과, 치과용의 각종 전문 가구, 이◦미용실용 의자 및 이와 유사한 용도의 것으로서 회전 또는 상◦하 이동장치가 결합된 의자를 제조하는 산업활동을 말한다. 동물 치료용 가구도 포함한다.
<예 시>
·의료용 가구 제조
·치과용 의자 제조
·수의용 가구 제조
·이·미용실용 의자 제조
<제 외>
·일반용 가구 제조(361001~361003, 361005~361007)",89.6,0.0,14.1
2024,331201,제조업,"의료, 정밀, 광학 기기 및 시계 제조업","측정, 시험, 항해, 제어 및 기타 정밀 기기 제조업","물질 검사, 측정 및 분석 기구 제조업","◦천문, 수로 및 지구물리 형상 또는 고체, 액체, 기체의 물리◦화학용 측정 및 분석기구와 각종 산업용 재료 및 물질의 경도◦강도◦연성 등을 시험하는 기계, 기구를 제조하는 산업활동을 말한다. 각종 기계◦장비 또는 제품의 기능 및 특성 등을 측정◦검사하는 기계, 기구를 제조하는 경우도 포함한다.
<예 시>
·부력 측정기 제조
·기압계 제조             
·온도 및 습도계 제조
·액면 측정기 제조(액체·기체)  
·변량 검사용 기기 제조
·압력측정기 제조(액체·기체)
·색층 분석기 제조
·분광계 제조       
·노출계 제조
·변량 측정기 제조         
·마이크로톰(시료 절단기) 제조
·진동검사기 제조              
·균형 및 평형 검사기 제조
·충격 검사기 제조             
·제품 부조화 검사기 제조
·내연기관 시험대 제조       
·자동차 브레이크 시험대 제조
·항장력(인장 강도) 시험기 제조
·역량계 제조
·압축 및 탄성 시험기 제조       
·재료 시험기 제조
<제 외>
·전기량(전압, 전류, 저항, 전력 등) 및 특성의 측정, 시험, 분석기 제조(331204)",90.5,0.0,10.3
2024,331203,제조업,"의료, 정밀, 광학 기기 및 시계 제조업","측정, 시험, 항해, 제어 및 기타 정밀 기기 제조업","레이더, 항행용 무선 기기 및 측량 기구 제조업","◦레이더 기기 및 방향 탐지◦유도◦항해◦항공용 기기와 사진 측량용의 것을 포함한 토지◦수로◦해양◦수리 측량 기기와 기상 관측기, 지구물리학용의 기구 및 측거의를 제조하는 산업활동을 말한다.
<예 시>
·항행용 무선기기 제조
·항행용 레이더 장치
·무선 원격 조절기 제조
·군사용, 화기용, 항공기 침입 경계용 레이더 장치
·계기 착륙 유도용 기기 및 교통 관제용 기기  
·레이더 고도 측정 기기
·기상용 레이더 및 기상용 기구
·방향 탐지용 컴퍼스 제조
·토지 측량기 제조
·위성 항법장치(GPS) 수신 기기 제조
·선박ㆍ무인 비행기ㆍ로켓ㆍ미사일ㆍ장난감ㆍ모형 선박 또는 항공기 등 무선 원격 유도장치 제조
·광산의 폭파 또는 기계의 원격 조절용 무선 기기",90.5,0.0,11.4
2024,331204,제조업,"의료, 정밀, 광학 기기 및 시계 제조업","측정, 시험, 항해, 제어 및 기타 정밀 기기 제조업","전자기 측정, 시험 및 분석 기구 제조업","◦전기 및 전자회로 장비의 전기적 특성을 시험◦측정◦분석하는 기구를 제조하는 산업활동을 말한다.
<예 시>
·전압 측정 및 검사기 제조
·전류 측정 및 검사기 제조
·저항 검사기 제조
·전기량(전압, 전류, 저항, 전력 등) 검사 및 측정용 기기 제조
·전기 통신기기 검사기기(시험 및 분석기) 제조
<제 외>
·전기 적산 공급계기 제조(331205)",90.5,0.0,9.2
2024,331205,제조업,"의료, 정밀, 광학 기기 및 시계 제조업","측정, 시험, 항해, 제어 및 기타 정밀 기기 제조업",속도계 및 적산계기 제조업,"◦열◦증기◦기체 및 액체의 생산 또는 공급량을 측정하기 위한 적산계기와 회전계, 속도계(측량 기구 제외), 생산량계, 적산 택시 미터기, 주행 거리계 및 이와 유사한 적산용 계기 등 각종 단위의 총량을 표시하는 계기를 제조하는 산업활동을 말한다.
<예 시>
·회전계 제조
·보수계기 제조
·공급량 계기 제조
·택시 미터기 제조
·전기 적산계기 제조
·가스 적산계기 제조",90.5,0.0,11.4
2024,331206,제조업,"의료, 정밀, 광학 기기 및 시계 제조업","측정, 시험, 항해, 제어 및 기타 정밀 기기 제조업",기기용 자동 측정 및 제어장치 제조업,"◦난방용 기기 및 공기 조절장치, 냉동기 등과 같은 각종 가정 또는 상업용 기기의 작동에 관련되는 기체 및 액체의 유량, 압력, 온도, 밀도 등의 각종 관련 변수를 자동 조정하는 장치를 제조하는 산업활동을 말한다. 이러한 장치는 측정, 조정 및 시동, 정지 또는 작동장치를 갖추고 있으며 전기량이나 비전기량을 전기 및 비전기적 변수로 조정할 수 있다.
<예 시>
·온도 자동 조정장치 제조(기기용)
·수위 자동 조정 제어장치 제조
·안전판 제조(기기용)
·가스버너 조정장치 제조(기기용)
·습도 조절장치 제조(기기용)
·매노우스타트 제조(기기용)
·공기 유입 조정장치 제조(기기용)
<제 외>
·산업처리 자동 측정 및 제어장비 제조(331300)",90.5,0.0,8.0
2024,331207,제조업,"의료, 정밀, 광학 기기 및 시계 제조업","측정, 시험, 항해, 제어 및 기타 정밀 기기 제조업","기타 측정, 시험, 항해, 제어 및 정밀 기기 제조업","◦정밀 측정용 감량저울, 비광학 현미경 및 회절기 등 기타 측정◦검사◦시험◦분석용 기구를 제조하는 산업활동을 말한다. 각종 형태의 제도용구, 설계용구, 자 및 측정용 봉 등의 수지식 길이 측정기를 제조하는 산업활동도 포함한다.
<예 시>
·비광학 현미경 제조
·비광학 회절기 제조
·마이크로미터 제조
·캘리퍼스 제조
·측정용 눈금자 제조
·제도용 계산용구 제조
·감량저울 제조(감량 50밀리그램 이내의 것)
·기술자용 수지식 정밀 측정기 제조
<제 외>
·레이더 기기, 무선 원격 조절장치 및 기타 항공용 무선기기 제조(331203)
·방향탐지용 컴퍼스 제조(331203)",90.5,0.0,11.4
2024,331300,제조업,"의료, 정밀, 광학 기기 및 시계 제조업","측정, 시험, 항해, 제어 및 기타 정밀 기기 제조업",산업 처리공정 제어장비 제조업,"◦산업 처리공정에서 제품을 생산하기 위한 재료 및 기타 조건들이 일정하게 유지◦조정될 수 있도록 압력, 유입량, 습도, 유입되는 가스 및 액체의 배합 상태, 온도, 위치, 빈도, 밀도, 비중, 기계적 적합성 및 기타 변수를 계속적으로 측정하여 이들 변수를 최상의 조건으로 자동 조정하는 산업처리 제어장비를 제조하는 산업활동을 말한다. 이러한 장비는 측정, 조정 및 시동, 정지 또는 작동장치를 갖추고 있으며 전기량이나 비전기량을 전기적 및 비전기적 변수로 조정할 수 있다.
<예 시>
·습도 측정장치 제조
·가스 및 액체 분석계기 제조       
·압력 측정장치 제조
·산업처리 자동조절용 기기 제조       
·산업처리 공정용 컴퓨터 접속장치 제조
·산업처리 공정용 흐름 조정자 제조    
·온도 변화에 반응하는 전기 저항기 제조
<제 외>
·액상유리 및 바이메탈용 철강 제조(271103)
·주거 또는 상업환경 기기용의 자동조정 제어기구 제조(331206)",89.6,0.0,12.0
2024,332000,제조업,"의료, 정밀, 광학 기기 및 시계 제조업",기타 의료용 기기 제조업,안경 및 안경렌즈 제조업,"◦안경테 및 각종 용도의 완성된 안경 등을 제조하는 산업활동을 말한다. 소매활동에 따른 안경 조립은 소매업으로 분류한다.
<예 시>
·각종 용도 안경 제조
·안경테 및 장착구 제조
·고글테 및 장착구 제조
·시력 교정용 안경 제조
·보호용 안경 제조
·선글라스 제조
<제 외>
*안경렌즈(콘택트렌즈), 보정용안경렌즈 제조(→332002)",90.5,0.0,9.4
2024,332001,제조업,"의료, 정밀, 광학 기기 및 시계 제조업",사진장비 및 광학기기 제조업,기타 광학기기 및 사진기 제조업,"◦정물 사진기 및 영화 촬영기, 영사기 및 이들의 부분품, 사진실용 또는 영사실용의 장비를 제조하는 산업활동을 말한다.
<예 시>
·마이크로 피시 리더 제조
·마이크로 폼 리더 제조
·환등기 제조
·마이크로 필름 리더 제조     
·대물렌즈 제조(사진기, 영사기용)
·영사용 스크린 제조     
·사진 노광용 기기 제조
·사진 노출용 기기 제조
·사진 확대기 및 축소기 제조
·빔 프로젝터 제조
·OHP 프로젝터 제조
·일반용 카메라 제조(방송 및 비디오용 제외)
·가정용 디지털 카메라 제조
<제 외>
·사진 섬광 전구 제조(315003)
·사진실용 용기류는 재료에 따라 각각 분류
·방송용 카메라, 폐쇄회로 카메라 제조(322003)
·가정용 비디오 카메라 제조(323001)",91.0,0.0,10.2
2024,332002,제조업,"의료, 정밀, 광학 기기 및 시계 제조업",기타 의료용 기기 제조업,안경 및 안경렌즈 제조업,"◦안경렌즈(콘택트렌즈), 보정용안경렌즈",91.0,0.0,12.8
2024,332003,제조업,"의료, 정밀, 광학 기기 및 시계 제조업",사진장비 및 광학기기 제조업,광학 렌즈 및 광학 요소 제조업,"◦규소수지, 플라스틱 물질 및 기타 재료로 광섬유, 편광재료제의 판 및 기타 재료를 광학적으로 연마 및 가공하여 각종 광학 요소를 제조하는 산업활동을 말한다.
<예 시>
·광섬유 제조
·프리즘 제조
·광학용품 제조
·반사경 제조
·편광재료제의 판 제조
·렌즈 제조
<제 외>
·광학적 연마가공을 하지 않은 유리생지 제조(261006)
·광섬유 케이블 제조(313003)
·카메라, 영사기, 사진기용 대물렌즈 제조(332001)
·콘택트 렌즈 제조(332002)
·안경 렌즈 제조(332002)",91.0,0.0,12.8
2024,332004,제조업,"의료, 정밀, 광학 기기 및 시계 제조업",사진장비 및 광학기기 제조업,기타 광학기기 및 사진기 제조업,"◦기타 광학 기기 및 그 부분품을 제조하는 산업활동을 말한다.
<예 시>
·쌍안 확대경 제조
·광학 천체 관측용 기기 제조
·광학 망원경 제조
·광학 현미경 제조              
·화기(火器)용 조정기 제조
·잠망경 제조
·광학 라이트빔 신호기 제조
·수지식 확대경 제조
·레이저 기기 제조(레이저 다이오드 제외)
<제 외>
·비광학식 현미경 제조(331207)
·레이저를 이용한 공작 기기 및 의료 기기 등은 용도에 따라 분류
·액정 디스플레이 제조(321005)",91.0,0.0,12.8
2024,333000,제조업,"의료, 정밀, 광학 기기 및 시계 제조업",시계 및 시계 부품 제조업,시계 및 시계 부품 제조업,"◦수동, 전기, 축전기 등의 동력원에 의하여 작동되는 각종 시계, 기타 시각 기록 및 측정장치를 제조하는 산업활동을 말한다. 시계 작동부의 제조활동과 각종 시계 케이스 및 기타 시계 부품을 제조하는 산업활동도 포함한다.
<예 시>
·회중시계 제조
·시계 작동부 제조
·전자시계 제조
·타임 스위치 제조
·금속제 시곗줄 제조
·시계 부품 제조
·시계 케이스 제조
<제 외>
◦가죽제 시곗줄 제조(191201)
◦시계 유리 제조(261008)      
◦전자시계용 전자 부품 제조(321001)",91.3,0.0,11.9
2024,341001,제조업,자동차 및 트레일러 제조업,자동차 제조업,"내연기관 화물자동차 및 특수목적용 자동차 제조업, 전기 화물자동차 및 특수목적용 전기 자동차 제조업","◦내연기관이나 전기에너지가 주동력인 화물 자동차, 세미 트레일러(semi-trailer) 견인용의 도로 주행식 트랙터(tractor) 등 화물 운송용 완성차, 각종 특수 목적용 완성차를 제조하는 산업활동을 말하며, 화물 운송용 및 특수 목적용으로 사용되는 엔진을 갖춘 섀시(chassis)를 직접 제조하는 경우를 포함한다.
<예 시>
·(전기)기중기차 제조	
·도로 주행용 덤프 트럭 제조
·(전기)소방차 제조	
·특수 목적용 자동차 제조(승용 제외)
·도로 (전기)청소차 제조	
·(전기) 콘크리트 믹서 운반차 제조
·(전기)이동 공작차 제조	
·(전기)살포차 제조
·(전기)이동 방송차 제조	
·(전기)구난차 제조
<제 외>
·엔진을 갖춘 섀시를 구입하고, 이에 각종 특수 장치를 부착하여 각종 완성차를 제조(342001)
·광산 등에 사용하기 위해 특수 제작된 덤프 트럭은 건설 및 광산용 기계장비 제조(292400)
·공장, 창고, 부두, 공항 등에서 각종 화물 운반 및 취급용으로 사용하는 비도로 주행용 트럭 제조업(291501)",89.6,0.0,11.4
2024,341003,제조업,자동차 및 트레일러 제조업,자동차용 엔진 제조업,자동차용 엔진 제조업,"◦도로 주행용 차량, 트랙터, 작업 트럭 및 장갑 차량용의 내연기관을 제조하는 산업활동을 말한다.
<예 시>
·압축 점화식 내연기관 제조
·왕복식 피스톤 내연기관 제조   
·불꽃 점화식 내연기관 제조
·회전식 피스톤 내연기관 제조",89.6,0.0,12.7
2024,341004,제조업,자동차 및 트레일러 제조업,자동차 제조업,"내연기관 승용차 및 기타 여객용 자동차 제조, 전기 승용차 및 기타 여객용 전기 자동차 제조업","◦내연기관이나 전기에너지가 주동력인 승용차, 버스 및 기타 승용으로 제작된 완성차를 제조하거나 엔진이 결합된 여객용 자동차 섀시를 제조하는 산업활동을 말한다.
<예 시>
·설상용 (전기)승용차량 제조                   
·골프용 (전기)차량 제조
·특수 목적용 (전기)승용차 제조                
·대중 수송용 (전기)자동차 제조
·(전기자동차인)스테이션 왜건 제조          
·(전기)구급차 제조
<제 외>
·엔진이 결합된 섀시를 구입하고 이에 각종 특수 장치를 부착하여 각종 완성차를 제조하는 경우(342001)",89.6,0.0,12.7
2024,342000,제조업,자동차 및 트레일러 제조업,자동차 차체 및 트레일러 제조업,트레일러 및 세미 트레일러 제조업,"◦각종 자동차에 의하여 견인될 수 있도록 설계된 트레일러, 세미 트레일러 및 상품 운송용으로 설계, 제작되고 특수 구조를 갖춘 컨테이너를 제조하는 산업활동을 말한다.
<예 시>
·트레일러 제조
·트레일러 부분품 제조
·차량용 컨테이너 제조
·리프트용 운반 컨테이너 제조
<제 외>
·농업용으로 특수 설계된 트레일러 및 세미 트레일러 제조(292100)
·건물용 컨테이너 제조(281106)",89.6,0.0,9.0
2024,342001,제조업,자동차 및 트레일러 제조업,자동차 차체 및 트레일러 제조업,차체 및 특장차 제조업,"◦각종 자동차의 차체를 제조하거나 엔진이 결합된 섀시(chassis)에 특정 목적용의 차체를 결합하여 특장차를 제조하는 산업활동을 말한다. 여기에는 구입한 섀시에 특장을 결합하는 활동을 포함한다.
<예 시>
·자동차 차체 제조
·여객 운송용 특장차 제조
·소방차 특장 제조
·농업용 살포차 특장 제조
·기중기차 특장 제조
·특수목적용 차량 특장 제조
·특수 운송차량 특장 제조
·콘크리트 믹서 운반차 특장 제조
<제 외>
·차체용 신품 부품 및 부속품 제조(343002)
·엔진이 결합된 자동차용 섀시만을 제조하거나 엔진이 결합된 섀시를 제조하여 직접 완성 자동차를 제조하는 경우(341004 또는 341001)",89.6,0.0,10.0
2024,342002,제조업,자동차 및 트레일러 제조업,자동차 차체 및 트레일러 제조업,자동차 구조 및 장치 변경업,"◦각종 자동차의 성능 향상을 위한 구조 변경과 적재◦승차장치 구조를 변경하는 산업활동을 말한다. 엔진 출력 향상은 연소실 압축비 변경, 라디에이터, 오일 펌프 등 관련 부품 또는 장치를 변경하는 작업을 포함하며, 그 외 제동장치, 현가장치, 냉각장치, 섀시, 차량 중량 등 기본 설계 기준을 재설계하여 주행 성능, 제동 성능, 조정 안전성 등을 향상시키거나 구조, 장치 및 부품 소재(티타늄, 카본 파이버, 우레탄 등)까지 변경하는 작업을 포함하며, 자동차 전ㆍ후 축의 중량 및 길이ㆍ너비ㆍ높이 등을 변경하는 작업도 포함한다.",89.6,0.0,11.1
2024,343000,제조업,자동차 및 트레일러 제조업,자동차용 기타 신품 부품 제조업,그 외 자동차용 신품 부품 제조업,"◦기타 자동차용 신품 부품을 제조하는 산업활동을 말한다.
<예 시>
·에어백 조립품 제조
·자동차용 방열기 제조
·소음기 제조
·냉각장치 제조
·보기륜(로드휠) 및 그 부분품 제조
·배기관 제조
·연료탱크 제조
·차륜 제조
·안전벨트 제조
·조립된 자동차용 섀시 프레임 제조",90.6,0.0,9.2
2024,343001,제조업,자동차 및 트레일러 제조업,자동차 엔진용 신품 부품 제조업,자동차 엔진용 신품 부품 제조업,"◦자동차용 내연기관의 신품 부분품 및 부속품을 제조하는 산업활동을 말한다.
<예 시>
·기화기(카뷰레터) 제조
·피스톤 제조
·피스톤 링 및 밸브 제조
·엔진 부분품 제조
·엔진용 냉각장치 제조
·흡·배기장치(밸브, 매니폴드 등) 제조
·실린더 블록 및 헤드 제조
<제 외>
·연료·물 펌프(인젝션 펌프 등), 오일 필터 제조(자동차 엔진용)(291200~291202)",90.6,0.0,10.2
2024,343002,제조업,자동차 및 트레일러 제조업,자동차 차체용 신품 부품 제조업,자동차 차체용 신품 부품 제조업,"◦자동차 차체를 구성하는 각종 신품 부분품을 제조하는 산업활동을 말한다.
<예 시>
·자동차용 조립 패널 제조
·자동차용 보닛(덮개) 제조
·차량용 문짝(도어) 제조
·범퍼 제조
·계기반(dashboard) 조립품 제조(자동차용)
·자동차 도어, 천장, 트렁크 제조",90.6,0.0,10.9
2024,343003,제조업,자동차 및 트레일러 제조업,자동차용 신품 동력 전달장치 및 전기장치 제조업,자동차용 신품 동력 전달장치 제조업,"◦기어, 클러치, 수동 및 자동 변속기, 구동 축 등 자동차 신품 동력 전달장치를 제조하는 산업활동을 말한다.
<예 시>
·기어 및 수동·자동 변속기 제조
·클러치 및 부분품 제조
·구동 차축 제조",90.6,0.0,10.2
2024,343004,제조업,자동차 및 트레일러 제조업,자동차용 신품 동력 전달장치 및 전기장치 제조업,자동차용 신품 전기장치 제조업,"◦시동 및 점화장치, 배선장치, 전압 조절기 등의 차량용 신품 전기장치를 제조하는 산업활동을 말한다.
<예 시>
·자동차용 발전기 제조
·자동차용 교류기 제조
·점화 플러그 제조
·점화 배선 제조
·파워 윈도우 시스템 제조
·제무기, 제상기, 와이퍼 제조
·차량용 전압 조절기 제조
·자동차용 크랭크 회전식 모터 제조
<제 외>
·자동차 이외의 내연기관용 전기장치 제조(319002)
·차량용 조명장치 제조(319001)",90.6,0.0,10.2
2024,343005,제조업,자동차 및 트레일러 제조업,자동차용 기타 신품 부품 제조업,자동차용 신품 조향장치 및 현가장치 제조업,"◦자동차용 완충기, 서스펜션, 운전대 등 신품 조향장치, 현가장치 및 관련 부속품을 제조하는 산업활동을 말한다.
<예 시>
·완충기, 서스펜션 및 부분품 제조
·운전대 및 운전 박스 제조
·기타 조향장치 제조
·기타 현가장치 제조",90.6,0.0,10.2
2024,343006,제조업,자동차 및 트레일러 제조업,자동차용 기타 신품 부품 제조업,자동차용 신품 제동장치 제조업,"◦자동차용 브레이크 등 신품 제동장치 및 관련 부속품을 제조하는 산업활동을 말한다.
<예 시>
·자동차용 브레이크 및 관련 부분품 제조
·자동차용 전자 제어식 제동장치(ABS) 제조
·제동장치 및 부분품 제조",90.6,0.0,10.2
2024,343007,제조업,자동차 및 트레일러 제조업,자동차 재제조 부품 제조업,자동차 재제조 부품 제조업,"◦중고 부품 등 재활용 가능 자원을 완전 분해, 내부 세척, 검사, 부품 교체 및 조정, 수리, 재조립 등 일련의 재제조 과정을 거쳐 신품 성능을 유지할 수 있는 상태로 만드는 산업활동을 말한다.
<예 시>
·자동차 엔진 및 차체 재제조 부품 제조
·자동차 재제조 동력 전달장치·전기장치·제동장치·현가장치·조향장치 및 기타 재제조 부품 제조",90.6,0.0,10.2
2024,351101,제조업,기타 운송장비 제조업,선박 및 수상 부유 구조물 건조업,강선 건조업,"◦선박 제조◦수리시설을 갖추고, 철강을 사용하여 화물 및 여객 운송용, 어업 및 어획물 가공용, 군사용 선박 및 보트를 건조◦수리하는 산업활동을 말한다.
<예 시>
·유조선 제조
·군함 제조
·화물 및 여객 운송용 강선 제조
·화물 및 수산물 운반용 냉동선 제조
·구명 보트 제조
·예인선 및 푸셔 크라프트 제조
·페리 보트(도선) 제조
·어선 및 어획물 가공용, 저장용 선박 제조
<제 외>
·병원선, 학술 연구선, 시험선 등 특수 선박 제조(351105)",94.5,0.0,11.0
2024,351102,제조업,기타 운송장비 제조업,선박 및 수상 부유 구조물 건조업,기타 선박 건조업,"◦주로 목재를 사용하여 어선 및 어획물의 가공저장선, 화물선, 여객선 등과 같은 각종 항해용 선박의 건조 및 수리
<예 시>
·목선거룻배, 목조순항선 등",95.4,0.0,4.3
2024,351103,제조업,기타 운송장비 제조업,선박 및 수상 부유 구조물 건조업,선박 구성 부분품 제조업,"◦각종 선박 또는 수상 부유 구조물의 구성 부분품을 제조하는 산업활동을 말한다.
<예 시>
·선박 구성 부분품 제조
·수상 부유 구조물 구성 부분품 제조",94.1,0.0,10.3
2024,351104,"수도, 하수 및 폐기물처리, 원료재생업","폐기물 수집, 운반, 처리 및 원료 재생업","금속류 해체, 선별 및 원료 재생업",금속류 해체 및 선별업,◦선박해체,93.5,0.0,15.0
2024,351105,제조업,기타 운송장비 제조업,선박 및 수상 부유 구조물 건조업,기타 선박 건조업,"◦쇄빙선, 공장선 및 특수선박의 건조 및 수리
<예 시>
·급유선, 바지선, 벌크선, 액화가스운반선, 포경선 등",94.5,0.0,12.8
2024,351106,제조업,기타 운송장비 제조업,선박 및 수상 부유 구조물 건조업,합성수지선 건조업,"◦선박 제조◦수리시설을 갖추고, 주로 합성수지를 사용하여 화물 및 여객 운송용, 어업 및 어획물 가공용, 군사용 선박 및 보트를 건조ㆍ수리하는 산업활동을 말한다.
<예 시>
·합성수지선 건조",94.1,0.0,12.8
2024,351107,제조업,기타 운송장비 제조업,선박 및 수상 부유 구조물 건조업,기타 선박 건조업,"◦선박 제조◦수리시설을 갖추고, 철강 및 합성수지 이외의 비철금속 등을 사용하여 화물 및 여객 운송용, 어업 및 어획물 가공용, 군사용 선박 및 보트를 건조ㆍ수리하는 산업활동을 말한다. 준설선, 시추대 및 기타 수상 부유 작업대, 수상 구조물 및 기타 비항해용 선박을 건조◦수리하는 산업활동도 포함한다.
<예 시>
·준설선 제조
·해난 구조선 제조
·소방선 제조
·비항해용 선박 제조           
·수상 구조물 제조
·수상 작업대 제조
·물에 뜨는 구조물 제조
·수상 부유 작업대 제조
<제 외>
*쇄빙선, 공장선 및 특수선박의 건조 및 수리(→351105)
*주로 목재를 사용하여 어선, 여객선등과 같은 각종 항해용 선박의 건조 및 수리
 (→351102)",94.1,0.0,12.8
2024,351200,제조업,기타 운송장비 제조업,오락 및 스포츠용 보트 건조업,오락 및 스포츠용 보트 건조업,"◦모터, 풍력, 페달, 노에 의하여 추진될 수 있는 카누, 범선, 요트 및 이와 유사한 보트를 건조하는 산업활동을 말한다. 노로 추진되는 소형 범선 및 구명정 등의 건조도 포함한다.
<예 시>
·유람용 보트 제조
·경기용 선박 제조
·운동용 선박 제조                 
·카약 제조
·구명정(노 추진식) 제조
·커터 제조
·낚시용 보트 제조
<제 외>
·선체가 오락용 보트와 유사하더라도 상업적 서비스용으로 특별히 설계 제작된 보트 제조(351105)",94.1,0.0,10.6
2024,352000,제조업,기타 운송장비 제조업,철도장비 제조업,철도 차량 부품 및 관련 장치물 제조업,"◦기관차 및 철도 차량 전용 부품을 제조하는 산업활동과 철도, 도로, 주차시설, 항만 등에서 사용되는 기계식 및 전자 기계식의 교통 안전용 기기 및 통제용 기기를 제조하는 산업활동을 말한다.
<예 시>
·철도 차량 전용 부품 제조
·전철기 제조
·철도 차량 대차(bogie), 차체, 차륜, 제동장치, 연결장치, 완충장치 제조
·막대식 교통 통제기 제조
·철도 차량용 의자(시트) 제조
<제 외>
·철도, 궤도 노선용 장치물(조립된 트랙, 전차대, 플랫폼 완충장치, 적재물 통제용 구조물)제조(281101)
·도로 교통 통제용 시각 및 음향 신호식 전기장치 제조(319005)
·조립되지 않은 레일 제조(271102)
·압형 또는 단조 금속제품 제조(289101~289104)
·차량용 일반 철물 제조(289302,289305)
·철도 기관차용 엔진 및 터빈 제조(291100,291101)",90.2,0.0,14.4
2024,352001,제조업,기타 운송장비 제조업,철도장비 제조업,기관차 및 기타 철도 차량 제조업,"◦철도 및 궤도용의 기관차 및 기타 철도 차량을 제조하는 산업활동을 말한다. 자주식 또는 비자주식의 것도 포함한다.
<예 시>
·객차 제조
·화차 제조
·철도 차량 제조
·유지·보수용 철도 차량 제조",90.2,0.0,14.4
2024,353000,제조업,기타 운송장비 제조업,항공기용 엔진 및 부품 제조업,항공기용 부품 제조업,"◦항공기 및 우주 비행체의 동체 및 그 부분품, 프로펠러, 회전 날개, 바퀴통 등의 항공기 전용부품, 우주선 및 우주선 운반 로켓의 전용 부품 등을 제조하는 산업활동을 말한다.
<예 시>
·항공기 엔진용 부품 제조
·항공기 갑판 착륙장치용 부품 제조
·항공기 발진장치용 부품 제조
·항공기 보조장치용 부품 제조
·항공기용 의자(시트) 제조
<제 외>
·우주선 발진장치, 갑판 착륙장치 및 지상 비행훈련 장치 제조(353001)",91.4,0.0,14.4
2024,353001,제조업,기타 운송장비 제조업,"항공기, 우주선 및 보조장치 제조업","유인 항공기, 항공 우주선 및 보조장치 제조업","◦사람에 의해 조종되는 동력ㆍ비동력 항공기, 비행선, 활공 기구 및 우주선, 기타 우주 비행체, 우주선 운반용 로켓 등을 제조◦재제조 및 개조하는 산업활동을 말한다. 여기에는 우주선 발진장치 및 갑판 착륙장치 또는 이와 유사한 장치, 지상 비행훈련 장치를 제조◦재제조 및 개조하는 활동도 포함한다.
<예 시>
·활공기 제조
·비행용 기구 제조
·인공위성 제조(각종용)
·무동력 항공기 제조
·지상 비행훈련 장치 제조
·패러글라이딩 제조
·대륙간 탄도 미사일 및 유사 미사일 제조
<제 외>
·항공용 엔진의 점화장치 및 기타 전기 부품 제조(319002)
·항공기에 사용되는 항공용 정밀기기 및 기타 과학기기 제조(331203,331207)
·취미, 스포츠용 무인 항공기 제조(369402)",91.4,0.0,14.4
2024,353002,제조업,기타 운송장비 제조업,"항공기, 우주선 및 보조장치 제조업",무인 항공기 및 무인 비행장치 제조업,"◦조종사를 태우지 않고, 공기 역학적 힘에 의해 부양하여 자율적으로 또는 원격 조종으로 시계 밖 비행이 가능하며, 각종 장비를 장착하여 통신, 정보 중계, 감시, 물품 이송 등에 사용하는 일회용 또는 재사용할 수 있는 동력 항공기 및 비행장치를 제조하는 산업활동을 말한다. 스포츠 또는 취미용 비행 목적으로만 사용하는 소형 무인 비행장치는 제외한다.
<예 시>
·무인 항공기(드론, drone) 제조
·무인 비행장치 제조
<제 외>
·취미, 스포츠용 무인 비행장치 제조(369402)",91.4,0.0,9.6
2024,353003,제조업,기타 운송장비 제조업,항공기용 엔진 및 부품 제조업,항공기용 엔진 제조업,"◦비행기 또는 우주 비행체용의 모터 및 엔진을 제조◦개조하는 산업활동을 말한다. 각종 용도의 반동기관, 터보 프로펠러기관을 제조하는 산업활동도 포함한다.
<예 시>
·반동기관 제조
·항공기용 내연기관 제조
·터보 제트기관 제조
·램제트 및 펄스제트 엔진 제조
<제 외>
·항공기 엔진용 부품 제조(353000)",91.4,0.0,14.4
2024,359100,제조업,기타 운송장비 제조업,모터사이클 및 개인용 전기식 이동수단 제조업,"모터사이클 제조업, 개인용 전기식 이동수단 제조업","◦발동기가 달린 자전거(모페드), 모터사이클(이륜 자동차), 모터사이클용 엔진, 사이드카 등의 모터사이클을 제조하는 산업활동을 말한다. 개인용 전기식 이동수단을 제조하는 산업활동을 말한다. 퍼스널 모빌리티(PM. Personal Mobility) 등을 포함한다.
<예 시>
·모터사이클 제조
·모페드(발동기가 달린 자전거) 제조
·오토바이 제조
·사이드카 제조
·전기 자전거 제조                    
·전동킥보드 제조
<제 외>
·자전거 및 환자용 자동 차량 제조(359200)",89.6,0.0,10.4
2024,359200,제조업,기타 운송장비 제조업,그 외 기타 분류 안된 운송장비 제조업,자전거 및 환자용 차량 제조업,"◦한개 이상의 바퀴가 장착된 각종 비동력 자전거 및 환자용 차량을 제조하는 산업활동을 말한다.
<예 시>
·배달용 삼륜 자전거 제조
·신체 장애자용 운송장비 제조
·이륜 자전거 및 기타 자전거 제조(원동기가 장착되지 않은)
·환자용 운송장비 제조(동력식 또는 비동력식 포함)
·유모차 제조
<제 외>
·보조 원동기가 장착된 자전거 및 자전거용 사이드카 제조(359100)
·어린이용 삼륜 자전거 제조(369402)",90.5,0.0,6.8
2024,359201,제조업,기타 운송장비 제조업,전투용 차량 제조업,전투용 차량 제조업,"◦탱크 및 장갑 차량 등 전투용 차량을 제조하는 산업활동을 말한다.
<예 시>
·전차 제조
·장갑 차량 제조
·탱크 제조
<제 외>
·무기 및 총포탄 제조(292700)
·통화 운반용 또는 귀금속 운반용 장갑 차량 제조(341001)",90.5,0.0,13.0
2024,359202,제조업,기타 운송장비 제조업,그 외 기타 분류 안된 운송장비 제조업,그 외 기타 달리 분류되지 않은 운송장비 제조업,"◦동물 견인 차량, 상여 등 달리 분류되지 않은 운송장비를 제조하는 산업활동을 말한다.
<예 시>
·손수레 제조
·운송용 썰매 제조
·우마차 제조
·바퀴 달린 운반용 통 제조
·매장 등에 사용되는 카트 제조
<제 외>
·환자용 차량 제조(359200)
·운동용 썰매, 스케이트 제조(369302)",90.5,0.0,13.0
2024,361001,제조업,가구 제조업,기타 가구 제조업,금속 가구 제조업,"◦주방용 및 목욕탕용, 실내용 또는 실외용 등 금속 가구, 금속 캐비닛 및 유사 장치물을 제조하는 산업활동을 말한다.
<예 시>
·금속 가구 제조
·금속 캐비닛 제조
·금속제 침대 제조
·내장 침대용 금속제 프레임(틀) 제조
<제 외>
·가구용 철물 제조(289302)
·가구 이외의 사무용 금속제품 제조(289915)
·금속 틀을 가진 내장가구 제조(361006)",91.9,0.0,7.7
2024,361002,제조업,가구 제조업,목재 가구 제조업,기타 목재 가구 제조업,"◦기타 용도의 목재 가구, 캐비닛 및 관련 장치물을 제조하는 산업활동을 말한다. 장식용 패각 또는 옥돌 등 장식용 재료를 세공하여 장식하거나 옻칠 등을 하여 각종 나전칠기 가구를 제조하는 산업활동도 포함한다.
<예 시>
·가구 제조(목제)
·등 가구 제조
·일반 목제 가구 제조
·목제 침대 제조
·내장 침대용 목제 프레임(틀) 제조
·나전칠기 가구 제조
<제 외>
·목제 틀을 갖는 내장 가구 제조(361005,361006)
·주방용 또는 음식점용 목재 가구 제조(361007)
·보석함 등 가구의 성격을 갖지 않는 장식용 나전칠기 제품 제조(202902)",90.3,0.0,8.5
2024,361003,제조업,가구 제조업,기타 가구 제조업,그 외 기타 가구 제조업,"◦금속, 목제품을 제외한 기타 재료로 각종 가구 및 장치물을 제조하는 산업활동을 말한다.
<예 시>
·플라스틱 가구 제조
·플라스틱제 침대 제조
·내장 침대용 플라스틱제 프레임(틀) 제조
·강화플라스틱제가구, 아크릴가구",92.8,0.0,10.6
2024,361005,제조업,가구 제조업,침대 및 내장 가구 제조업,매트리스 및 침대 제조업,"◦금속 스프링을 결합하거나 기타 충전물을 내장한 매트리스, 매트리스 지지용 스프링 조립제품 및 매트리스를 결합한 침대를 제조하는 산업활동을 말한다.
<예 시>
·스프링 내장 매트리스 제조
·셀룰러 고무제 매트리스 제조
·셀룰러 플라스틱제 매트리스 제조
·매트리스 내장 침대 제조
<제 외>
·목재 및 철재 침대와 내장 침대용 프레임(틀)만을 제조하는 경우에는 그 재료에 따라 해당 가구 제조업으로 각각 분류
·매트리스용으로 조립되지 않은 금속 스프링 제조(289913)",90.3,0.0,9.8
2024,361006,제조업,가구 제조업,침대 및 내장 가구 제조업,소파 및 기타 내장 가구 제조업,"◦내장 의자 및 기타 내장 가구를 제조하는 산업활동을 말한다.
<예 시>
·내장 의자 제조
·소파 제조
·침대겸용 의자 제조
<제 외>
·자동차, 항공기, 철도 차량용 내장 의자(시트) 제조는 자동차, 항공기, 철도 차량 부품으로 분류
·매트리스 및 내장 침대 제조(361005)",90.3,0.0,8.6
2024,361007,제조업,가구 제조업,목재 가구 제조업,주방용 및 음식점용 목재 가구 제조업,"◦주방 또는 음식점에서 사용되는 목재 가구를 제조하는 산업활동을 말한다.
<예 시>
·주방 가구 제조
·싱크대 제조
·식탁 제조
·찬장 제조
<제 외>
·싱크대용 금속부분만을 제조하는 경우(289916)",90.3,0.0,5.6
2024,369101,제조업,기타 제품 제조업,귀금속 및 관련제품 제조업,귀금속 및 관련제품 제조업,"◦구입한 천연◦인조귀석, 준귀석, 진주, 금, 은 및 기타 귀금속으로 장신구 및 세공품, 식기류, 예술 또는 경기용 메달 등을 제조 또는 세공하는 산업활동을 말한다. 귀금속 여부를 불문한 법정 주화 및 기타 주화를 제조하는 활동을 포함한다.
<예 시>
·귀금속 장신용품 제조
·귀금속 목걸이 제조
·귀금속 메달 제조
·귀석 제품 제조(합성, 재생)
·귀금속제 주화 제조
·귀금속 및 장신구의 도금 또는 세공 
<제 외>
·치과용 충전재와 살균한 봉합물 제조(242309)
·연마재 제조(269902)
·장식용 메달, 상패 등의 비귀금속 제품 제조(281101)
·귀금속제의 시계 및 시계 부품 제조(333000)
·모조 장신품 제조(369501)",91.0,0.0,5.8
2024,369200,제조업,기타 제품 제조업,악기 제조업,기타 악기 및 전자 악기 제조업,"◦현악기, 각종 고유 국악기(국악용 현악기, 타악기, 관악기 등 포함) 및 기타 악기를 제조하는 산업활동을 포함한다.
<예 시>
·현악기 제조
·하프 제조
·바이올린 제조
·만도린 제조
·첼로 제조
·기타 제조
·국악 현악기 제조
·뮤지컬(뮤직) 박스 제조
·하모니카 제조
·관악기 제조
·리코더 제조
·트럼펫 제조
·트롬본 제조
·휘슬 제조
·목금 제조
·탬버린 제조
·북 제조
·마라카스 제조
·타악기 제조
·캐스터네츠 제조
·심벌즈 제조
·뮤지컬 소 제조
·아코디언 제조
<제 외>
·전자식 현악기 제조(369202)",90.2,0.0,5.0
2024,369201,제조업,기타 제품 제조업,악기 제조업,건반 악기 제조업,"◦피아노 등 건반 현악기를 제조하는 산업활동을 말한다. 리드 오르간, 파이프 오르간을 제조하는 산업활동도 포함한다.
<예 시>
·피아노, 하프시코드, 스피넷, 하모늄 제조
·오르간, 파이프 오르간 제조
<제 외>
·전자식 건반 현악기 제조(369202)
·하모니카 제조(369200)",90.2,0.0,10.3
2024,369202,제조업,기타 제품 제조업,악기 제조업,기타 악기 및 전자 악기 제조업,"◦소리가 전기․전자식으로 발생 및 증폭하도록 설계된 전자 건반 악기, 전자 현악기 등을 제조하는 산업활동을 말한다.
<예 시>
·전자 악기 제조
·전자 건반 악기 제조
·전자 현악기 제조
·전자 기타 제조",90.2,0.0,10.3
2024,369301,제조업,기타 제품 제조업,운동 및 경기용구 제조업,"체조, 육상 및 체력 단련용 장비 제조업","◦체조용 장비, 트랙 및 육상경기 용구, 복싱용 링, 배구 및 농구장 설치장비, 체력 단련용 장비 및 기계장치 등과 같은 장비를 제조하는 산업활동을 말한다.
<예 시>
·헬스 장비 제조
·체조용품 제조
·체조용 링 제조
·클라이밍 로프 제조
·바벨 제조
·스프링 보드 제조
<제 외>
·어린이 놀이터용 장비 제조(369305)
·복싱 글러브 및 보호물 제조(369302)",91.0,0.0,10.4
2024,369302,제조업,기타 제품 제조업,운동 및 경기용구 제조업,기타 운동 및 경기용구 제조업,"◦코트 및 필드 게임용구, 등산장비, 동계 경기용 장비, 수중 경기용 장비, 펜싱용구 등을 제조하는 산업활동을 말한다.
<예 시>
·펜싱용구 제조
·라켓 제조
·탁구용 기구 제조
·공 제조(각종 경기용)
·장갑류 제조(경기용)
·설상 스키 제조
·양궁장비 제조
·배트 및 스틱류 제조
·골프 글러브 제조
·골프장비 제조
·운동 경기용 보호 모자 제조
·볼링장비(볼 등) 제조
·운동용 썰매, 스케이트 제조
<제 외>
·체조, 육상 및 체력 단련용 장비 제조(369301)
·낚시 및 수렵용구 제조(369306)
·당구용 장비(볼 포함) 제조(369405)
·볼링장 핀 자동 고정기 제조(292907)
·운송용 썰매 제조(359202)",89.1,0.0,10.1
2024,369305,제조업,기타 제품 제조업,운동 및 경기용구 제조업,놀이터용 장비 제조업,"◦놀이터에 설치되는 놀이용 장비를 제조하는 산업활동으로서 특정 산업에 분류되지 않은 제품을 제조하는 산업활동을 말한다.
<예 시>
·시소 제조
·미끄럼틀 제조
·회전 그네 제조
·놀이대 제조
<제 외>
·다른 산업에서 분류되는 놀이터용 제품은 제외",91.0,0.0,12.8
2024,369306,제조업,기타 제품 제조업,운동 및 경기용구 제조업,낚시 및 수렵용구 제조업,"◦낚시 및 수렵용 장비를 제조하는 산업활동을 말한다.
<예 시>
·낚시 장비 제조
·조류 유인용구 제조
·인조 미끼 제조                  
·수렵용구 제조
·낚시용 망 제조
·포충망 제조
<제 외>
·양궁장비 제조(369302)
·어망 제조(172300)
·수렵 및 경기용 총포탄 제조(292700)
·골프장비(공, 글러브 포함)제조(369302)",91.0,0.0,6.5
2024,369401,제조업,기타 제품 제조업,"인형, 장난감 및 오락용품 제조업",인형 및 장난감 제조업,"◦사람◦동물 및 가상 형태를 형상화한 인형을 제조하는 산업활동을 말한다. 이러한 인형에는 소리장치◦동작장치 등의 기계적 장치가 부착될 수도 있다.
<예 시>
·봉제 인형 제조
·인형 액세서리 제조
·사람 모형 인형 제조
·인형극용 꼭두각시 제조
·인형용 의류와 부속품, 신발과 모자 제조
·고무제인형
<제 외>
*완구, 승용 및 비승용 등의 장난감 제조(→369402)",93.2,0.0,15.5
2024,369402,제조업,기타 제품 제조업,"인형, 장난감 및 오락용품 제조업",인형 및 장난감 제조업,"◦완구, 승용 및 비승용 등의 장난감을 제조하는 산업활동을 말한다. 이러한 장난감에는 소리장치◦동작장치 등의 기계적 장치가 부착될 수도 있다.
<예 시>
·바퀴 달린 완구 제조
·완구용 목제품 제조
·조립식 완구 제조
·조립용 키트 제조
·플라스틱 조립용 모델 키트 제조
·장난감 악기 제조
·동력식 장난감 제조
·전기식 완구 제조(기차, 궤도, 신호기, 부속품 등)
·취미, 오락용 무인 항공기(드론) 제조
·고무제장난감
<제 외>
·어린이용 이륜자전거 제조(359200)
·스케이트를 포함한 아동용 스키 및 썰매 제조(369302)

*사람◦동물 및 가상 형태를 형상화한 인형 제조(→369401)",91.0,0.0,12.2
2024,369404,제조업,기타 제품 제조업,"인형, 장난감 및 오락용품 제조업",영상게임기 제조업,"◦영상 수상기를 갖춘 게임장비 또는 게임장에서 즐기는 게임기를 제조하는 산업활동을 말한다.
<예 시>
·아케이드 게임기 제조
·전자오락실 게임장비 제조
·휴대용 오락 게임기 제조",91.0,0.0,13.1
2024,369405,제조업,기타 제품 제조업,"인형, 장난감 및 오락용품 제조업",기타 오락용품 제조업,"◦스포츠 오락용 기계, 당구 등 오락용 테이블 및 장비 등을 제조하는 산업활동을 말한다.
<예 시>
·바둑 및 장기 제조
·체스 제조
·스포츠 오락용 기계 제조
·오락용 테이블 및 장비 제조
·실내 게임용 기계 및 기구 제조
·당구용구(볼 포함) 제조
·테이블 게임용 기계 및 기구 제조
<제 외>
·축제, 카니발 또는 크리스마스 장식용품(장식용 조명 세트 등 전기용품 제외) 제조(369908)

*놀이용 카드, 도박게임장비 등 유희용구 제조(→369409)",91.0,0.0,13.1
2024,369409,제조업,기타 제품 제조업,"인형, 장난감 및 오락용품 제조업",기타 오락용품 제조업,"◦놀이용 카드, 도박게임장비 등 유희용구 
<예 시>
·화투, 트럼프 등의 유희용 카드
·성인오락실빠징코, 카지노게임용테이블 등",92.0,0.0,13.1
2024,369501,제조업,기타 제품 제조업,모조 귀금속 및 모조 장신용품 제조업,모조 귀금속 및 모조 장신용품 제조업,"◦귀금속, 귀석 이외의 각종 재료로 모조 장신용품을 제조하는 산업활동을 말한다.
<예 시>
·모조 목걸이, 팔찌 제조
·모조 브로치 제조",90.4,0.0,11.7
2024,369502,제조업,기타 제품 제조업,"가발, 장식용품 및 전시용 모형 제조업",가발 및 유사 제품 제조업,"◦모발, 동물 털 및 기타 섬유를 가공하여 가발, 가눈썹, 가수염 및 유사 제품을 제조하는 산업활동을 말한다.
<예 시> 
·가발 제조
·가수염 제조
·가눈썹 제조
<제 외>
·우모 가공 또는 장식 제품 제조(369505)",90.9,0.0,13.4
2024,369503,제조업,기타 제품 제조업,간판 및 광고물 제조업,간판 및 광고물 제조업,"◦고정 광원을 갖지 않는 간판 및 광고물을 제조하는 산업활동을 말한다. 간판 및 광고물에는 형광등이나 전구가 결합될 수 있다.
<예 시>
·간판 제조
·광고물 제조
<제 외>
·네온 광고판(315002)이나 LED 광고판 등 고정 광원을 갖는 광고용 조명장치 제조(315002)
·금속제 간판, 명패, 표시판 및 관련 금속제품 제조(281101,289917)
·광고용 인쇄물 인쇄(222101~222105)
·마네킹 및 활동적인 진열물 제조(369908)",86.3,0.0,11.7
2024,369504,제조업,기타 제품 제조업,"가발, 장식용품 및 전시용 모형 제조업",표구 처리업,◦수수료에 의하여 표구하는 산업활동을 말한다. 예술품 이외의 표구 제품을 제조하는 경우도 포함한다.,87.6,0.0,5.7
2024,369505,제조업,기타 제품 제조업,"가발, 장식용품 및 전시용 모형 제조업",전시용 모형 제조업,"◦교육용, 전시용 또는 기타 실물 설명용에 적합한 각종 모형을 제조하는 산업활동을 말한다. 각종 재료로 만든 조화 및 인조물, 장식용 동◦식물성(견과, 껍질, 열매, 상아, 뼈, 귀갑 등) 및 광물성 물질(호박, 해포석 등)을 가공한 조각용 재료 및 이들의 장식용 제품, 밀랍, 스테아린, 천연검, 수지 및 비경화 젤라틴 등으로 가공한 장식용 성형품 및 조각품을 제조하는 산업활동도 포함한다.
<예 시>
·조류 깃털(우모) 표백, 염색 등 가공 제품과 우모 가공 제품(부채, 장식품, 액세서리등)제조
·꽃, 잎, 과실 등의 모조품 제조
·장식용 천연검 제품 제조
·장식용 밀랍 제품 제조
·장식용 수지 제품 제조
·조각용 재료 가공품 제조
·상아, 뼈, 귀갑, 뿔, 산호, 자개 및 기타 동물성의 조각용 재료 가공(시트, 판, 봉 형상 또는 사각형으로 절단한 형상, 연마ㆍ그라인딩ㆍ드릴링ㆍ밀링ㆍ터닝 처리한 형상 등) 및 그 제품 제조
·해부 모형 제조
·건물 모형 제조(전시용)
·기념관용 모형 제조
·선박 축소 모형 제조(교시용)
·도시 모형 제조(전시용)
·기관차 원동기 모형 제조
·동물 박제품 제조
·기계장비 모형 제조(설명용)
<제 외>
·장난감 제조(369402)
·주형, 금형 및 산업용 모형 제조(292903)
·금속제 조화 및 금속 장식품 제조(281101)
·모조 장신품 제조(369501)
·표구제품 제조(369504)",90.4,0.0,11.3
2024,369902,제조업,기타 제품 제조업,사무 및 회화용품 제조업,사무 및 회화용품 제조업,"◦필기용 또는 회화용구, 봉인기 및 수동식 소인(스탬프) 등 사무용구를 제조하는 산업활동을 말한다.
<예 시>
·펜 제조
·크레용, 파스텔 제조
·필기용구 제조
·사무용품 제조
·도장 제조
·필기용 붓 제조
<제 외>
·회화용 물감 제조(242202)
·자 및 제도용 기구 제조(331207)
·사무용, 문구용 종이제품 제조(210901)
·지우개 제조(251902)
·연필깎기 칼 제조(289304)",92.2,0.0,9.3
2024,369903,제조업,기타 제품 제조업,그 외 기타 분류 안된 제품 제조업,비 및 솔 제조업,"◦동물 털, 식물 섬유 물질 및 인조 섬유, 금속 선 등을 재료로 비, 솔 및 걸레(자루용)를 제조하는 산업활동을 말한다. 여기에는 산업용 및 가정용의 솔 제조도 포함한다.
<예 시>
·브러시 제조
·페인트용 패드 제조
·제판용 롤러 제조
·페인트용 롤러 제조
·먼지떨이 제조
·페인트용 스퀴지 제조
·걸레(자루용) 제조
·칫솔 제조
<제 외>
·자루가 없는 직물제 걸레 제조(172109)",92.2,0.0,8.9
2024,369904,제조업,기타 제품 제조업,그 외 기타 분류 안된 제품 제조업,그 외 기타 달리 분류되지 않은 제품 제조업,"◦우산 및 지팡이
<예 시>
·각종 우산 및 양산, 비닐우산, 파라솔, 지팡이 및 그 부분품(등산용 지팡이와 칼 등이 복합된 다용도 지팡이 포함)",92.8,0.0,5.6
2024,369905,제조업,기타 제품 제조업,그 외 기타 분류 안된 제품 제조업,단추 및 유사 파스너 제조업,"◦각종 재료의 단추, 커프스 단추 및 기타 유사 파스너를 제조하는 산업활동을 말한다.
<예 시>
·똑딱 단추(프레스 파스너, 스냅 파스너) 제조
·단추 제조
·커프링크(커프스 단추) 제조
·의류용 장식 못 제조
·고무제 단추
·플라스틱제 단추
<제 외>           
·산업용 금속제 파스너 제조(289910)
·귀금속제 단추 제조(369101)",92.0,0.0,7.3
2024,369906,제조업,기타 제품 제조업,그 외 기타 분류 안된 제품 제조업,"라이터, 연소물 및 흡연용품 제조업","◦각종 라이터, 라이터 돌 및 기타 유사 발화성 물질, 양초, 각종 재료제의 담배 파이프 또는 담뱃대 등을 제조하는 산업활동을 말한다.
<예 시>
·착화탄 제조
·담배 필터 제조
·가정용 고체 또는 반고체상의 착화 연료 및 합성 연료 제조
·연료용 목재, 플라스틱 펠릿 성형제품 제조
·양초 제조
<제 외>
·라이터용 심지 제조(172902)
·성냥, 화약 및 각종 불꽃제품 제조(242906,369907)",91.2,0.0,11.8
2024,369907,제조업,화학 물질 및 화학제품 제조업: 의약품 제외,그 외 기타 화학제품 제조업,화약 및 불꽃제품 제조업,◦성냥,91.2,0.0,12.4
2024,369908,제조업,기타 제품 제조업,그 외 기타 분류 안된 제품 제조업,그 외 기타 달리 분류되지 않은 제품 제조업,"◦회전목마 및 기타 흥행장용품, 소도구 및 화장용품, 마네킹 및 활동적인 진열물, 회전 낙하장치(팔랑개비 등), 머리빗 및 머리핀, 리놀륨(linoleum) 등 유사 경표면 마루덮개 및 그 부분품 , 다른 산업에서 분류되지 않은 개인 안전 보호장비와 그 외 달리 분류되지 않은 기타 제품을 제조하는 산업활동을 말한다.
<예 시>
·흥행장용품 제조
·유희장용품 제조
·빗, 핀(헤어 슬라이드, hair slide) 제조
·수동식 체 및 어레미 제조
·마네킹 인형 제조       
·컬 핀(curling pins), 컬 크립(curling clips) 등 미용 도구 제조
·젤라틴제 이쑤시개 제조                   
·회전 낙하장치(팔랑개비 등) 제조
·화장용 분첩, 패드 및 분무기 제조
·축제, 카니발, 크리스마스 장식용품(조명 세트 등 장식용 전기용품 제외) 제조
·가정용진공용기
·보온병
·보온도시락
<제 외>
·귀금속제 머리 핀 제조(369101)
·크리스마스 장식용 조명세트 제조(315002)

*우산 및 지팡이(→369904)",91.2,0.0,9.2
2024,371000,"수도, 하수 및 폐기물처리, 원료재생업","폐기물 수집, 운반, 처리 및 원료 재생업","금속류 해체, 선별 및 원료 재생업",금속류 원료 재생업,"◦지정 외 폐기물, 스크랩, 기타 폐품 등에서 금속류를 분류, 분리하여 파쇄, 분쇄하거나 화학적으로 처리하여 재생용의 금속 원료 물질로 전환하는 산업활동을 말한다.
<예 시>
·감광성 필름, 정착액, 인화지 등에서 비정련 상태의 금속을 추출
·폐기물 수집, 금속류 분류 및 분리, 파쇄, 분쇄 과정을 거쳐 금속 원료 물질 추출
<제 외>
·금속 재생재료를 처리하여 직접 1차 금속을 생산하는 경우",91.6,0.0,14.0
2024,371001,"수도, 하수 및 폐기물처리, 원료재생업","폐기물 수집, 운반, 처리 및 원료 재생업","금속류 해체, 선별 및 원료 재생업",금속류 해체 및 선별업,"◦금속을 함유한 지정 외 폐기물, 스크랩, 기타 폐품 등을 원료 재생 목적으로 해체, 절단, 압축하거나, 연속적으로 투입되는 혼합 폐기물로부터 재활용이 가능한 금속 원료 물질을 단순 분리, 분류, 회수하는 산업활동을 말한다.
<예 시>
·금속류 폐기물(폐세탁기, 폐자전거 등) 분리, 분류를 위한 절단
·금속류 폐기물 재활용 용도의 컴퓨터, TV 및 기타 장비 해체
·재활용 용도의 금속류 폐기물 용량 감소를 위한 절단, 압축
<제 외>
·중고 부품 취득 및 재판매를 위한 자동차, 컴퓨터, 텔레비전 등 해체
·재생용 재료 도매업(514971)

*선박해체(→351104)
*폐차처리업(→900300)",91.6,0.0,14.0
2024,372000,"수도, 하수 및 폐기물처리, 원료재생업","폐기물 수집, 운반, 처리 및 원료 재생업","비금속류 해체, 선별 및 원료 재생업",비금속류 원료 재생업,"◦지정 외 폐기물, 스크랩, 기타 폐품 등에서 비금속류를 분류, 분리하여 파쇄, 분쇄하거나 화학적으로 처리하여 재생용의 비금속 원료 물질로 전환하는 산업활동을 말한다.
<예 시>
·폐유리 세척, 선별, 분쇄
·폐식용유, 폐유지 화학처리를 통한 이차원료 생산
·음식료품 및 담배 폐기물, 잔재물 분쇄, 파쇄, 화학처리를 통한 이차원료 생산
·철거 폐기물 등 분류, 세척, 분쇄를 통한 이차원료 생산
·폐타이어를 이용한 고무 분말 생산
·플라스틱, 고무 폐기물을 세척, 분쇄, 용해하여 과립 형태로 가공
·플라스틱제 통, 화분, 운반대(팔레트) 제조를 위한 플라스틱 폐기물 분류 및 입상화(펠릿화)
<제 외>
·건설 폐기물 및 폐주물사를 이용하여 특정 제품을 만드는 경우는 해당 제품 제조업으로 분류
·재생 플라스틱 소재물질 제조(241303)
·유기질 및 부산물 비료 제조(241202)
·재생 윤활유, 재생유 및 그리스 제조(232200)
·목분 제조(201009)
·핵연료 농축 등 재처리(232101)",92.3,0.0,12.0
2024,372001,"수도, 하수 및 폐기물처리, 원료재생업","폐기물 수집, 운반, 처리 및 원료 재생업","비금속류 해체, 선별 및 원료 재생업",비금속류 해체 및 선별업,"◦비금속류를 함유한 지정 외 폐기물, 기타 폐품 등을 원료 재생 목적으로 해체, 절단, 압축하거나, 연속적으로 투입되는 혼합 폐기물로부터 재활용이 가능한 비금속 원료 물질을 단순 분리, 분류, 회수하는 산업활동을 말한다.
<예 시>
·폐목재류 해체 및 절단
·폐지류 기계작업을 통한 압축
·혼합 폐기물에서 플라스틱류 분류, 분리, 회수
<제 외>
·면섬유 잔재물을 이용한 방적사 제조(171102)
·건설 폐기물 및 폐주물사를 폐기 처리하는 경우(900106)
·플라스틱류 파쇄, 용해, 압출 공정을 통한 입상화(372000)
·농·축산물 폐기물 처리장 운영(900203,900101)
·유해 폐오니 및 슬러지 처리(900105)
·폐지 이용 펄프 제조(210106)
·재생 타이어 제조(251102)",92.3,0.0,13.3
2024,372002,"수도, 하수 및 폐기물처리, 원료재생업",환경 정화 및 복원업,환경 정화 및 복원업,토양 및 지하수 정화업,"◦기계적, 화학적 또는 생물학적 방법을 이용하여 오염된 지역의 토양 및 지하수를 정화하는 산업활동을 말한다. 정화활동은 오염 현장 또는 그 외 장소에서 수행할 수 있다.
<예 시>
·기름에 오염된 토양 정화
·기름에 오염된 지하수 정화
<제 외>
·무해성 폐기물 처리(900101)
·유해성 폐기물 처리(900105)",92.3,0.0,13.3
2024,372003,"수도, 하수 및 폐기물처리, 원료재생업",환경 정화 및 복원업,환경 정화 및 복원업,기타 환경 정화 및 복원업,"◦오염된 건물, 강, 바다, 호수, 대기 등을 정화하여 복원하는 활동을 말한다.
<예 시>
·오염된 건물 정화
·오염된 하천이나 해양 정화(하천이나 해양 기름띠 제거)
·건물, 산업단지 등의 석면, 납, 도료 및 기타 독성 물질 경감 활동",92.3,0.0,13.3
2024,381000,제조업,기타 제품 제조업,"금속 열처리, 도금 및 기타 금속 가공업",절삭 가공 및 유사 처리업,"◦소사장제
 수수료 또는 계약에 의하여 선반, 레이저 및 기타 전자응용 기계 등을 이용하여 철강 또는 비철금속 물질을 절삭, 식각, 재단 및 기타 표면 가공하여 특정 제품의 부분품, 반제품 또는 완제품 형태의 각종 철강 또는 비철금속제품을 생산하는 산업활동을 말한다.
<예 시> 
·금속 절삭가공 및 유사 처리
·기계부품 절삭가공품 제조
·금속용기 식각처리 가공
·금속 정밀 각인가공
·금속 조각가공
·금속제 명판 조각 가공",90.6,0.0,11.4
2024,381003,제조업,기타 제품 제조업,"금속 열처리, 도금 및 기타 금속 가공업",그 외 기타 금속 가공업,"◦소사장제
 수수료 또는 계약에 의하여 금속 물질을 용접 및 용단하거나 연마 및 기타 금속 표면을 가공하는 산업활동을 말한다. 수수료 및 계약에 의해 각종 금속 물질을 특정한 규격으로 단순 절단, 절곡, 판금(절단, 구멍 내기, 구부리기, 모양 형성 및 용접 등) 처리하는 산업활동도 포함한다.
<예 시>
·판금 성형 임가공품 제조
·금속 용접처리 가공
·금속 표면 연마처리 가공
·공작기계 부품 용접가공
·철재 특정 규격품 절단가공
·금속 샤링(shearing, 전단가공) 가공",90.6,0.0,12.9
2024,381004,제조업,기타 제품 제조업,자동차용 기타 신품 부품 제조업,그 외 자동차용 신품 부품 제조업,"◦소사장제
 수수료 또는 계약에 의하여 기타 자동차용 신품 부품을 제조하는 산업활동을 말한다.
<예 시>
·에어백 조립품 제조
·자동차용 방열기 제조
·소음기 제조
·냉각장치 제조
·보기륜(로드휠) 및 그 부분품 제조
·배기관 제조
·연료탱크 제조
·차륜 제조
·안전벨트 제조
·조립된 자동차용 섀시 프레임 제조",90.6,0.0,7.1
2024,381005,제조업,기타 제품 제조업,그 외 기타 분류 안된 제품 제조업,그 외 기타 달리 분류되지 않은 제품 제조업,"◦소사장제
 수수료 또는 계약에 의하여 회전목마 및 기타 흥행장용품, 소도구 및 화장용품, 마네킹 및 활동적인 진열물, 회전 낙하장치(팔랑개비 등), 머리빗 및 머리핀, 리놀륨(linoleum) 등 유사 경표면 마루덮개, 우산, 양산, 지팡이 및 그 부분품, 다른 산업에서 분류되지 않은 개인 안전 보호장비와 그 외 달리 분류되지 않은 기타 제품을 제조하는 산업활동을 포함한다.
<예 시>
·흥행장용품 제조
·유희장용품 제조
·빗, 핀(헤어 슬라이드, hair slide) 제조
·수동식 체 및 어레미 제조
·마네킹 인형 제조
·회전 낙하장치(팔랑개비 등) 제조
·컬 핀(curling pins), 컬 크립(curling clips) 등 미용 도구 제조
·젤라틴제 이쑤시개 제조
·화장용 분첩, 패드 및 분무기 제조
·축제, 카니발, 크리스마스 장식용품(조명 세트 등 장식용 전기용품 제외) 제조
·우산, 양산, 지팡이 제조",90.6,0.0,9.8
2024,381006,제조업,기타 제품 제조업,그 외 기타 사업 지원 서비스업,포장 및 충전업,"◦소사장제
 수수료 또는 계약에 의하여 자동 또는 수동 포장을 불문하고 수축 포장, 투명 포장 등의 각종 포장 방법을 이용하여 음식물, 의약품, 화장품, 철물 등의 제품을 포장하는 산업활동을 말한다. 이 산업에는 에어로졸의 혼합 및 주입이 포함되며, 포장물에 상표 부착 및 날인하는 활동이 결합될 수 있다.
<예 시>
·상표 부착 서비스
·여행용구 조립 및 포장
·부탄 가스 주입
·의류 포장",90.6,0.0,10.4
2024,381007,제조업,기타 제품 제조업,기타 소사장제,기타 소사장제,◦기타 소사장제,90.6,0.0,11.3
2024,401000,"전기, 가스, 증기 및 공기조절 공급업","전기, 가스, 증기 및 공기 조절 공급업",발전업,태양력 발전업,◦태양 빛 또는 광을 에너지원으로 하여 전기를 직접 생산하는 산업활동을 말한다.,94.6,0.0,23.8
2024,401001,"전기, 가스, 증기 및 공기조절 공급업","전기, 가스, 증기 및 공기 조절 공급업",발전업,원자력 발전업,◦원자력을 에너지원으로 하여 전기를 직접 생산하는 산업활동을 말한다.,94.6,0.0,20.2
2024,401002,"전기, 가스, 증기 및 공기조절 공급업","전기, 가스, 증기 및 공기 조절 공급업",발전업,수력 발전업,◦수력을 에너지원으로 하여 전기를 직접 생산하는 산업활동을 말한다.,95.1,0.0,20.2
2024,401003,"전기, 가스, 증기 및 공기조절 공급업","전기, 가스, 증기 및 공기 조절 공급업",발전업,화력 발전업,"◦화력을 에너지원으로 하여 전기를 직접 생산하는 산업활동을 말한다.
<예 시>
·화력 발전소
·열병합 발전소",95.1,0.0,20.2
2024,401004,"전기, 가스, 증기 및 공기조절 공급업","전기, 가스, 증기 및 공기 조절 공급업",발전업,"풍력 발전업, 기타 발전업","◦풍력, 조력 및 기타 에너지원으로 전기를 직접 생산하는 산업활동을 말한다.",94.6,0.0,27.8
2024,401005,"전기, 가스, 증기 및 공기조절 공급업","전기, 가스, 증기 및 공기 조절 공급업",송전 및 배전업,송전 및 배전업,"◦생산된 전기를 특정 지역까지 송전하거나 송전된 전기를 최종 소비자에게 공급하는 산업활동을 말한다.
<예 시>
·송전소
·변전소
·배전소",94.6,0.0,26.2
2024,401006,"전기, 가스, 증기 및 공기조절 공급업","전기, 가스, 증기 및 공기 조절 공급업",전기 판매업,전기 판매업,"◦가정, 산업 및 상업 이용자에게 전기를 공급 및 판매하거나 전기 판매를 중개하는 산업활동을 말한다.
<예 시>
·전기 영업소 운영
·전기 충전소 운영
·전기 판매 중개",95.1,0.0,17.2
2024,402001,"전기, 가스, 증기 및 공기조절 공급업","전기, 가스, 증기 및 공기 조절 공급업",연료용 가스 제조 및 배관공급업,연료용 가스 제조 및 배관공급업,"◦석탄 가스, 수성 가스, 발생로 가스 등을 제조하거나 연료용 가스를 혼합하여 혼합가스를 제조하는 산업활동을 말한다. 연료용 가스를 배관시설에 의하여 가정, 산업 및 상업 사용자 등에게 직접 공급하는 산업활동을 포함한다.
<예 시>
·연료용 혼합 가스 생산
·연료용 석탄 가스 생산
·연료용 가스 배관공급
<제 외>
·산업용 압축 또는 액화 가스 제조(241101)
·차량용 가스 충전소(505002)
·소매업자에 공급하는 가스 충전소(514130)
·수수료 또는 계약에 의한 가스 관로(파이프라인) 운영(603000)",89.8,0.0,25.4
2024,403000,"전기, 가스, 증기 및 공기조절 공급업","전기, 가스, 증기 및 공기 조절 공급업","증기, 냉ㆍ온수 및 공기 조절 공급업","증기, 냉ㆍ온수 및 공기 조절 공급업","◦냉◦난방, 동력 또는 기타 목적의 열, 증기, 냉◦온수, 냉방 공기를 생산하는 활동과 배관시설에 의하여 사용자에게 공급하는 산업활동을 말한다. 배관시설을 통한 온천수 공급활동도 포함한다.
<예 시>
·냉수, 온수 생산 및 공급
·증기 생산 및 공급
·온천수 생산 및 공급
·열 생산 및 공급
·냉방 공기 생산 및 공급
<제 외>
·온천 종합개발(도급)(종합건설업중 해당 산업활동으로 분류) 
·광물 탐사권 임대(701600)",87.0,0.0,27.1
2024,410000,"수도, 하수 및 폐기물처리, 원료재생업",수도업,생활용수 공급업,생활용수 공급업,"◦수요자에게 생활용수를 공급하기 위하여 취수, 집수, 정수 및 급수를 하는 산업활동을 말한다. 생활용수는 도수관, 송수관, 배수관, 급수관 등 배관시설에 의하여 공급된다.",84.1,0.0,28.5
2024,410001,"수도, 하수 및 폐기물처리, 원료재생업",수도업,산업용수 공급업,산업용수 공급업,"◦수요자에게 공업용수 및 상업용수를 공급하기 위하여 취수, 집수, 정수 및 급수를 하는 산업활동을 말한다. 산업용수는 관련 배관시설에 의하여 공급된다.
<제 외>
·농업용수 공급 및 농업용 관개시설 운영(014302)
·하수시설 운영업(900200)",84.1,0.0,28.5
2024,451101,건설업,종합 건설업,주거용 건물 건설업,아파트 건설업,"◦주거용 아파트를 건설하는 산업활동을 말한다.
<예 시>
·아파트 건설
·주상 복합 아파트 건설
<제 외>
*주거용건물을 건설하여 분양(판매)(→451105)",91.6,0.0,11.9
2024,451102,건설업,종합 건설업,주거용 건물 건설업,주거용 건물 건설업,"◦주거용 건물을 신축하여 판매(토지보유 5년 미만)
 -직접 건설활동을 수행하지 않고 전체 건물건설 공사를 일괄 도급하여 주거용 건물을 건설하고 이를 판매(건축 시행사)",91.0,0.0,18.7
2024,451103,건설업,종합 건설업,주거용 건물 건설업,주거용 건물 건설업,"◦주거용 건물을 신축하여 판매(토지보유 5년 이상)
 -직접 건설활동을 수행하지 않고 전체 건물건설 공사를 일괄 도급하여 주거용 건물을 건설하고 이를 판매(건축 시행사)",87.6,0.0,21.8
2024,451104,건설업,종합 건설업,비주거용 건물 건설업,기타 비주거용 건물 건설업,"◦비주거용 건물을 건설하는 산업활동(건축 시공사)
*비주거용건물 건설용역만 해당됨(건설 후 판매 → 부동산매매업)
*직접 건설활동을 수행하지 않더라도 건설공사에 대한 총괄적 책임을 지면서 하도급을 주어 전체적으로 건설공사를 관리하는 경우 포함
◦각종 유형의 창고, 주차시설, 운송 터미널, 실내 경기장 등 기타 용도의 비주거용 건물을 건설하는 산업활동을 말한다.
<예 시>
·일반 창고, 냉동 및 냉장 창고, 특정용 창고 건물 건설
·여객 및 화물 터미널 건설                     ·주유소 건물 건설
·차고시설 건설                                ·박물관 및 유사 건물 건설
·동물원용 건물 건설                            ·운수관련 건물 건설
·화학물 및 저유소 건물 건설                    ·공항 건물 건설
·실내 경기장 건설",91.2,0.0,12.3
2024,451105,건설업,종합 건설업,주거용 건물 건설업,"단독 주택 건설업, 아파트 건설업, 기타 공동 주택 건설업","◦주거용 건물을 건설하여 분양(판매)
*직접 건설활동을 수행하지 않더라도 건설공사에 대한 총괄적 책임을 지면서 하도급을 주어 전체적으로 건설공사를 관리하는 경우 포함",91.6,0.0,11.8
2024,451106,건설업,종합 건설업,주거용 건물 건설업,단독 주택 건설업,"◦주거용 단독 주택 및 다가구 주택 등을 건설하는 산업활동을 말한다.
<예 시>
·단독 주택 및 다중 주택 건설
·다가구 주택(3층 이하, 660㎡ 이하) 건설
<제 외>
·직접 건설한 주거용 건물을 임대하는 경우(701101~701104)

*주거용 건물을 건설하여 분양(판매)(→451105)",91.6,0.0,9.2
2024,451107,건설업,종합 건설업,주거용 건물 건설업,기타 공동 주택 건설업,"◦다세대 주택, 연립 주택 등 아파트 이외의 공동 주택을 건설하는 산업활동을 말한다.
<예 시>
·연립 주택(4층 이하, 660㎡ 초과) 건설
·다세대 주택(4층 이하, 660㎡ 이하) 건설
<제 외>
*주거용건물을 건설하여 분양(판매)(→451105)",91.6,0.0,12.4
2024,451108,건설업,종합 건설업,비주거용 건물 건설업,사무ㆍ상업용 및 공공기관용 건물 건설업,"◦비주거용 건물을 건설하는 산업활동(건축 시공사)
*비주거용건물 건설용역만 해당됨(건설 후 판매 → 부동산매매업)
*직접 건설활동을 수행하지 않더라도 건설공사에 대한 총괄적 책임을 지면서 하도급을 주어 전체적으로 건설공사를 관리하는 경우 포함
◦사무, 상업용 및 공공기관용 건물을 건설하는 산업활동을 말한다.
<예 시>
·교육·연구시설 및 의료시설용 건물 건설          ·상점 및 쇼핑센터 건설
·호텔, 기숙사, 군인 막사 등 숙박시설, 각종 오락 및 상업시설용 건물 건설
·경찰서 및 소방서 건설                          ·오피스텔 건설

<제 외>
·일반 창고 건설(451104)               ·특정용 창고(격납고 등) 건설(451104)
·옥외 수영장 및 관련 탈의실 건설(451200)",91.2,0.0,12.7
2024,451109,건설업,종합 건설업,비주거용 건물 건설업,제조업 및 유사 산업용 건물 건설업,"◦비주거용 건물을 건설하는 산업활동(건축 시공사)
*비주거용건물 건설용역만 해당됨(건설 후 판매 → 부동산매매업)
*직접 건설활동을 수행하지 않더라도 건설공사에 대한 총괄적 책임을 지면서 하도급을 주어 전체적으로 건설공사를 관리하는 경우 포함
·각종 제조 공장 및 유사 산업용 건물을 건설하는 산업활동을 말한다. 건물 건설공사와 함께 생산시설용 기계 및 설비의 부분적인 설치공사가 수행될 수 있다.
<예 시>
·공업용 건물 건설                       ·광산용 건물 건설
·화학산업용 건물 건설                   ·발전소용 건물 건설

<제 외>
·종합적인 계획에 따라 제조업 및 유사 산업용 건물과 함께 기계·설비류, 구조물 등의 설치를 병행하는 경우(451300)",91.2,0.0,17.5
2024,451200,건설업,종합 건설업,토목 시설물 건설업,기타 토목 시설물 건설업,"◦실외 경기장, 상◦하수도 본관 및 관련 시설물, 관로(파이프라인) 등 각종 토목 시설물을 건설하는 산업활동을 말한다.
<예 시>
·종합계획에 의한 공항 건설 
·주경기장(스타디움, stadium) 공사
·야외 경기장 및 유사 오락시설 공사
·종합적 계획에 따라 조성되는 기반시설용 상·하수도 본관(도수관, 송수관, 배수관, 오수관), 농·공업용 수도관 공사
·석유, 가스 등 관로(파이프라인) 공사  
·미사일 발사대 및 유사 군사용 구조물 설치 공사
·철탑 건설(송전탑은452125)
·취수, 정수, 송·배수용 기기 설치공사
·가스 충전시설, 집단 공급시설, 저장시설, 사용시설, 판매시설 설치 공사
<제 외>
·농지 개발 및 정지, 광산부지 조성 관련 공사(451204)",89.6,0.0,16.4
2024,451204,건설업,종합 건설업,지반조성 건설업,지반조성 건설업,"◦택지 조성공사, 공장부지 조성공사, 광산용지 개발 등의 건설부지 및 기타 용지를 개발◦조성하는 산업활동을 말한다. 각종 부지 조성공사와 결합된 도로 및 관련 특수 구조물, 상◦하수도, 가로등, 전기통신, 조경, 정보화 시설공사 등과 간척공사를 포함한다.
<제 외>
·토공사(452110)
·묘지 개발·공급업(701700)
·토지 개발·공급업(703011,703012,703021~703024)
·계약에 의한 원유 및 천연가스 채굴관련 건설활동(142910)",89.6,0.0,18.8
2024,451205,건설업,종합 건설업,토목 시설물 건설업,도로 건설업,"◦각종 도로, 공항 활주로, 인도 등의 도로 건설을 수행하는 산업활동으로서 도로 건설활동과 결합된 포장공사 및 도로 관련 구조물을 설치하는 산업활동도 포함한다.
<예 시>
·도로공사
·활주로공사
·인도공사
·보도공사
·고속도로 건설
<제 외>
·도로건설과 분리된 교량, 고가도로 및 지하도공사(451206)
·도로건설과 분리된 도로선 표시공사(452129)
·도로 포장공사를 전문적으로 수행하는 경우(452108)
·농로, 기계화 경작로, 마을 안길 등 콘크리트 포장공사(포장장비 미사용)(452119)",89.6,0.0,21.9
2024,451206,건설업,종합 건설업,토목 시설물 건설업,"교량, 터널 및 철도 건설업","◦도로건설과 분리된 교량◦터널◦고가도로 건설 및 철도◦지하철도를 건설하는 산업활동을 말한다. 고가 수로 건설이 수로공사와 분리될 경우에도 포함한다.
<예 시>
·철교 건설
·터널 및 유사 구축물 건설
·수중 터널 공사
·이동식 교량 건설
·지하도 건설
·출렁다리(줄다리) 건설
<제 외>
·교량 및 철도 건설과 분리된 철 구조물 및 철도 궤도 부설 전문공사(452118,452122)",89.6,0.0,13.4
2024,451207,건설업,종합 건설업,토목 시설물 건설업,"항만, 수로, 댐 및 유사 구조물 건설업","◦종합적인 계획에 따라 관리되고 조성되는 항만시설, 댐 및 저수시설, 관개 및 기타 용도의 수로 등을 건설하는 산업활동을 말한다.
<예 시>
·방파제 및 유사 구축물 건설
·운하 및 유사 구축물 건설
·항구 및 항만시설 건설
·강 제방 및 유사 구조물 건설
·부두, 잔교 및 유사 구조물 공사
·저수지 개발 공사
·하천ㆍ항만 등의 물 밑을 준설선 등의 장비를 활용한 준설 공사
<제 외>
·조경용 인공호수(굴착) 건설(451400)
·건축물 축조와 관련한 기초공사에 수반되는 배수로공사(452113)
·부지조성 관련 독립적으로 실시되는 상수도 및 하수도관 등 각종 기반시설 설치 공사(451200)
·송유관 등 관로(파이프라인) 설치 공사(451200)",89.6,0.0,13.4
2024,451208,건설업,종합 건설업,토목 시설물 건설업,환경설비 건설업,"◦환경오염을 예방ㆍ제거ㆍ감축하거나 환경오염 물질을 처리ㆍ재활용하기 위한 시설인 폐기물 처리 및 환경오염 방지시설을 건설하는 산업활동을 말한다.
<예 시>
·오수 및 폐수처리 시설공사
·쓰레기처리 시설공사
·하수 종말 처리장 시설공사
·환경 오염방지 시설공사
·분뇨처리 시설공사
·폐기물 소각장 설치공사
<제 외>
·관개 및 기타 용도의 수로 건설공사(451207)
·산업 생산설비를 종합적으로 건설하는 공사(451300)
·건물용 환경 위생처리 기기 및 관련 배관을 설치하는 경우(452104)",89.6,0.0,13.4
2024,451300,건설업,종합 건설업,토목 시설물 건설업,산업 생산시설 종합 건설업,"◦종합적인 계획에 따라 관리되고 조성되는 산업 생산시설, 전기 및 가스 등 에너지 생산시설 등을 건설하는 산업활동을 말한다. 산업 생산시설은 생산자가 목적으로 하는 원료, 에너지, 중간재, 최종 제품 등을 독자적으로 생산할 수 있는 기계와 장치, 관련 구조물, 건물이 결합된 단위 생산시설을 나타낸다.
<예 시>
·화학공업설비 설치공사
·발전설비 설치공사
·화학 물질 처리설비 설치공사
·광산설비 설치공사
·도시가스 제조설비 설치공사
<제 외>
·산업설비 설치용 건물 건설(451104,451108,451109)
·산업 생산설비의 성격을 갖지 않는 특정한 산업용 기계장비의 조립·설치는 해당 기계의 제조활동으로 분류
·산업 생산설비 성격을 갖지 않는 건물 설비용 단일 기계·장비를 전문 건설업자가 조립·설치하는 경우(452124)",87.7,0.0,14.0
2024,451400,건설업,종합 건설업,토목 시설물 건설업,조경 건설업,"◦종합적인 계획에 따라 관리되고 조성되는 수목원, 공원, 녹지, 숲 조성 등 경관 및 환경을 조성ㆍ개량하는 토목공사를 수행하는 산업활동으로서 조경수, 잔디, 화초 등 각종 조경용 식물을 식재 또는 파종하거나 조경 시설물을 설치하는 공사가 결합 수행될 수 있다.
<예 시>
·외부 환경 조성공사
·조경 건설공사
·정원 조성공사
·녹지 조성공사
<제 외>
·공원 및 정원 조성을 위한 조경수 식재 및 유지관리 활동(749303)",91.0,0.0,13.7
2024,452101,건설업,전문직별 공사업,기타 건축 마무리 공사업,"미장, 타일 및 방수 공사업","◦전문직별 도급 건설업자가 건축물의 벽면 및 바닥의 미장공사, 방수공사 및 타일공사를 수행하는 산업활동을 말한다.
<예 시>
·모자이크공사
·미장, 타일, 방수공사 시공과 관련 건물 본체 및 설비 등과 일체화 공사(태핑공사)
·대리석 부착공사
·프레스코공사
·모래 분사 부착(취부)공사
·타일 및 테라조 내장공사
·회반죽 공사 및 관련 미장공사
<제 외>
·블록, 벽돌, 석재 조적공사(452114)
·지붕공사(452123)
·방음공사(452115)
·핫 태핑, 콜드 태핑공사(452104)",92.8,0.0,15.2
2024,452102,건설업,전문직별 공사업,유리 및 창호 공사업,유리 및 창호 공사업,"◦전문직별 건설업자가 각종 유리공사 및 창호공사를 전문적으로 수행하는 산업활동을 말한다.
<예 시>
·유리공사
·유리 끼우기 공사
·창문 유리 설치공사
·플라스틱 창호 설치공사
·목재 창호 설치공사
·새시 설치공사
·금속 창호 설치공사
·일반 셔터 설치공사
<제 외>
·회전문공사(452124)
·회전문 또는 자동문 개폐장치 설치공사(452124)",92.5,0.0,12.2
2024,452103,건설업,전문직별 공사업,기반조성 관련 전문공사업,"보링, 그라우팅 및 관정 공사업","◦전문직별 도급 건설업자가 지반 또는 구조물 등에 천공을 하거나 압력을 가하여 보강재를 설치하거나 회반죽 등을 주입 또는 혼합 처리하는 공사를 수행하는 산업활동을 말한다.
<예 시>
·보링 및 그라우팅공사
<제 외>
*지반 또는 구조물 등에 관정, 우물 등을 굴착하는 공사(→452112)",91.1,0.0,15.1
2024,452104,건설업,전문직별 공사업,건물설비 설치 공사업,배관 및 냉ㆍ난방 공사업,"◦전문직별 건설업자가 건물이나 구축물 축조에 관련되는 배관, 냉◦난방, 환기 등 공기 조절설비의 설치◦보수공사를 수행하는 산업활동을 말한다.
<예 시>
·보일러 공사
·건물 내부 가스설비 설치공사
·송풍관 건설 공사
·환기시설 공사
·화재방지용, 조경용 살수시설(스프링클러) 및 물펌프 설치 공사
·보일러 연소기 설치공사
·배관공사와 결합된 판금, 용품, 기기 등 설치 공사
·요업용, 금속용 요로 설치 공사
·온돌 설치공사
·보온ㆍ보냉 등 열절연 공사
·태핑(핫태핑, 콜드태핑) 공사
·덕트 설치공사
<제 외>
·배관공사와 분리된 함석 및 판금공사(452123)
·냉장고, 룸에어콘 등 가정용 기기 수리(922104)
·토목성격의 상·하수도 배관공사(451200)
·소방시설공사(452116)

*상하수도 설비공사(→452132)",91.2,0.0,13.4
2024,452105,건설업,전문직별 공사업,"도장, 도배 및 내장 공사업","도배, 실내 장식 및 내장 목공사업","◦전문직별 건설업자가 건물 및 구축물 벽면의 도배공사를 수행하는 산업활동을 말한다.
<예 시>
·벽지 부착공사

<제 외>
*인테리어공사 등(→452106)
*건물 및 구축물의 카펫공사, 바닥재 설치공사 등 실내 장식공사, 내장 목공사(→452107)",88.7,0.0,14.0
2024,452106,건설업,전문직별 공사업,"도장, 도배 및 내장 공사업","도배, 실내 장식 및 내장 목공사업","◦실내 장식공사, 인테리어공사 등",88.2,0.0,11.5
2024,452107,건설업,전문직별 공사업,"도장, 도배 및 내장 공사업","도배, 실내 장식 및 내장 목공사업","◦전문직별 건설업자가 건물 및 구축물의 카펫공사, 바닥재 설치공사 등 내장 목공사를 수행하는 산업활동을 말한다.
<예 시>
·모노륨 등 바닥재 설치공사
·마루 덮개공사
·비닐장판 설치공사
·장판 설치공사
·목재 마루 깔기공사
·목세공공사
·목공물 부착공사
·벽면 목공사
<제 외>
·문 및 창호 공사(452102)
·형틀 목공사(452120)

*벽지 부착공사(→452105)
*실내 장식공사, 인테리어공사 등(→452106)",91.2,0.0,12.7
2024,452108,건설업,전문직별 공사업,기타 시설물 축조 관련 전문공사업,포장 공사업,"◦포장장비를 사용하여 역청 물질(아스팔트 등), 시멘트, 콘크리트 등으로 도로 및 공항 등의 토목건설에 관련된 지면의 포장공사를 전문적으로 수행하는 산업활동을 말한다.
<예 시>
·아스팔트 포장공사
·공항 활주로 포장공사
·콘크리트 포장공사
·포장장비를 사용한 농로, 기계화 경작로, 마을 안길 등 포장공사
·과속 방지턱 설치공사
·보도 블럭, 경계석, 특수 블럭 설치공사(석재 제외)",91.4,0.0,15.6
2024,452109,건설업,전문직별 공사업,기타 시설물 축조 관련 전문공사업,수중 공사업,"◦전문직별 건설업자가 수중 또는 해저 작업이 요구되는 시설물을 설치하거나 지장물을 해체하는 공사를 전문적으로 수행하는 산업활동을 말한다.
<예 시>
·수중 건축 공사
·잠수 및 수중 공사
·수중 암석 파쇄공사
·수중 구조물 설치 및 해체 공사
·계선 부표 및 부이 등 항로 표지 설치 공사
<제 외>
·수중 터널 공사(451206)",92.2,0.0,14.0
2024,452110,건설업,전문직별 공사업,기반조성 관련 전문공사업,토공사업,"◦계약에 의하여 도급 건설업자가 각종 공사를 위한 발파, 암석 제거, 굴착, 토사 운반, 땅 고르기, 절토, 성토, 비탈 보호, 물막이, 흙막이 및 관련 배수로 설치공사 등의 토공사 및 정지공사를 수행하는 산업활동을 말한다.
<예 시>
·공업용지 조성용 정지공사
·사방공사
·광산용지 조성관련 토공사
·굴착, 흙 운반 및 땅 고르기공사
·철도 도상 자갈공사
·폐기물 매립지 굴착·선별·성토공사
·굴진공사
<제 외>
·건축물 축조 관련 굴착, 흙 운반, 배수로공사(452113)
·택지 등 지반 조성공사(451204)
·건물 축조관련 파일공사(452113)
·묘지 개발 공급(701700)
·위탁 및 자영으로 토지, 농지 등의 토지를 개발하여 분양·판매(해당 토지 개발하여 분양·판매하는 산업활동으로 분류)",92.8,0.0,17.2
2024,452111,건설업,전문직별 공사업,시설물 유지관리 공사업,시설물 유지관리 공사업,"◦시설물 완공 이후 그 기능을 보전하고 이용자의 편의와 안전을 높이기 위하여 시설물을 점검◦정비하고 개량◦보수◦보강하는 공사로서 2종 이상의 전문직별 공사업무 내용으로 수행하는 건축물 개량◦보수◦보강공사를 수행하는 산업활동을 말한다. 건축물 증축◦개축◦재축 및 대수선 공사, 건축물 이외 시설물 증설◦확장공사, 주요 구조부를 해체한 후 보수◦보강 및 변경하는 공사, 전문 건설업종 중 1개 업종 업무 내용만으로 수행하는 건축물 개량◦보수◦보강공사는 제외한다.",90.7,0.0,15.1
2024,452112,건설업,전문직별 공사업,기반조성 관련 전문공사업,"보링, 그라우팅 및 관정 공사업","◦전문직별 도급 건설업자가 지반 또는 구조물 등에 관정, 우물 등을 굴착하는 공사를 수행하는 산업활동을 말한다.
<예 시>
·굴정공사
·지하수 개발 공사
·관정(관개용 우물)공사
·우물공사
<제 외>
·조경용 연못 건설(451400)

*지반 또는 구조물 등에 천공을 하거나 압력을 가하여 보강재를 설치하거나 회반죽 등을 주입 또는 혼합 처리하는 공사(→452103)",92.8,0.0,20.3
2024,452113,건설업,전문직별 공사업,기반조성 관련 전문공사업,파일공사 및 축조관련 기초 공사업,"◦전문직별 도급 건설업자가 건축물의 축조에 관련되는 파일공사(항타기에 의하여 파일을 박거나 샌드파일 등을 설치하는 공사), 축조용 대지 굴착 및 관련 흙 운반공사, 건축물 기초 공사관련 배수로공사 등의 축조관련 기초공사를 수행하는 산업활동을 말한다.
<예 시>
·파일공사 및 관련공사
·축조관련 부지 기초공사 및 관련공사(대지 굴착, 흙 운반, 배수로공사 등)
·축조 관련 기초공사와 결합된 콘크리트공사
·건축부지, 농·임업용지 배수로 공사
<제 외>
·건설용지, 농지, 광산용지 등 지반조성 관련공사(451204)
·사방공사 등 토공사(452110)
·철근공사 등 축조관련 전문공사(해당 시설물 축조관련 산업활동으로 분류)",92.8,0.0,17.5
2024,452114,건설업,전문직별 공사업,기타 시설물 축조 관련 전문공사업,조적 및 석공사업,"◦전문직별 도급 건설업자가 구조물의 벽체나 기초 등을 시멘트 블록ㆍ벽돌 등의 재료를 모르타르 등의 교착제로 부착시키거나 장치하여 쌓거나 석재를 사용하여 시설물 등을 시공하는 공사를 수행하는 산업활동을 말한다.
<예 시>
·석조공사
·벽돌 구조재 설치공사
·벽돌 조적공사
·조립식 벽면 부착공사
·석재 조적공사
·콘크리트 블록 조적공사
·인도ㆍ광장 등 석재 포장공사
·판석 포장공사
·굴뚝 공사
<제 외>
·벽면에 타일 및 대리석 부착, 테라조 및 모자이크공사(452101)",92.8,0.0,13.3
2024,452115,건설업,전문직별 공사업,건물설비 설치 공사업,"방음, 방진 및 내화 공사업","◦전문직별 도급 건설업자가 건축물 축조와 관련하여 건물의 벽 및 천정 등에 방음, 방진 및 내화 물질을 주입 또는 설치하는 산업활동을 말한다.
<예 시>
·방열 및 방음공사
·방음 및 음향 조절공사
·방진 공사
<제 외>
·미장 및 방수공사(452101)
·난방 배관공사(452104)",92.8,0.0,20.5
2024,452116,건설업,전문직별 공사업,건물설비 설치 공사업,소방시설 공사업,"◦건축물 축조와 관련하여 소방시설을 설치하는 산업활동을 말한다. 옥외 소화전 설치공사를 포함한다.
<예 시>
·소화전 설치공사
·건물 및 구축물 소방시설 공사
·방화 셔터 설치공사
<제 외>
·소방시설 설계 및 감리(742103,742109,742106)
·일반 셔터 설치공사(452102)",92.8,0.0,14.7
2024,452117,건설업,전문직별 공사업,건물 및 구축물 해체 공사업,건물 및 구축물 해체 공사업,"◦계약에 의하여 도급 건설업자가 토목구축물 및 건물의 해체 또는 철거공사를 전문적으로 수행하는 산업활동을 말한다. 건축물의 해체과정에서 얻어지는 재활용 물질의 판매활동이 결합될 수 있다.
<예 시>
·건축물 해체관련 발파공사
·건축물 철거공사
·건축물 해체공사
·구축물 철거공사",92.5,0.0,18.1
2024,452118,건설업,전문직별 공사업,"철골, 철근 및 콘크리트 공사업",철골 및 관련 구조물 공사업,"◦전문직별 건설업자가 건축물의 철골조 및 뼈대 등 관련 구조물을 설치하는 산업활동을 말한다.
<예 시>
·철골공사
·철골 용접공사
·철강 구조물 조립, 설치공사
·철제 수문 등 조립, 설치공사
·철탑, 철교 조립 및 설치공사
<제 외>
·토목공사와 병행하는 철탑, 철교 등 철구조물 조립·설치공사(451206)",92.5,0.0,14.3
2024,452119,건설업,전문직별 공사업,"철골, 철근 및 콘크리트 공사업",콘크리트 및 철근 공사업,"◦전문직별 건설업자가 콘크리트공사, 철근공사 및 철근 콘크리트공사를 수행하는 산업활동을 말한다. 포장장비를 사용하지 않는 소규모 도로 콘크리트 포장공사를 포함한다.
<예 시>
·콘크리트공사
·철근콘크리트공사
·철근공사
·프리스트레스트 콘크리트공사(PSC)
·포장장비를 사용하지 않는 농로, 기계화 경작로, 마을 안길 등 콘크리트 포장공사
<제 외>
·축조 관련 기초공사와 결합된 콘크리트공사(452113)
·벽면, 바닥의 회반죽 공사 및 미장공사(452101)",92.5,0.0,15.6
2024,452120,건설업,전문직별 공사업,기타 시설물 축조 관련 전문공사업,비계 및 형틀 공사업,"◦전문직별 도급 건설업자가 수행하는 일반 비계공사, 발판 가설공사, 특수 중량물 설치공사, 콘크리트 형틀 설치공사, 기타 건축공사 보조물을 설치하는 산업활동을 말한다.
<예 시>
·콘크리트 형틀(거푸집) 설치공사
·발판 가설공사
·특수 중량물(특수 구조물, 탱크 등 대형 조립물) 설치 및 이전 공사
·건축공사 보조물 설치공사
<제 외>
·철근 콘크리트 공사와 결합 수행하는 형틀공사(452119)",92.5,0.0,17.1
2024,452121,건설업,전문직별 공사업,기타 건축 마무리 공사업,건물용 금속 공작물 설치 공사업,"◦전문직별 건설업자가 건축물을 완성 및 마무리하는 과정에서 각종 금속공작물을 설치하는 산업활동을 말한다.
<예 시>
·금속제 장식용 아치 설치공사
·장식용 금속 공작물 설치공사
·금속제 발코니 설치공사
·장식용 금속제 모형 설치공사
·금속제 차광막 설치공사
·철사다리, 철난간, 철계단 설치공사
<제 외>
·금속 구조재 제조업체가 설치하는 경우(281100,281103~281106)
·축조관련 울타리 설치 공사 및 철망공사(452201)",92.5,0.0,16.5
2024,452122,건설업,전문직별 공사업,기타 시설물 축조 관련 전문공사업,철도 궤도 전문공사업,"◦철도 및 지하철 건설에 관련된 철도 궤도의 부설공사를 전문적으로 수행하는 산업활동을 말한다.
<예 시>
·궤도공사, 궤도 용접공사
·선로 차단공사
·침목(목재, 콘크리트 침목) 설치공사
<제 외>
·철도 건설업체가 철도 궤도의 부설공사를 직접 수행하는 경우(451206)",91.1,0.0,16.9
2024,452123,건설업,전문직별 공사업,기타 시설물 축조 관련 전문공사업,"지붕, 내ㆍ외벽 축조 관련 전문공사업","◦지붕 및 판금 설치공사, 내벽․외벽․바닥 패널 조립공사, 천장․벽체․칸막이 공사를 전문적으로 수행하는 산업활동을 말한다.
<예 시>
·각종 재료제(기와, 슬레이트, 금속, 아스팔트, PVC 등)의 지붕공사
·지붕 단열, 장식 공사
·판금 설치 공사
·빗물받이 및 홈통 설치공사
<제 외>
·함석공사(배관공사 관련)(452104)
·지붕 잇기공사와 분리되어 수행되는 지붕 도장공사(452129)",91.1,0.0,14.5
2024,452124,건설업,전문직별 공사업,건물설비 설치 공사업,"건물용 기계ㆍ장비 설치 공사업, 승강설비 설치 공사업","◦전문직별 건설업자가 건물이나 구축물의 본래 기능 수행을 위해 결합 설치되는 각종 기계 설비 및 장치와 각종 승강설비 및 장치를 설치하는 산업활동을 말한다.
<예 시>
·물품 이동장치 설치공사
·식품 이동장치 설치공사
·집진기 설치공사
·회전식 문 설치공사
·엘리베이터, 리프트 및 에스컬레이터 설치공사
·자동 길(무빙워크) 설치공사
·기계식 주차 설비공사
·건물 기계설비 제어기기 설치공사
·지능형 제어시스템ㆍ자동 원격 검침설비 등 자동 제어공사
·시스템 에어컨(GHP, 가스엔진 냉·난방기) 설치 공사
·시스템 에어컨(EHP, 전기엔진 냉·난방기) 설치 공사
·피뢰침 등 낙뢰 방지설비 설치공사
<제 외>
·토목공사 성격의 산업 설비공사(451300)
·건물 내 배관 공사(452104)
·건축물 관련 전기 공사(452126) 및 통신장비 설치공사(452128)
·창호 설치공사(452102)",91.2,0.0,15.7
2024,452125,건설업,전문직별 공사업,전기 공사업,일반 전기 공사업,"◦송◦배전 설비공사, 송◦배전선 설치공사 등과 같은 전기 관련 토목공사 성격의 공사를 수행하는 산업활동을 말한다. 전기 설비공사와 관련한 구조물 건설활동도 포함한다.
<예 시>
·송전 및 배전선 케이블공사
·가로 조명 시설공사
·교통 통제용 전기 시설공사
·송·배전탑 공사",91.2,0.0,13.4
2024,452126,건설업,전문직별 공사업,전기 공사업,내부 전기배선 공사업,"◦건축물 내부의 전기 배선공사를 전문적으로 수행하는 산업활동을 말한다.
<예 시>
·건물 전기 배선공사
·도난 방지용 전기 설비공사
·지능형 빌딩시스템(IBS) 전기설비 제어 및 감시 공사
·에너지관리시스템(EMS) 전기설비 제어 및 감시 공사",91.2,0.0,12.9
2024,452127,건설업,전문직별 공사업,통신 공사업,일반 통신 공사업,"◦통신 케이블 공사 및 통신선 관련 구조물 설치 등 토목공사의 성격을 가지는 통신공사를 수행하는 산업활동을 말한다.
<예 시>
·통신 케이블공사
·통신탑 설치공사
·해저 통신 케이블공사",91.2,0.0,19.7
2024,452128,건설업,전문직별 공사업,통신 공사업,내부 통신배선 공사업,"◦건축물 내부의 통신배선 공사를 전문적으로 수행하는 산업활동을 말한다.
<예 시>
·구내 정보통신(LAN) 공사
·케이블 TV 접속공사
·경보조직 관련 통신배선 설치공사
·지능형 빌딩시스템(IBS) 통신설비 제어 및 감시 공사
·원격자동검침(AMR) 통신설비 공사",91.2,0.0,17.7
2024,452129,건설업,전문직별 공사업,"도장, 도배 및 내장 공사업",도장 공사업,"◦전문직별 건설업자가 건물, 구축물 및 구조물 등의 도장공사를 수행하는 산업활동을 말한다.
<예 시>
·선박 도장공사
·건물 내·외부 도장공사
·교량 및 기타 구축물 도장공사
·도로선 표시 도장(도로 건설활동과 분리된)공사
·부식 방지용 도장공사
<제 외>
·도로선 표시 도장(도로포장 활동과 결합된)공사(452108)
·프레스코공사(452101)",88.7,0.0,15.2
2024,452130,건설업,전문직별 공사업,기반조성 관련 전문공사업,기타 기반조성 관련 전문공사업,"◦토공사, 보링 및 그라우팅 공사, 파일공사 이외의 기타 기반조성과 관련된 전문공사를 수행하는 산업활동을 말한다.
◦하천준설공사
 ·선박의 입출항을 위해 하천을 준설하는 공사",91.4,0.0,20.0
2024,452131,건설업,전문직별 공사업,기타 시설물 축조 관련 전문공사업,기타 옥외 시설물 축조관련 전문공사업,"◦건축물 공사와 관계없이 독립적으로 조성되는 조경 시설물 설치공사, 삭도공사, 옥외 안전․경계․방호․방음 시설물 축조와 관련한 공사를 전문적으로 수행하는 산업활동을 말한다.
<예 시>
·조경 시설물(조경석, 인조목, 인조암, 야외 의자, 놀이기구, 운동기구, 분수대, 퍼걸러, 인조 잔디 등) 설치공사
·삭도(케이블카, 리프트 등) 공사
·가드레일, 표지판, 방호 울타리, 낙석 방지망·낙석 방지책, 방음벽, 방음 터널, 교량 안전 점검시설, 버스 승강대, 도로 교통안전 시설물, 옥외 광고탑 등의 금속 구조물 설치 공사
·철도기계 신호공사, 건널목 차단기 공사
<제 외>
·함석공사(배관공사 관련)(452104)
·지붕 잇기 공사와 분리되어 수행되는 지붕 도장공사(452129)
·철골, 철강재 구조물 설치공사(452118)",90.7,0.0,14.5
2024,452132,건설업,전문직별 공사업,건물설비 설치 공사업,배관 및 냉ㆍ난방 공사업,"◦상하수도 설비공사
<예 시>
·취수기기 설치공사, 정수기기 설치공사, 송배수기설치공사, 하수처리기기 설비공사, 상하수도 등 용수관부설공사(옥내급배수설비공사 제외) 각종 변류이형관 설치공사 등",90.7,0.0,14.9
2024,452200,건설업,전문직별 공사업,기타 건축 마무리 공사업,그 외 기타 건축 마무리 공사업,"◦전문직별 도급건설업자가 수행하는 달리 분류되지 않은 건축 마무리 공사를 수행하는 산업활동을 말한다.
<예 시>
·건축물 외부 증기청소 공사
·바닥 정리 및 청소 공사
·비금속제 건물부착 공작물(차광발, 커튼고리, 커튼 등) 설치공사",93.4,0.0,15.4
2024,452201,건설업,전문직별 공사업,건물설비 설치 공사업,기타 건물 관련설비 설치 공사업,"◦전문직별 건설업자에 의하여 수행되며 달리 분류되지 않은 건물 및 구조물 관련 부지 내 각종 설비를 설치하는 산업활동을 말한다.
<예 시>
·울타리(펜스, fence), 게양대 설치공사
·철망 설치공사
·옥외 모형 장식물 설치공사
·풀장 설치공사
·보도블록 깔기 공사(건축물 구내)
<제 외>
·함석공사(배관공사 관련)(452104)
·지붕 잇기공사와 분리되어 수행되는 지붕 도장공사(452129)
·철골, 철강재 구조물 설치공사(452118)
·실외 수영경기장 건설업(451200)",93.4,0.0,15.5
2024,453000,건설업,전문직별 공사업,건설장비 운영업,건설장비 운영업,"◦수수료 또는 계약에 의하여 개인 또는 다른 건설업자(종합, 전문, 자영)의 요구에 따라 각종 건설용 기계 및 장비를 운전자와 함께 제공하는 산업활동을 말한다. 도급 건설업자가 직접 도급건설 계약을 체결하고, 자기 소유의 기계장비로 계약공사를 수행할 경우에는 그 계약 건설 내용에 따라 적합한 항목에 각각 분류한다.
<예 시>
·건설용 기계장비 운영업
<제 외>
·운전자 없는 건설장비용 기계장비 임대(712202)",89.7,0.0,22.0
2024,501101,도매 및 소매업,자동차 및 부품 판매업,자동차 신품 판매업,자동차 신품 판매업,"◦신품의 각종 자동차를 도매하는 산업활동을 말한다.
<예 시>
·각종 승용차 도매
·각종 화물 차량 도매
·트레일러 도매
·농·공업용 경자동차 도매
·응급 구급차(앰뷸런스) 도매
·특수 승용 자동차 도매 
·특장차 도매
·설상용 차량, 골프용 차량 도매
<제 외>
*신품의 각종 자동차 소매(→501201)
*수수료 및 계약에 의한 자동차 판매에 관련하여 판매자와 구매자간의 중개를 하며 매매 알선(→501301)
*신품자동차 판매대리(→501302) ",91.3,0.0,8.6
2024,501103,도매 및 소매업,자동차 및 부품 판매업,중고 자동차 판매업,중고 자동차 판매업,"◦각종 중고 자동차를 도매하는 산업활동을 말한다.
<예 시>
·중고 화물차 도매
·중고 버스 및 트럭 도매
·중고 승용차 도매
·설상용차량(중고) 도매
<제 외>
*각종 중고 자동차 소매(→501202)
*중고자동차 판매대리(→501303)",91.3,0.0,2.8
2024,501201,도매 및 소매업,자동차 및 부품 판매업,자동차 신품 판매업,자동차 신품 판매업,"◦신품의 각종 자동차를 소매하는 산업활동을 말한다.
<예 시>
·각종 승용차 소매
·각종 화물 차량 소매
·트레일러 소매
·농·공업용 경자동차 소매
·응급 구급차(앰뷸런스) 소매
·특수 승용 자동차 소매
·특장차 소매
·설상용 차량, 골프용 차량 소매
<제 외>
*신품의 각종 자동차 도매(→501101)
*수수료 및 계약에 의한 자동차 판매에 관련하여 판매자와 구매자간의 중개를 하며 매매 알선(→501301)
*신품자동차 판매대리(→501302) ",92.2,0.0,3.8
2024,501202,도매 및 소매업,자동차 및 부품 판매업,중고 자동차 판매업,중고 자동차 판매업,"◦각종 중고 자동차를 소매하는 산업활동을 말한다.
<예 시>
·중고 화물차 소매
·중고 버스 및 트럭 소매
·중고 승용차 소매
·설상용차량(중고) 소매
<제 외>
*각종 중고 자동차 도매(→501103)
*중고자동차 판매대리(→501303)",91.8,0.0,1.9
2024,501301,도매 및 소매업,자동차 및 부품 판매업,자동차 신품 판매업,자동차 신품 판매업,◦수수료 및 계약에 의한 자동차 판매에 관련하여 판매자와 구매자간의 중개를 하며 매매를 알선하는 업,80.7,0.0,27.5
2024,501302,도매 및 소매업,자동차 및 부품 판매업,자동차 신품 판매업,자동차 신품 판매업,◦신품자동차 판매대리,80.9,0.0,30.4
2024,501303,도매 및 소매업,자동차 및 부품 판매업,중고 자동차 판매업,중고 자동차 판매업,"◦중고자동차 판매대리
<예 시>
·중고자동차중개, 중고자동차매매상사",83.4,0.0,15.2
2024,503001,도매 및 소매업,자동차 및 부품 판매업,자동차 신품 부품 및 내장품 판매업,자동차 신품 타이어 및 튜브 판매업,"◦자동차용 신품 타이어 및 튜브를 도매하는 산업활동을 말한다.
<예 시>
·차량용 타이어 도매
·차량용 튜브 도매
<제 외>
*자동차용 신품 타이어 및 튜브 소매(→503002)",93.9,0.0,4.5
2024,503002,도매 및 소매업,자동차 및 부품 판매업,자동차 신품 부품 및 내장품 판매업,자동차 신품 타이어 및 튜브 판매업,"◦자동차용 신품 타이어 및 튜브를 소매하는 산업활동을 말한다.
<예 시>
·차량용 타이어 소매
·차량용 튜브 소매
<제 외>
*자동차용 신품 타이어 및 튜브 도매(→503001)",90.3,0.0,5.4
2024,503003,도매 및 소매업,자동차 및 부품 판매업,자동차 중고 부품 및 내장품 판매업,자동차 중고 부품 및 내장품 판매업,"◦자동차용 각종 중고 부품 및 내장품을 도매하는 산업활동을 말한다.
<예 시>
·카인테리어 중고 부품 도매
·차량용 중고 축전지(배터리) 도매
·차량용 중고 에어컨 도매
·차량용 중고 타이어 및 튜브 도매
<제 외>
*자동차용 각종 중고 부품 및 내장품 소매(→503004)",91.2,0.0,4.3
2024,503004,도매 및 소매업,자동차 및 부품 판매업,자동차 중고 부품 및 내장품 판매업,자동차 중고 부품 및 내장품 판매업,"◦자동차용 각종 중고 부품 및 내장품을 소매하는 산업활동을 말한다.
<예 시>
·카인테리어 중고 부품 소매
·차량용 중고 축전지(배터리) 소매
·차량용 중고 에어컨 소매
·차량용 중고 타이어 및 튜브 소매
<제 외>
*자동차용 각종 중고 부품 및 내장품 도매(→503003)",86.5,0.0,6.5
2024,503005,도매 및 소매업,자동차 및 부품 판매업,자동차 신품 부품 및 내장품 판매업,기타 자동차 신품 부품 및 내장품 판매업,"◦카인테리어
<예 시>
·자동차 액세서리
·자동차 인테리어용품",84.6,0.0,6.7
2024,503006,도매 및 소매업,자동차 및 부품 판매업,자동차 신품 부품 및 내장품 판매업,자동차용 전용 신품 부품 판매업,"◦자동차 엔진◦차체◦동력 전달장치◦전기장치 및 그 외 전용 신품 부품을 도매하는 산업활동을 말한다.
<예 시>
·자동차 엔진용 부품 도매
·자동차 차체용 부품 도매
·자동차 동력 전달장치용 부품 도매
·자동차 전기장치용 전용 부품(점화, 배선장치 등) 도매
·자동차 조향장치 부품 도매
·자동차 현가장치 부품 도매
<제 외>
*자동차 엔진◦차체◦동력 전달장치◦전기장치 및 그 외 전용 신품 부품 소매(→503009)",91.2,0.0,4.5
2024,503007,도매 및 소매업,자동차 및 부품 판매업,자동차 신품 부품 및 내장품 판매업,자동차 내장용 신품 전기ㆍ전자ㆍ정밀기기 판매업,"◦자동차 전용 부품을 제외한 내장용 신품 전기◦전자◦정밀 기기류를 도매하는 산업활동을 말한다.
<예 시>
·차량 경보기 도매
·자동차용 에어컨 도매
·자동차용 라디오, 오디오 도매
·자동차용 스피커 도매
<제 외>
*내장용 신품 전기◦전자◦정밀 기기류 소매(→503010)",91.2,0.0,7.8
2024,503008,도매 및 소매업,자동차 및 부품 판매업,자동차 신품 부품 및 내장품 판매업,기타 자동차 신품 부품 및 내장품 판매업,"◦자동차용 타이어 및 튜브, 전용 부품, 전기◦전자◦정밀기기류를 제외한 자동차 신품 부품 및 내장품을 도매하는 산업활동을 말한다.
<예 시>
·자동차 좌석덮개(시트커버) 도매
·차량용 유리 도매
<제 외>
·자동차 타이어 및 튜브 도매(503001)

*기타 자동차 신품 부품 및 내장품 소매(→503013)
*자동차 액세서리, 인테리어용품 도매(→503005)",91.2,0.0,4.7
2024,503009,도매 및 소매업,자동차 및 부품 판매업,자동차 신품 부품 및 내장품 판매업,자동차용 전용 신품 부품 판매업,"◦자동차 엔진◦차체◦동력 전달장치◦전기장치 및 그 외 전용 신품 부품을 소매하는 산업활동을 말한다.
<예 시>
·자동차 엔진용 부품 소매
·자동차 차체용 부품 소매
·자동차 동력 전달장치용 부품 소매
·자동차 전기장치용 전용 부품(점화, 배선장치 등) 소매
·자동차 조향장치 부품 소매
·자동차 현가장치 부품 소매
<제 외>
*자동차 엔진◦차체◦동력 전달장치◦전기장치 및 그 외 전용 신품 부품 도매(→503006)",86.5,0.0,4.9
2024,503010,도매 및 소매업,자동차 및 부품 판매업,자동차 신품 부품 및 내장품 판매업,자동차 내장용 신품 전기ㆍ전자ㆍ정밀기기 판매업,"◦자동차 전용 부품을 제외한 내장용 신품 전기◦전자◦정밀 기기류를 소매하는 산업활동을 말한다.
<예 시>
·차량 경보기 소매
·자동차용 에어컨 소매
·자동차용 라디오, 오디오 소매
·자동차용 스피커 소매
<제 외>
*내장용 신품 전기◦전자◦정밀 기기류 도매(→503007)",86.5,0.0,3.4
2024,503013,도매 및 소매업,자동차 및 부품 판매업,자동차 신품 부품 및 내장품 판매업,기타 자동차 신품 부품 및 내장품 판매업,"◦자동차용 타이어 및 튜브, 전용 부품, 전기◦전자◦정밀기기류를 제외한 자동차 신품 부품 및 내장품을 소매하는 산업활동을 말한다.
<예 시>
·자동차 좌석덮개(시트커버) 소매
·차량용 유리 소매
<제 외>
·자동차 타이어 및 튜브 소매(503002)

*기타 자동차 신품 부품 및 내장품 도매(→503008)
*자동차 액세서리, 인테리어용품 소매(→503005)",86.5,0.0,6.3
2024,504001,도매 및 소매업,자동차 및 부품 판매업,모터사이클 및 부품 판매업,모터사이클 및 부품 도매업,"◦신품 또는 중고 상태의 모터사이클, 전동 자전거 및 부품, 구성품을 도매하는 산업활동을 말한다.
<예 시>
·오토바이 도매
·오토바이 부품 도매
·이륜차 도매
·전동 자전거(모페드, moped) 도매",93.7,0.0,3.1
2024,504002,도매 및 소매업,자동차 및 부품 판매업,모터사이클 및 부품 판매업,모터사이클 및 부품 소매업,"◦신품 또는 중고 상태의 모터사이클, 전동 자전거 및 부품, 구성품을 소매하는 활동을 말한다.
<예 시>
·오토바이 소매
·오토바이 부품 소매
·이륜차 소매",88.7,0.0,3.9
2024,505001,도매 및 소매업,소매업: 자동차 제외,운송장비용 연료 소매업,운송장비용 주유소 운영업,"◦급유시설을 갖추고 차량용 또는 보트용 및 기타 운송장비용의 각종 액체 연료를 소매하는 산업활동을 말한다.
<예 시>
·주유소 운영
·차량용 액체 원료 소매
<제 외>
·액체 연료 도매(514121)
·가정용 액체 연료 소매(523621)",96.4,0.0,1.6
2024,505002,도매 및 소매업,소매업: 자동차 제외,운송장비용 연료 소매업,"운송장비용 수소 충전업, 운송장비용 기타 가스 충전업","◦운송장비용 수소 가스를 판매(충전)하는 산업활동을 말한다. 
◦차량용, 보트용 및 기타 운송장비용 가스를 충전하여 주는 산업활동을 말한다.
<예 시>
·운송장비용 수소 가스 소매	
·운송장비용 수소 가스 충전소
·저장식 수소 충전소	
·차량용 가스연료 소매
·차량용 가스 충전소	
·보트용 가스 연료 소매
·보트용 가스 충전소	

<제 외>
·제조식 수소 충전소(241101)	
·가스 연료 도매(514130)	
·가정용 가스 연료 소매(523630)",94.3,0.0,4.4
2024,511111,도매 및 소매업,도매 및 상품 중개업,상품 중개업,"산업용 농ㆍ축산물, 섬유 원료 및 동물 중개업","◦산업용으로 사용되는 농◦축산물, 살아 있는 동◦식물 및 수렵물의 거래에 관련된 경매, 중개 또는 대리하는 산업활동을 말한다.
<예 시>
·사료 중개
·종묘 중개
·가축 중개
·화초 및 산식물 중개
·공업용 농·축산물 중개
·원피, 원모 및 조면 중개
<제 외>
·과실, 채소, 달걀, 도축고기 등과 같이 직접 소비자가 소비할 수 있는 미가공의 농·축산물은 식품으로 보아, 이들의 거래에 관련된 중개 서비스는511122에 분류
·정면(精綿), 실, 가죽 등의 중개(511115)
·미가공 수산물 중개(511122)

*농ㆍ축ㆍ임산물(법정도매시장)(→511112)",86.2,0.0,5.4
2024,511112,도매 및 소매업,도매 및 상품 중개업,상품 중개업,"산업용 농ㆍ축산물, 섬유 원료 및 동물 중개업","◦농ㆍ축ㆍ임산물(법정도매시장)
 -「농수산물유통 및 가격안정에 관한 법률」에 따라 설립된 도매시장(공판장 포함) 중매인(산지유통인 포함)",84.0,0.0,16.8
2024,511113,도매 및 소매업,도매 및 상품 중개업,상품 중개업,음ㆍ식료품 및 담배 중개업,"◦청과물 위탁매매
 ·자기의 명의로 타인의 계산에 의하여 물품을 구입 또는 판매하고 대가를 받는 사업
<예 시>
·청과물, 가공음료, 계란, 도축고기, 주류 중개",86.5,0.0,6.8
2024,511114,도매 및 소매업,도매 및 상품 중개업,상품 중개업,음ㆍ식료품 및 담배 중개업,"◦수산물 위탁매매
<예 시>
·갑각류, 건어물, 냉동수산물, 미가공수산물, 염장수산물, 해조류 중개",87.0,0.0,4.1
2024,511115,도매 및 소매업,도매 및 상품 중개업,상품 중개업,"섬유, 의복, 신발 및 가죽제품 중개업, 목재 및 건축자재 중개업, 연료, 광물, 1차 금속, 비료 및 화학제품 중개업, 기계 및 장비 중개업, 그 외 기타 특정 상품 중개업, 상품 종합 중개업","◦각종 상품의 거래에 관련된 중개사업
<예 시>
·섬유제품 및 의복 중개                  ·골재, 벽돌, 시멘트 중개
·화학제품 중개                          
·과학용 기구 및 장비 중개
·철물 및 수공구 중개                    
·종합 무역 중개",80.4,0.0,17.3
2024,511116,도매 및 소매업,도매 및 상품 중개업,상품 중개업,"섬유, 의복, 신발 및 가죽제품 중개업, 목재 및 건축자재 중개업, 연료, 광물, 1차 금속, 비료 및 화학제품 중개업, 기계 및 장비 중개업, 상품 종합 중개업","◦수출주선
·수출대행, 수출중개서비스(종합상품)",82.4,0.0,17.4
2024,511117,도매 및 소매업,도매 및 상품 중개업,상품 중개업,"섬유, 의복, 신발 및 가죽제품 중개업, 목재 및 건축자재 중개업, 연료, 광물, 1차 금속, 비료 및 화학제품 중개업, 기계 및 장비 중개업, 그 외 기타 특정 상품 중개업","◦기타주선
 -자기의 명의로 타인의 계산에 의하여 타인간의 상행위를 인수하고 대가를 받는 사업

<제 외>
 *사업관련주선(→749903)",79.1,0.0,20.5
2024,511118,도매 및 소매업,도매 및 상품 중개업,상품 중개업,음ㆍ식료품 및 담배 중개업,◦타인으로부터 위탁을 받아 상품을 판매하고 수수료를 받는 업,80.9,0.0,18.6
2024,511119,도매 및 소매업,도매 및 상품 중개업,상품 중개업,"섬유, 의복, 신발 및 가죽제품 중개업, 목재 및 건축자재 중개업, 연료, 광물, 1차 금속, 비료 및 화학제품 중개업, 기계 및 장비 중개업, 상품 종합 중개업","◦상품대리
·약정에 따라 타인을 대리하여 상품을 판매하고 그 실적에 따라 수수료를 받는 사업

<제 외>
 *계약에 의하여 백화점 매장·주유소·편의점 등의 판매관리, 재고관리 용역을 제공하는 경우 (「부가가치세법 시행령」 제42조에 따른 인적용역사업자 →940909)",78.0,0.0,23.1
2024,511121,도매 및 소매업,도매 및 상품 중개업,상품 중개업,음ㆍ식료품 및 담배 중개업,◦타인으로부터 위탁을 받아 아동용 급식빵을 판매하거나 우유보급서비스를 제공하고 수수료를 받는 업,88.6,0.0,4.5
2024,511122,도매 및 소매업,도매 및 상품 중개업,상품 중개업,음ㆍ식료품 및 담배 중개업,"◦미가공 수산물, 과일, 채소를 포함하여 각종 가공 음◦식료품 및 담배 거래에 관련된 상품의 경매, 중개 또는 대리하는 산업활동을 말한다.
<예 시>
·주류 및 비알코올 음료 중개            ·빵 및 과자 중개
·도축고기 중개                         
·생선 및 물고기 중개
·조리 가공식품 중개                    
·수산물(신선, 냉동, 건조, 염장 등 가공품) 중개

<제 외>
*수산물(법정도매시장)(→511123)
*청과물 위탁매매(→511113)
*수산물 위탁매매(→511114)
*타인으로부터 위탁을 받아 상품을 판매하고 수수료를 받는 업(→511118)
*타인으로부터 위탁을 받아 아동용 급식빵을 판매하거나 우유보급서비스를 제공하고 수수료를 받는 업(→511121)",86.0,0.0,5.3
2024,511123,도매 및 소매업,도매 및 상품 중개업,상품 중개업,음ㆍ식료품 및 담배 중개업,"◦수산물(법정도매시장)
 - 「농수산물유통 및 가격안정에 관한 법률」에 따라 설립된 도매시장(공판장 포함) 중매인(산지유통인 포함)
<예 시>
·수산물경매",85.8,0.0,7.4
2024,512111,도매 및 소매업,도매 및 상품 중개업,산업용 농ㆍ축산물 및 동ㆍ식물 도매업,곡물 및 유지작물 도매업,"◦가공하지 않았거나 도정한 식량작물을 도매하는 산업활동을 말한다.
<예 시>
·쌀, 보리, 밀 도매
·콩, 옥수수 도매
<제 외>
·곡물 가루 도매(512116)

*쌀 및 기타곡물 법정도매시장 중도매인(→512112)
*각종 유지작물 등 도매(→512119)",97.3,0.0,2.6
2024,512112,도매 및 소매업,도매 및 상품 중개업,산업용 농ㆍ축산물 및 동ㆍ식물 도매업,곡물 및 유지작물 도매업,"◦쌀 및 기타곡물(법정도매시장)
 - 「농수산물유통 및 가격안정에 관한 법률」에 따라 설립된 도매시장 중도매인(산지 유통인 포함)",98.9,0.0,1.4
2024,512113,도매 및 소매업,도매 및 상품 중개업,산업용 농ㆍ축산물 및 동ㆍ식물 도매업,종자 및 묘목 도매업,"◦곡물, 채소 등의 종자를 도매하는 산업활동을 말한다.
<예 시>
·곡물 종자 도매
·채소 종자 도매
·화훼 종자 도매
<제 외>
*과실 등의 묘목 도매(→512135)",92.0,0.0,3.5
2024,512116,도매 및 소매업,도매 및 상품 중개업,가공식품 도매업,기타 가공식품 도매업,"◦곡물 가루 등의 가공식품을 도매하는 산업활동을 말한다.
<예 시>
·곡물 가공품 도매
·곡물 가루(쌀, 보리, 밀) 도매",97.3,0.0,3.1
2024,512119,도매 및 소매업,도매 및 상품 중개업,산업용 농ㆍ축산물 및 동ㆍ식물 도매업,곡물 및 유지작물 도매업,"◦각종 유지작물 등을 도매하는 산업활동을 말한다.
<예 시>
·깨 도매
·기름 함유된 열매 도매
<제 외>
*쌀 및 기타곡물 법정도매시장 중도매인(→512112)
*가공하지 않았거나 도정한 식량작물 도매(→512111)",94.9,0.0,2.5
2024,512120,도매 및 소매업,도매 및 상품 중개업,산업용 농ㆍ축산물 및 동ㆍ식물 도매업,사료 도매업,"◦축산 및 양식 사료용 농산물 및 각종 사료를 도매하는 산업활동을 말한다.
<예 시>
·단미 사료(원료 사료) 도매
·배합 사료 도매
·보조 사료 도매
·어류용 사료 도매
<제 외>
·식용작물 도매(512111,512119)",94.5,0.0,6.1
2024,512131,도매 및 소매업,도매 및 상품 중개업,산업용 농ㆍ축산물 및 동ㆍ식물 도매업,화훼류 및 식물 도매업,"◦과실수, 관상수 등 각종 살아있는 식물을 도매하는 산업활동을 말한다.
<예 시>
·관상수 도매
·잔디 도매
<제 외>
·채소, 과실 등의 묘목을 도매하는 경우(512135)

*생화(법정도매시장)(→512133)
*화초 등 각종 살아있는 식물 도매(→512132)",89.8,0.0,5.0
2024,512132,도매 및 소매업,도매 및 상품 중개업,산업용 농ㆍ축산물 및 동ㆍ식물 도매업,화훼류 및 식물 도매업,"◦화초 등 각종 살아있는 식물을 도매하는 산업활동을 말한다.
<예 시>
·꽃 및 난 도매
·분재류 도매
·구근(서류작물 제외) 도매
<제 외>
·화훼 등의 묘목을 도매하는 경우(512135)

*생화(법정도매시장)(→512133)
*과실수, 관상수 등 각종 살아있는 식물 도매(→512131)",92.6,0.0,6.1
2024,512133,도매 및 소매업,도매 및 상품 중개업,산업용 농ㆍ축산물 및 동ㆍ식물 도매업,화훼류 및 식물 도매업,"◦생화(법정도매시장)
 - 「농수산물유통 및 가격안정에 관한 법률」에 따라 설립된 도매시장 중도매인(산지 유통인 포함)",96.3,0.0,2.6
2024,512135,도매 및 소매업,도매 및 상품 중개업,산업용 농ㆍ축산물 및 동ㆍ식물 도매업,종자 및 묘목 도매업,"◦과실 등의 묘목을 도매하는 산업활동을 말한다.
<예 시>
·감람나무(올리브나무)묘목, 과수묘목, 과실묘목, 화초묘목
<제 외>
*곡물, 채소 등의 종자 도매(→512113)",89.8,0.0,3.6
2024,512140,도매 및 소매업,도매 및 상품 중개업,산업용 농ㆍ축산물 및 동ㆍ식물 도매업,육지동물 및 반려동물도매업,"◦가축 및 기타 살아있는 육지 동물과 반려･애완용 동물을 도매하는 산업활동을 말한다.
<예 시>
·소, 말, 돼지 도매                           
 ·닭, 오리 등 가금류 도매
·조류 도매 
·사슴, 멧돼지 도매
·반려견 도매                                 
·반려묘 도매
<제 외>
·반려용 이외 수산 동물 도매(512231,512232,512234,512235)
*관상용 열대어 등 도매(→512192)",97.3,0.0,2.2
2024,512190,도매 및 소매업,도매 및 상품 중개업,산업용 농ㆍ축산물 및 동ㆍ식물 도매업,기타 산업용 농산물 도매업,"◦기타 산업용 미가공 농산물 및 가죽 원단, 원모 및 원면 등을 도매하는 산업활동을 말한다.
<예 시>
·가죽 및 가죽 원단 도매
·공업용 농산물(곡물 제외) 도매
·원피 및 원모피 도매
·잎담배 도매
·한약재 도매
·누에고치 도매
·원모 및 원면 도매
·미가공 커피 도매
<제 외>
*임산물(일반) 도매(→512221)
*임산물(법정도매시장)(→512222)",93.9,0.0,3.5
2024,512192,도매 및 소매업,도매 및 상품 중개업,산업용 농ㆍ축산물 및 동ㆍ식물 도매업,육지동물 및 반려동물도매업,"◦관상용 열대어 등
<예 시>
·관상어(바다및민물고기), 금붕어(관상용), 비단잉어",93.9,0.0,4.0
2024,512211,도매 및 소매업,도매 및 상품 중개업,신선 식품 및 단순 가공 식품 도매업,과실류 도매업,"◦견과를 포함한 각종 과실류를 도매하는 산업활동을 말한다.
<예 시>
·견과류(대추, 밤, 은행 등) 도매
·사과, 배, 감, 포도 등 과일 도매
<제 외>
·통조림 식품 도매는 육류, 과실 및 채소류, 수산물 등 종류별로 분류(512271,512289,512280)
·조제 가공식품 도매(해당 가공식품 산업활동으로 분류)

*과실(법정도매시장)(→512214)",95.9,0.0,2.6
2024,512212,도매 및 소매업,도매 및 상품 중개업,신선 식품 및 단순 가공 식품 도매업,"채소류, 서류 및 향신작물류 도매업","◦각종 채소류, 서류 및 향신작물류를 도매하는 산업활동을 말한다.
<예 시>
·채소(각종 나물) 도매
·고구마, 감자 도매
·마늘, 도라지, 오이, 호박 도매
<제 외>
·통조림 식품 도매는 육류, 과실 및 채소류, 수산물 등 종류별로 분류(512271,512289,512280)
·조제 가공식품 도매(해당 가공식품 산업활동으로 분류)

*채소(법정도매시장)(→512215)",94.9,0.0,1.6
2024,512214,도매 및 소매업,도매 및 상품 중개업,신선 식품 및 단순 가공 식품 도매업,과실류 도매업,"◦과실(법정도매시장)
 - 「농수산물유통 및 가격안정에 관한 법률」에 따라 설립된 도매시장(공판장포함) 중도매인(산지유통인 포함)",97.4,0.0,0.8
2024,512215,도매 및 소매업,도매 및 상품 중개업,신선 식품 및 단순 가공 식품 도매업,"채소류, 서류 및 향신작물류 도매업","◦채소(법정도매시장)
 - 「농수산물유통 및 가격안정에 관한 법률」에 따라 설립된 도매시장(공판장포함) 중도매인(산지유통인 포함)",97.0,0.0,1.1
2024,512221,도매 및 소매업,도매 및 상품 중개업,산업용 농ㆍ축산물 및 동ㆍ식물 도매업,기타 산업용 농산물 도매업,◦임산물(일반),95.8,0.0,3.8
2024,512222,도매 및 소매업,도매 및 상품 중개업,산업용 농ㆍ축산물 및 동ㆍ식물 도매업,기타 산업용 농산물 도매업,"◦임산물(법정도매시장)
 - 「농수산물유통 및 가격안정에 관한 법률」에 따라 설립된 도매시장(공판장 포함) 중도매인(산지유통인 포함)",96.3,0.0,2.2
2024,512223,도매 및 소매업,도매 및 상품 중개업,신선 식품 및 단순 가공 식품 도매업,육류 도매업,"◦가축 및 기타 육지동물의 신선◦냉장◦냉동한 도축고기를 도매하는 산업활동을 말한다.
<예 시>
·우육 및 돈육 도매
·가금육 도매
·기타 조류 고기 도매
·냉장육 도매
<제 외>
*축산물(법정도매시장)(→512224)",95.8,0.0,4.2
2024,512224,도매 및 소매업,도매 및 상품 중개업,신선 식품 및 단순 가공 식품 도매업,육류 도매업,"◦축산물(법정도매시장)
 - 「농수산물유통 및 가격안정에 관한 법률」에 따라 설립된 도매시장(공판장 포함) 중도매인(산지유통인 포함)",96.5,0.0,4.3
2024,512231,도매 및 소매업,도매 및 상품 중개업,신선 식품 및 단순 가공 식품 도매업,"신선, 냉동 및 기타 수산물 도매업","◦각종 해산물 및 민물고기 등의 살아있는 것, 신선한 것, 기타 단순 가공한 수산물을 도매하는 산업활동을 말한다.
<예 시>
·신선 어류 도매
·신선 해조류 도매
<제 외>
*냉동 수산물을 도매(→512232)
*생선(법정도매시장)(→512234)",95.1,0.0,2.9
2024,512232,도매 및 소매업,도매 및 상품 중개업,신선 식품 및 단순 가공 식품 도매업,"신선, 냉동 및 기타 수산물 도매업","◦각종 해산물 및 민물고기 등 냉동 수산물을 도매하는 산업활동을 말한다.
<예 시>
·냉동 어개류(어류, 게, 새우 등) 도매
<제 외>
*살아있는 것, 신선한 것, 기타 단순 가공한 수산물을 도매(→512231)
*냉동수산물(법정도매시장)(→512235)",95.8,0.0,3.1
2024,512233,도매 및 소매업,도매 및 상품 중개업,신선 식품 및 단순 가공 식품 도매업,건어물 및 젓갈류 도매업,"◦각종 해산물 및 민물고기 등을 건조, 염장한 수산물을 도매하는 산업활동을 말한다.
<예 시>
·건어물 도매
·(조미하지 않은) 젓갈류 도매
<제 외>
*기타수산물(법정도매시장)(→512236)",94.0,0.0,3.3
2024,512234,도매 및 소매업,도매 및 상품 중개업,신선 식품 및 단순 가공 식품 도매업,"신선, 냉동 및 기타 수산물 도매업","◦생선(법정도매시장)
 - 「농수산물유통 및 가격안정에 관한 법률」에 따라 설립된 도매시장(공판장포함) 중도매인(산지유통인 포함)",96.9,0.0,1.9
2024,512235,도매 및 소매업,도매 및 상품 중개업,신선 식품 및 단순 가공 식품 도매업,"신선, 냉동 및 기타 수산물 도매업","◦냉동수산물(법정도매시장)
 - 「농수산물유통 및 가격안정에 관한 법률」에 따라 설립된 도매시장(공판장포함) 중도매인(산지유통인 포함)",97.7,0.0,2.7
2024,512236,도매 및 소매업,도매 및 상품 중개업,신선 식품 및 단순 가공 식품 도매업,건어물 및 젓갈류 도매업,"◦기타수산물(법정도매시장)
 - 「농수산물유통 및 가격안정에 관한 법률」에 따라 설립된 도매시장(공판장포함) 중도매인(산지유통인 포함)",96.9,0.0,1.6
2024,512241,도매 및 소매업,도매 및 상품 중개업,가공식품 도매업,"빵류, 과자류, 당류, 초콜릿 도매업","◦당류 등을 도매하는 산업활동을 말한다.
<예 시>
·설탕 및 당류 도매
<제 외>
*빵류 도매(→512242)
*케이크, 도넛, 파이, 기타 고급빵 등 도매(→512243)
*과자류, 초콜릿 등 도매(→512244)",95.6,0.0,2.5
2024,512242,도매 및 소매업,도매 및 상품 중개업,가공식품 도매업,"빵류, 과자류, 당류, 초콜릿 도매업","◦빵류를 도매하는 산업활동을 말한다.
<예 시>
·빵가루 도매
·식빵 및 과자빵 도매
<제 외>
*당류 등 도매(→512241)
*케이크, 도넛, 파이, 기타 고급빵 등 도매(→512243)
*과자류, 초콜릿 등 도매(→512244)",95.7,0.0,4.4
2024,512243,도매 및 소매업,도매 및 상품 중개업,가공식품 도매업,"빵류, 과자류, 당류, 초콜릿 도매업","◦케이크, 도넛, 파이, 기타 고급빵 등을 도매하는 산업활동을 말한다.
<예 시>
·햄버거 도매
·피자 도매
<제 외>
*당류 등 도매(→512241)
*빵류 도매(→512242)
*과자류, 초콜릿 등 도매(→512244)",93.4,0.0,4.0
2024,512244,도매 및 소매업,도매 및 상품 중개업,가공식품 도매업,"빵류, 과자류, 당류, 초콜릿 도매업","◦과자류, 초콜릿 등을 도매하는 산업활동을 말한다.
<예 시>
·비스킷 및 크래커 도매
·사탕 및 캔디 도매
·초콜릿 및 껌 도매
·코코아 분말 및 조제품 도매
<제 외>
*당류 등 도매(→512241)
*빵류 도매(→512242)
*케이크, 도넛, 파이, 기타 고급빵 등 도매(→512243)",95.1,0.0,3.6
2024,512245,도매 및 소매업,도매 및 상품 중개업,가공식품 도매업,낙농품 및 동ㆍ식물성 유지 도매업,"◦식용 빙과 도매
<예 시>
·아이스크림 도매
·빙과류 도매",95.1,0.0,3.5
2024,512251,도매 및 소매업,도매 및 상품 중개업,음료 및 담배 도매업,주류 도매업,"◦약주, 탁주
<예 시>
·곡주, 과실주, 막걸리, 민속주, 발효주",95.1,0.0,2.5
2024,512252,도매 및 소매업,도매 및 상품 중개업,음료 및 담배 도매업,주류 도매업,"◦양주(국산양주포함), 맥주, 청주, 소주, 고량주 등의 알콜성 음료를 도매하는 산업활동을 말한다. 약주 및 탁주는 제외한다.
<예 시>
·꼬낙, 위스키, 증류주, 포도주, 합성주
<제 외>
*약주, 탁주(→512251)",94.7,0.0,3.6
2024,512260,도매 및 소매업,도매 및 상품 중개업,음료 및 담배 도매업,비알코올 음료 도매업,"◦생수, 천연 또는 인조 탄산수, 과실 등을 가미한 비알코올 음료를 도매하는 산업활동을 말한다. 얼음, 음료용 캔커피 및 음료용 차류의 도매활동도 포함한다.
<예 시>
·과실 주스 도매
·드링크제(비의약품) 도매
·탄산 음료 도매
·청량 음료 도매
·캔 음료 도매
·비알코올 음료 원액 도매
·차 음료(홍차, 녹차 등) 도매
·맥아 추출물 도매
<제 외>
·인삼차, 율무차(분말) 도매(512273)
·우유(512282), 요구르트(512294) 및 아이스크림(512245) 등 낙농제품 도매",93.7,0.0,3.8
2024,512271,도매 및 소매업,도매 및 상품 중개업,가공식품 도매업,육류 가공식품 도매업,"◦가축 및 기타 육지동물의 도축고기를 가공하여 만든 식품을 도매하는 산업활동을 말한다.
<예 시>
·육류 통조림 도매
·햄 및 소시지 도매
·가금육 통조림 도매
·베이컨 도매
·육류 훈제식품 도매",95.8,0.0,2.8
2024,512272,도매 및 소매업,도매 및 상품 중개업,가공식품 도매업,조미료 도매업,"◦조미료 및 식품 첨가물을 도매하는 산업활동을 말한다.
<예 시>
·간장 및 케첩 도매
·조미료 및 감미제 도매
·향신료 도매
·장류 도매   
·베이킹 파우더
·커피프리머
·가공소금(죽염) 도매",94.9,0.0,2.8
2024,512273,도매 및 소매업,도매 및 상품 중개업,가공식품 도매업,커피 및 차류 도매업,"◦커피 및 차류 등의 가공 식료품을 도매하는 산업활동을 말한다.
<예 시>
·볶은 커피, 커피 농축물 및 조제품 도매
·홍차, 대용차류, 차류 조제품 도매
<제 외>
·캔 커피 및 차 음료 도매(512260)",94.6,0.0,5.5
2024,512274,도매 및 소매업,도매 및 상품 중개업,가공식품 도매업,기타 가공식품 도매업,◦라면,97.1,0.0,1.7
2024,512279,도매 및 소매업,도매 및 상품 중개업,가공식품 도매업,기타 가공식품 도매업,"◦국수 및 인스턴트 면류 등의 가공식품을 도매하는 산업활동을 말한다.
<예 시>
·건면, 냉동국수, 스파게티, 쌀국수 도매
·인조미, 당면 도매
<제 외>
*라면(→512274)",94.4,0.0,3.3
2024,512280,도매 및 소매업,도매 및 상품 중개업,가공식품 도매업,기타 가공식품 도매업,"◦과실 및 채소 가공식품을 도매하는 산업활동을 말한다.
<예 시>
·피클도매
·과일 통조림 도매
·깻잎 및 장아찌 통조림 제품 도매
<제 외>
*김치, 단무지(→512295)",95.8,0.0,3.3
2024,512281,도매 및 소매업,도매 및 상품 중개업,신선 식품 및 단순 가공 식품 도매업,기타 신선 식품 및 단순 가공 식품 도매업,"◦기타 가공하지 않은 식품이나 냉동◦건조◦염장 등과 같은 단순 가공한 식품을 도매하는 산업활동을 말한다.
<예 시>
·벌꿀 도매
·조란 도매
·식용 소금(천일염 포함) 도매",96.5,0.0,2.7
2024,512282,도매 및 소매업,도매 및 상품 중개업,가공식품 도매업,낙농품 및 동ㆍ식물성 유지 도매업,"◦젖을 살균◦분리◦농축◦건조◦냉동 및 기타 가공하여 생산된 액상 및 기타 형태의 각종 식용 유제품을 도매하는 산업활동을 말한다. 조란 가공제품을 도매하는 산업활동도 포함한다. 식용빙과, 분유, 발효유는 제외한다.
<예 시>
·액상 시유 도매
·우유 분리제품 도매
·탈지유 도매
·생크림 도매
·가당 우유 도매
·연유 및 농축유 도매
<제 외>
*식용 빙과 도매(→512245)
*분유 도매(→512290)
*발효유(야쿠르트) 및 치즈(→512294)",94.3,0.0,3.1
2024,512283,도매 및 소매업,도매 및 상품 중개업,가공식품 도매업,낙농품 및 동ㆍ식물성 유지 도매업,"◦식물성 유지를 도매하는 산업활동을 말한다.
<예 시>
·식물성유지, 참기름
<제 외>
*동물성유지제품(→512285)",97.5,0.0,2.3
2024,512284,도매 및 소매업,도매 및 상품 중개업,가공식품 도매업,기타 가공식품 도매업,"◦기타 가공식품을 도매하는 산업활동을 말한다.
<예 시>
·만두, 물엿, 녹말(전분)도매",95.1,0.0,3.9
2024,512285,도매 및 소매업,도매 및 상품 중개업,가공식품 도매업,낙농품 및 동ㆍ식물성 유지 도매업,"◦동물성 유지를 도매하는 산업활동을 말한다.
<예 시>
·동물성유지제품
<제 외>
*식물성유지, 참기름(→512283)",91.1,0.0,2.2
2024,512286,도매 및 소매업,도매 및 상품 중개업,음료 및 담배 도매업,담배 도매업,"◦필터 담배, 궐련, 각연(살담배), 판상엽, 여송연(시가) 등 각종 담배제품을 도매하는 산업활동을 말한다.",95.3,0.0,0.8
2024,512287,도매 및 소매업,도매 및 상품 중개업,가공식품 도매업,기타 가공식품 도매업,"◦꿀, 영지버섯 등 조제 건강식품을 도매하는 산업활동을 말한다.
<제 외>
*인삼제품(→512288)",89.4,0.0,7.0
2024,512288,도매 및 소매업,도매 및 상품 중개업,가공식품 도매업,기타 가공식품 도매업,◦인삼제품,93.2,0.0,3.1
2024,512289,도매 및 소매업,도매 및 상품 중개업,가공식품 도매업,수산물 가공식품 도매업,"◦해산물 및 민물고기 등 수산물의 가공식품을 도매하는 산업활동을 말한다.
<예 시>
·물고기 통조림 도매
·어묵 도매
·수산물 액젓 도매
·구운 김 도매
·맛살 도매
·훈제 어류 도매",93.9,0.0,2.6
2024,512290,도매 및 소매업,도매 및 상품 중개업,가공식품 도매업,낙농품 및 동ㆍ식물성 유지 도매업,"◦분유 도매
<예 시>
·전지분유
·탈지분유",96.5,0.0,2.7
2024,512293,"예술, 스포츠 및 여가관련 서비스업",스포츠 및 오락관련 서비스업,사행시설 관리 및 운영업,복권 발행 및 판매업,"◦각종 복권을 도매하는 산업활동을 말한다.
<예 시>
·복권 판매소(도매)
<제 외>
*각종 복권 소매(→522082)
*각종 복권 발행(→924906)",95.3,0.0,1.8
2024,512294,도매 및 소매업,도매 및 상품 중개업,가공식품 도매업,낙농품 및 동ㆍ식물성 유지 도매업,"◦발효유(야쿠르트) 및 치즈
",93.9,0.0,4.2
2024,512295,도매 및 소매업,도매 및 상품 중개업,가공식품 도매업,기타 가공식품 도매업,"◦김치, 단무지",93.9,0.0,3.0
2024,513111,도매 및 소매업,도매 및 상품 중개업,"생활용 섬유제품, 의복, 의복 액세서리 및 모피제품 도매업",생활용 섬유 및 실 도매업,"◦소매용으로 포장된 섬유(솜), 사(실)를 도매하는 산업활동을 말한다.
<예 시>
·섬유(솜) 도매
·연사 도매
·자수실(재봉사) 도매
<제 외>
·직물 및 방직(산업)용 섬유 또는 사 도매(514961,514969)",95.1,0.0,3.1
2024,513112,도매 및 소매업,도매 및 상품 중개업,"생활용 섬유제품, 의복, 의복 액세서리 및 모피제품 도매업",커튼 및 침구용품 도매업,"◦직물제로 만든 침구용품 및 유사 제품을 도매하는 산업활동을 말한다.
<예 시>
·쿠션 및 방석 도매
·담요
·침구용, 주방용 린넨제품(침대 시트, 식탁보, 베갯잇 등) 도매
<제 외>
·전기담요 도매(513221)

*직물제로 만든 커튼 및 유사 제품 도매(→513113)",95.6,0.0,4.2
2024,513113,도매 및 소매업,도매 및 상품 중개업,"생활용 섬유제품, 의복, 의복 액세서리 및 모피제품 도매업",커튼 및 침구용품 도매업,"◦직물제로 만든 커튼 및 유사 제품을 도매하는 산업활동을 말한다.
<예 시>
·실내용 블라인드(직물) 도매
·벽가리개 도매
·무대막 도매
<제 외>
·직물벽지 도매(513263)

*직물제로 만든 침구용품 및 유사 제품 도매(→513112)",90.8,0.0,4.4
2024,513119,도매 및 소매업,도매 및 상품 중개업,"생활용 섬유제품, 의복, 의복 액세서리 및 모피제품 도매업",기타 생활용 섬유 및 직물 제품 도매업,"◦기타 생활용 섬유 및 직물 제품을 도매하는 산업활동을 말한다.
<예 시>
·수예품 도매
·위생 수건(타월) 도매
·국기 도매
<제 외>
·융단 원단 도매(513263)

*카펫, 융단, 자리 도매(→513261)",94.0,0.0,3.6
2024,513121,도매 및 소매업,도매 및 상품 중개업,"생활용 섬유제품, 의복, 의복 액세서리 및 모피제품 도매업",남녀용 겉옷 및 셔츠 도매업,"◦남녀용 각종 겉옷을 도매하는 산업활동을 말한다.
<예 시>
·양복 및 양장 도매
·양복 조끼 도매
·반바지 도매
·작업복 및 체육복 도매
·수영복 도매
·소아용 기성 겉옷 도매
<제 외>
·유아용 겉옷 도매(513131)

*남녀용 각종 셔츠 등 도매(→513130)",93.6,0.0,4.3
2024,513130,도매 및 소매업,도매 및 상품 중개업,"생활용 섬유제품, 의복, 의복 액세서리 및 모피제품 도매업",남녀용 겉옷 및 셔츠 도매업,"◦남녀용 각종 셔츠 등을 도매하는 산업활동을 말한다.
<예 시>
·T셔츠, 남방, 블라우스
<제 외>
*남녀용 각종 겉옷 도매(→513121)",94.2,0.0,7.0
2024,513131,도매 및 소매업,도매 및 상품 중개업,"생활용 섬유제품, 의복, 의복 액세서리 및 모피제품 도매업",유아용 의류 도매업,"◦유아용 겉옷 및 속옷을 도매하는 산업활동을 말한다.
<예 시>
·유아용 겉옷 도매
·유아용 속옷 도매",94.2,0.0,4.4
2024,513132,도매 및 소매업,도매 및 상품 중개업,"생활용 섬유제품, 의복, 의복 액세서리 및 모피제품 도매업",속옷 및 잠옷 도매업,"◦남녀용 속옷 및 잠옷 등을 도매하는 산업활동을 말한다.
<예 시>
·잠옷 도매
·러닝 및 팬티 도매
·브래지어 도매
·캐미솔 도매
<제 외>
·유아용 속옷 도매(513131)",94.2,0.0,3.1
2024,513141,도매 및 소매업,도매 및 상품 중개업,신발 도매업,신발 도매업,"◦가죽, 직물, 플라스틱, 고무, 나무 등으로 제조된 각종 신발을 도매하는 산업활동을 말한다.
<예 시>>
·구두 도매
·부츠 도매
·운동화 도매
<제 외>
·등산화 도매(513941)",93.2,0.0,4.0
2024,513150,도매 및 소매업,도매 및 상품 중개업,"생활용 섬유제품, 의복, 의복 액세서리 및 모피제품 도매업",가죽 및 모피 제품 도매업,"◦천연◦재생◦합성◦인조 가죽 및 천연◦인조 모피제품을 도매하는 산업활동을 말한다.
<예 시>
·가죽의복 도매
·모피제품 도매
<제 외>
·원모피 및 원피 도매(512190)
·가죽 가방 및 여행용품 도매(513950)
·가죽 신발 도매(513141)",93.7,0.0,4.4
2024,513191,도매 및 소매업,도매 및 상품 중개업,"생활용 섬유제품, 의복, 의복 액세서리 및 모피제품 도매업",의복 액세서리 및 모조 장신구 도매업,"◦의복 액세서리(귀금속제 제외) 등을 도매하는 산업활동을 말한다.
<예 시>
·가발 및 모자 도매
·손수건 및 머플러 도매
·넥타이 도매
·양말 및 스타킹 도매
·모피제 의복 액세서리 도매
·모피모자, 모피목도리, 모피장갑 도매
<제 외>
*모조 장신구 등 도매(→513920)
*단추 및 파스너(지퍼등), 기타 의복부착물 도매(→513991)
",93.7,0.0,4.0
2024,513211,도매 및 소매업,도매 및 상품 중개업,"생활용 가구, 조명기구 및 비전기식 생활용기기 도매업",생활용 가구 도매업,"◦각종 재료로 제조된 생활용 가구를 도매하는 산업활동을 말한다.
<예 시>
·장롱 도매
·매트리스 및 침대 도매
·책상 및 의자 도매(가정용)
<제 외>
·사무용 가구 도매(515051)
·의료용 및 수의용 가구 도매(515080)

*주방용 가구 도매(→513290)",93.4,0.0,5.1
2024,513221,도매 및 소매업,도매 및 상품 중개업,"가전제품, 통신장비 및 부품 도매업",가전제품 및 부품 도매업,"◦가정용 전기◦전자제품 및 비설치용 전기 난방기구 등을 도매하는 산업활동을 말한다.
<예 시>
·영상기기 도매
·음향기기(오디오 등) 도매
·가정용 냉·난방기(전기식) 도매
·가정용 전열기기 도매
·전자 레인지 및 전기 밥솥 도매
·전기 면도기 도매
·전기 담요 도매
<제 외>
·설치용 배관 및 난방장치 도매(514366)

*가정용 비전기식 조리 및 난방기구, 가스레인지 도매(→513291)",92.3,0.0,5.9
2024,513230,도매 및 소매업,도매 및 상품 중개업,"생활용 가구, 조명기구 및 비전기식 생활용기기 도매업",생활용 유리ㆍ요업ㆍ목재ㆍ금속 제품 및 날붙이 도매업,"◦생활용 및 주방용 목재제품, 주방용 금속제품, 날붙이(칼․가위 등) 및 기타 관련 용품을 도매하는 산업활동을 말한다.
<예 시>
·쌀통 및 김치통 도매
·주방용품(금속제품) 도매
·쓰레기통 도매
<제 외>
·낫, 전지가위, 톱 등의 철물 및 수공구도매(514361)
·가스레인지 도매(513291)
·비전기식 보일러 도매(514366)
·가정용 비전기식 조리 및 난방기구 도매(513291)

*생활용 유리제품, 요업제품 도매(→513271)
*주방용 요업제품 도매(→513272)
*비전기식 이ㆍ미용기구 도매(→513295)",93.2,0.0,5.0
2024,513231,도매 및 소매업,도매 및 상품 중개업,기타 기계 및 장비 도매업,그 외 기타 기계 및 장비 도매업,◦자동판매기,92.3,0.0,3.7
2024,513241,도매 및 소매업,도매 및 상품 중개업,"생활용 가구, 조명기구 및 비전기식 생활용기기 도매업","전구, 램프 및 조명장치 도매업","◦각종 조명기구, 조명장치 및 램프를 도매하는 산업활동을 말한다.
<예 시>
·샹들리에 도매
·전기스탠드 도매
·전구 도매",90.6,0.0,6.3
2024,513250,도매 및 소매업,도매 및 상품 중개업,"음반 및 비디오물, 악기, 오락 및 경기용품 도매업",악기 도매업,"◦현악기, 타악기, 관악기, 건반악기 등 각종 악기를 도매하는 산업활동을 말한다.
<예 시>
·피아노 도매
·금관 악기 및 목관 악기 도매
·전자 악기 도매
·장구, 북 등 전통 악기 도매
·국악기 도매
·하모니카 등 기타 악기 도매",93.4,0.0,5.6
2024,513253,도매 및 소매업,도매 및 상품 중개업,"음반 및 비디오물, 악기, 오락 및 경기용품 도매업",음반 및 비디오물 도매업,"◦음악 및 영상물을 수록한 테이프, 레코드, CD, DVD 등을 도매하는 산업활동을 말한다.
<예 시>
·음악 및 영상물 수록 CD 도매
·음악 테이프, CD, DVD 도매
·음반 도매
·비디오 테이프, CD, DVD 도매
<제 외>
·비디오 및 음악 이외의 기록매체 도매(513421)",93.4,0.0,6.3
2024,513261,도매 및 소매업,도매 및 상품 중개업,"생활용 섬유제품, 의복, 의복 액세서리 및 모피제품 도매업",기타 생활용 섬유 및 직물 제품 도매업,"◦카펫, 융단, 자리",94.3,0.0,2.8
2024,513263,도매 및 소매업,도매 및 상품 중개업,기타 건축자재 도매업,벽지 및 장판류 도매업,"◦각종 재질의 벽지, 장판, 바닥깔개(직물제품 제외) 등을 도매하는 산업활동을 말한다.
<예 시>
·리놀륨 도매
·화문석 및 유사 조물제품 도매
·장판지 및 마루덮개 도매
·융단 원단 도매
·벽지(직물, 종이, 플라스틱제 포함) 도매
<제 외>
·봉제 카펫(생활용) 도매(513261)",93.5,0.0,3.6
2024,513271,도매 및 소매업,도매 및 상품 중개업,"생활용 가구, 조명기구 및 비전기식 생활용기기 도매업",생활용 유리ㆍ요업ㆍ목재ㆍ금속 제품 및 날붙이 도매업,"◦생활용 유리제품, 요업제품을 도매하는 산업활동을 말한다.
<예 시>
·관상용 어항 도매
·화분 도매
·도기제꽃병
<제 외>
*생활용 및 주방용 목재제품, 주방용 금속제품, 날붙이(칼◦가위 등) 및 기타 관련 용품 도매(→513230)
*주방용 요업제품 도매(→513272)
*비전기식 이ㆍ미용기구 도매(→513295)",93.2,0.0,5.8
2024,513272,도매 및 소매업,도매 및 상품 중개업,"생활용 가구, 조명기구 및 비전기식 생활용기기 도매업",생활용 유리ㆍ요업ㆍ목재ㆍ금속 제품 및 날붙이 도매업,"◦주방용 요업제품을 도매하는 산업활동을 말한다.
<예 시>
·토기로 된 밥그릇, 주발, 접시, 냄비, 주전자 등 식기와 주방용품
·도기로 된 밥그릇, 주발, 접시, 냄비, 주전자 등 식기와 주방용품
<제 외>
*생활용 및 주방용 목재제품, 주방용 금속제품, 날붙이(칼◦가위 등) 및 기타 관련 용품 도매(→513230)
*생활용 유리제품, 요업제품 도매(→513271)
*비전기식 이ㆍ미용기구 도매(→513295)",94.4,0.0,4.6
2024,513290,도매 및 소매업,도매 및 상품 중개업,"생활용 가구, 조명기구 및 비전기식 생활용기기 도매업",생활용 가구 도매업,"◦주방용 가구 도매
<예 시>
·싱크대(개수대) 및 조리대",93.7,0.0,4.5
2024,513291,도매 및 소매업,도매 및 상품 중개업,"가전제품, 통신장비 및 부품 도매업",가전제품 및 부품 도매업,"◦가정용 비전기식 조리 및 난방기구
<예 시>
 ·가스스토브, 가스히터(비전기식), 석유난로, 석유버너, 화로(비전기식: 가정용), 가스레인지",94.0,0.0,4.9
2024,513295,도매 및 소매업,도매 및 상품 중개업,"생활용 가구, 조명기구 및 비전기식 생활용기기 도매업",생활용 유리ㆍ요업ㆍ목재ㆍ금속 제품 및 날붙이 도매업,"◦비전기식 이ㆍ미용기구 도매
<예 시>
·비전기식 면도기 도매
·비전기식 이발기 도매
·손톱깍기 도매",93.7,0.0,4.4
2024,513296,도매 및 소매업,도매 및 상품 중개업,"생활용 가구, 조명기구 및 비전기식 생활용기기 도매업",기타 비전기식 생활용 기기 및 기구 도매업,"◦달리 분류되지 않은 생활용 기기 및 기구 등을 도매하는 산업활동을 말한다.
<예 시>
·비전기식 재봉기 도매업
·비전기식 정수기 도매업",93.7,0.0,4.4
2024,513297,도매 및 소매업,도매 및 상품 중개업,"음반 및 비디오물, 악기, 오락 및 경기용품 도매업",자전거 및 기타 운송장비 도매업,◦유모차,93.7,0.0,6.7
2024,513298,도매 및 소매업,도매 및 상품 중개업,재생용 재료 및 기타 상품 전문 도매업,그 외 기타 상품 전문 도매업,"◦총포
<예 시>
·공기총, 엽총",93.7,0.0,5.8
2024,513311,도매 및 소매업,도매 및 상품 중개업,"의약품, 의료용품 및 화장품 도매업",의약품 도매업,"◦최종 소비용 의약품 및 의약제제 등을 도매하는 산업활동을 말한다.
<예 시>
·비타민제 도매
·안약 도매
·동물용 약품 도매
·강장제 및 드링크제 도매(의약품)
<제 외>
·비의약품 드링크제 도매(512260)
·원료 상태의 의약제품 및 의료용 기초 화합물 도매(514919)

*각종 한약류(→513312)",94.8,0.0,5.3
2024,513312,도매 및 소매업,도매 및 상품 중개업,"의약품, 의료용품 및 화장품 도매업",의약품 도매업,◦각종 한약류,89.0,0.0,3.9
2024,513313,도매 및 소매업,도매 및 상품 중개업,"의약품, 의료용품 및 화장품 도매업",의료용품 도매업,"◦각종 의료용품 및 기타 의약 관련제품과 보청기, 의족 등 신체 보정용품 및 정형외과용품 등을 도매하는 산업활동을 말한다.
<예 시>
·혈액형 분류용 시약 도매
·탈지면, 피복재, 습포제 도매
·의족, 의치 및 의수 도매
·살균제 및 방충제 도매
·살균한 외과용의 장선(캣커트), 봉합재 및 지혈제 도매
·의료기관이나 연구기관에 납품되는 시험용 약품류
<제 외>
·의료 기구 및 의료용 기계·기구 도매(515080)",91.3,0.0,6.6
2024,513320,도매 및 소매업,도매 및 상품 중개업,"의약품, 의료용품 및 화장품 도매업",화장품 및 화장용품 도매업,"◦화장품 및 관련 제품을 도매하는 산업활동을 말한다.
<예 시>
·스킨, 로션 및 향수 도매
·무스 및 스프레이 도매
·화장 도구 도매
·머리 염색약 및 머릿기름 도매
·구강 세척제 도매
·렌즈 세정액(클리너) 도매
·탈모제 및 파마약 도매",92.4,0.0,6.7
2024,513330,도매 및 소매업,도매 및 상품 중개업,"의약품, 의료용품 및 화장품 도매업",비누 및 세정제 도매업,"◦각종 용도의 비누, 세정제를 도매하는 산업활동을 말한다.
<예 시>
·세수 및 약용 비누 도매
·주방 및 세탁용 세제 도매
·락스 도매
·치약 도매",95.0,0.0,3.8
2024,513410,도매 및 소매업,도매 및 상품 중개업,"생활용 포장ㆍ위생용품, 문구용품 및 출판 인쇄물 도매업","생활용 포장 및 위생용품, 봉투 및 유사 제품 도매업","◦주방용 포장용품, 위생용 종이제품, 종이 또는 비닐제의 가방 등을 도매하는 산업활동을 말한다.
<예 시>
·포장지(랩, wrap) 도매
·은박지 도매
·화장지 및 냅킨 도매
·쇼핑백 도매
<제 외>
·포장용 판지 상자 및 골판지 상자, 골판지·판지 및 크라프트지 도매(513414)
·폴리에틸렌 필름 도매(513415)
·장판지, 벽지, 융단 원단 및 마루덮개 도매(513263)
·편지지, 편지봉투 및 서예지 도매(513430)",94.0,0.0,3.5
2024,513414,도매 및 소매업,도매 및 상품 중개업,"종이 원지, 판지, 종이상자 도매업","종이 원지, 판지, 종이상자 도매업","◦펄프, 각종 종이원지, 판지 및 종이상자류를 도매하는 산업활동을 말한다.
<예 시>
·펄프 도매
·신문용지, 인쇄용지, 필기용 원지 도매
·골판지 및 크라프트지 도매
·상자용·포장용 판지 및 종이 상자 도매",94.0,0.0,3.8
2024,513415,도매 및 소매업,도매 및 상품 중개업,재생용 재료 및 기타 상품 전문 도매업,그 외 기타 상품 전문 도매업,"◦플라스틱 필름, 폴리에틸렌필름",94.0,0.0,4.6
2024,513421,도매 및 소매업,도매 및 상품 중개업,"생활용 포장ㆍ위생용품, 문구용품 및 출판 인쇄물 도매업","서적, 잡지 및 기타 인쇄물 도매업","◦각종 서적, 간행물, 팸플릿, 신문 및 기타 인쇄물 등을 도매하는 산업활동을 말한다. 비디오물 및 음반, 각종 소프트웨어 이외의 각종 출판물을 전자매체에 수록하여 도매하는 경우도 포함한다.
<예 시>
·각종 종이 인쇄물 및 출판물 도매
·교과서 및 학습지 도매
·만화 및 주간지 도매
·어학 교재 및 어학 테이프 도매
·달력(캘린더) 도매
·소설, 수필, 시집 도매
·기록물 도매(음반·비디오 기록물, 소프트웨어 제외)
·CD, DVD 등 전자매체에 수록한 어학사전, 백과사전, 동화책 도매
<제 외>
·음반, 비디오물 도매(513253)
·범용성 소프트웨어 도매(515050)
·공테이프·CD·DVD 도매(513430)",94.7,0.0,7.0
2024,513430,도매 및 소매업,도매 및 상품 중개업,"생활용 포장ㆍ위생용품, 문구용품 및 출판 인쇄물 도매업","문구용품, 회화용품, 사무용품 도매업","◦필기용구 등 문구용품, 회화용품, 사무용품 등을 도매하는 산업활동을 말한다.
<예 시>
·공책, 메모장, 필기구, 각종 문구 용지 도매
·펀치, 호치키스 도매
·접착 테이프 도매
·인주, 고무 도장(스탬프) 도매
·절단 종이 도매
·분필 도매
·책상용 고무판 도매
·크레용, 도화 물감 도매
·공테이프·CD·DVD 도매
·전산용지",93.7,0.0,4.9
2024,513911,도매 및 소매업,도매 및 상품 중개업,"가방, 시계, 안경 및 기타 생활용품 도매업","안경, 사진장비 및 광학용품 도매업","◦광학용품 등을 도매하는 산업활동을 말한다.
<예 시>
·망원경, 쌍안경 도매
·광학기구 도매
·현미경 도매
<제 외>
·영사기 및 영화촬영기 도매(515081)

*안경 및 콘택트 렌즈 등을 도매(→513913)
*사진필름, 사진용화학물, 사진용품등 사진재료 도매(→513912)",94.3,0.0,4.6
2024,513912,도매 및 소매업,도매 및 상품 중개업,"가방, 시계, 안경 및 기타 생활용품 도매업","안경, 사진장비 및 광학용품 도매업","◦사진필름, 사진용화학물, 사진용품등 사진재료
<예 시>
·전자필름, 브로마이드(인화지), X선필름",92.6,0.0,2.6
2024,513913,도매 및 소매업,도매 및 상품 중개업,"가방, 시계, 안경 및 기타 생활용품 도매업","안경, 사진장비 및 광학용품 도매업","◦안경 및 콘택트 렌즈 등을 도매하는 산업활동을 말한다.
<예 시>
·선글라스 도매
·안경 도매
·콘택트 렌즈 도매
<제 외>
*광학용품 등 도매(→513911)
*사진필름, 사진용화학물, 사진용품등 사진재료 도매(→513912)",92.2,0.0,7.0
2024,513920,도매 및 소매업,도매 및 상품 중개업,"생활용 섬유제품, 의복, 의복 액세서리 및 모피제품 도매업",의복 액세서리 및 모조 장신구 도매업,"◦모조 장신구 등을 도매하는 산업활동을 말한다.
<예 시>
·귀걸이 및 머리핀 도매
·브로치 도매
<제 외>
·모조 장식품 도매(513921)

*의복 액세서리(귀금속제 제외) 등 도매(→513191)
*단추 및 파스너(지퍼등), 기타 의복부착물 도매(→513991)",92.7,0.0,5.4
2024,513921,도매 및 소매업,도매 및 상품 중개업,"음반 및 비디오물, 악기, 오락 및 경기용품 도매업","장난감 및 취미, 오락용품 도매업","◦각종 장난감, 모조 장식품, 오락용 기기 및 장비를 도매하는 산업활동을 말한다.
<예 시>
·오락 게임용품 도매
·유희용구 도매
·당구장비 및 물품 도매
·화투 및 트럼프 도매
·세발 자전거 도매                      
<제 외>
·볼링장비 및 물품 도매(513941)
·의복 액세서리(귀금속 제외)(513191,513991)및 모조 장신용품 도매(513920)

*낚시도구 도매(→513945)
*휘, 트로피, 페난트, 뺏지, 메달 등 도매(→519991)",93.1,0.0,5.4
2024,513931,도매 및 소매업,도매 및 상품 중개업,"가방, 시계, 안경 및 기타 생활용품 도매업",시계 및 귀금속 제품 도매업,"◦각종 시계 및 시계부품 등을 도매하는 산업활동을 말한다.
<예 시>
·시계 및 시계 부품 도매
·시계 케이스 도매
<제 외>
*제품화 하거나 세공하지 않은 황금(→513933)
*각종 귀금속 및 귀금속제품, 장신구 등 도매(→513934)",94.6,0.0,4.3
2024,513933,도매 및 소매업,도매 및 상품 중개업,"가방, 시계, 안경 및 기타 생활용품 도매업",시계 및 귀금속 제품 도매업,◦제품화 하거나 세공하지 않은 황금,97.1,0.0,1.9
2024,513934,도매 및 소매업,도매 및 상품 중개업,"가방, 시계, 안경 및 기타 생활용품 도매업",시계 및 귀금속 제품 도매업,"◦각종 귀금속 및 귀금속제품, 장신구 등을 도매하는 산업활동을 말한다.
<예 시>
·보석 도매
·귀금속제 장신구 도매
·귀석제품 도매
·루비, 진주 도매
<제 외>
·귀금속 광물 도매(514250)

*제품화 하거나 세공하지 않은 황금(→513933)
*각종 시계 및 시계부품 등 도매(→513931)",91.9,0.0,3.6
2024,513941,도매 및 소매업,도매 및 상품 중개업,"음반 및 비디오물, 악기, 오락 및 경기용품 도매업",운동 및 경기용품 도매업,"◦각종 운동 및 경기용품을 도매하는 산업활동을 말한다.
<예 시>
·운동장비 도매
·등산장비 및 용품 도매
·경기용품 도매
·등산화, 스키화 등 전문 스포츠 신발 도매
·볼링장비 도매
·텐트 도매
·안장 및 마구류 도매
<제 외>
*골프장비(→513942)",93.2,0.0,4.6
2024,513942,도매 및 소매업,도매 및 상품 중개업,"음반 및 비디오물, 악기, 오락 및 경기용품 도매업",운동 및 경기용품 도매업,"◦골프장비
<예 시>
·골프공",87.3,0.0,5.0
2024,513945,도매 및 소매업,도매 및 상품 중개업,"음반 및 비디오물, 악기, 오락 및 경기용품 도매업","장난감 및 취미, 오락용품 도매업","◦낚시도구
<예 시>
·낚시장비, 미끼, 어망 도매",93.2,0.0,4.1
2024,513950,도매 및 소매업,도매 및 상품 중개업,"가방, 시계, 안경 및 기타 생활용품 도매업",가방 및 보호용 케이스 도매업,"◦각종 재료(가죽, 플라스틱, 직물 등)로 만든 가방, 여행용품 및 기타 가정용 관련 가죽제품을 도매하는 산업활동을 말한다.
<예 시>
·지갑 및 핸드백 도매
·열쇠 케이스 도매
·여행용 가방(트렁크) 도매
·화장품 케이스 도매
·보호용 케이스 도매",94.0,0.0,7.1
2024,513960,도매 및 소매업,도매 및 상품 중개업,"음반 및 비디오물, 악기, 오락 및 경기용품 도매업",자전거 및 기타 운송장비 도매업,"◦자전거 등의 기타 가정용 운송장비를 도매하는 산업활동을 말한다.
<예 시>
·자전거 및 부품 도매
·개인용 운송장비 도매(동력식)
<제 외>
*유모차 도매(→513297)
*리어카, 휠체어(→515093)",93.7,0.0,3.2
2024,513991,도매 및 소매업,도매 및 상품 중개업,"생활용 섬유제품, 의복, 의복 액세서리 및 모피제품 도매업",의복 액세서리 및 모조 장신구 도매업,"◦단추, 지퍼, 버클, 각반
◦기타 착신 및 의복부착물
 ·의복용벨트, 의복액세서리(귀금속 및 모피제제외)",93.1,0.0,4.2
2024,513992,도매 및 소매업,도매 및 상품 중개업,"가방, 시계, 안경 및 기타 생활용품 도매업",그 외 기타 생활용품 도매업,"◦그 외 기타 생활용품 도매업으로서 광택제, 접착제 등의 소비용 화학제품 및 기타 생활용품 또는 소비자용 잡제품을 도매하는 산업활동을 말한다.
<예 시>
·청소용품 도매
·흡연용품 도매
·파라솔 도매
·양산 및 우산 도매
·칫솔, 비, 솔, 걸레 도매
·소화기 도매
·광택제, 접착제 등 가정용 화학제품 도매
·방충제(가정용) 도매
·가마니, 새끼 등 고공품 도매",93.2,0.0,3.7
2024,514111,도매 및 소매업,도매 및 상품 중개업,"연료, 연료용 광물 및 관련제품 도매업",고체 연료 및 관련제품 도매업,◦연탄,97.2,0.0,2.2
2024,514112,도매 및 소매업,도매 및 상품 중개업,"연료, 연료용 광물 및 관련제품 도매업",고체 연료 및 관련제품 도매업,"◦각종 용도의 고체 연료와 이들의 관련제품을 도매하는 산업활동을 말한다.
<예 시>
·목탄 도매
·장작 도매
·석탄 및 토탄 도매
·핵 연료 도매
·착화탄 도매
·코크스 도매
<제 외>
·양초, 발화성 물질 등 연료용 이외의 연소물질 도매(513992)

*연탄(→514111)",95.4,0.0,4.2
2024,514121,도매 및 소매업,도매 및 상품 중개업,"연료, 연료용 광물 및 관련제품 도매업",액체 연료 및 관련제품 도매업,"◦각종 용도의 액체 연료 및 관련제품을 도매하는 산업활동을 말한다. 윤활유 도매도 여기에 포함한다.
<예 시>
·원유 도매
·그리스 도매
·벙커유 도매
·알코올 연료 도매
·기계유 도매
·파라핀 도매",96.0,0.0,3.2
2024,514122,도매 및 소매업,도매 및 상품 중개업,재생용 재료 및 기타 상품 전문 도매업,그 외 기타 상품 전문 도매업,◦아스팔트,93.7,0.0,3.3
2024,514130,도매 및 소매업,도매 및 상품 중개업,"연료, 연료용 광물 및 관련제품 도매업",기체 연료 및 관련제품 도매업,"◦벌크 또는 충전 상태의 기체 연료 및 관련제품을 도매하는 산업활동을 말한다.
<예 시>
·액화 석유 가스(LPG) 도매
·연료 가스 도매
·액화 천연 가스(LNG) 도매
<제 외>
·배관시설에 의한 연료가스 공급(402001)",94.9,0.0,5.0
2024,514210,도매 및 소매업,도매 및 상품 중개업,1차 금속제품 및 금속광물 도매업,1차 금속제품 도매업,"◦철 및 비철금속으로 만든 철근 등의 1차 금속제품을 도매하는 산업활동을 말하며, 구매자의 요구에 따라 단순 절단활동이 병행될 수 있다.
<예 시>
·철근 도매",90.7,0.0,3.3
2024,514220,도매 및 소매업,도매 및 상품 중개업,1차 금속제품 및 금속광물 도매업,1차 금속제품 도매업,"◦철 및 비철금속으로 만든 관 등의 1차 금속제품을 도매하는 산업활동을 말하며, 구매자의 요구에 따라 단순 절단활동이 병행될 수 있다.
<예 시>
·고압 도관 도매
·고압호스(금속관)
·강관, 강재 도매
·비철금속 관 도매
·관 이음새 도매
<제 외>
*동관(→514292)",93.2,0.0,3.5
2024,514232,도매 및 소매업,도매 및 상품 중개업,1차 금속제품 및 금속광물 도매업,1차 금속제품 도매업,"◦함석, 아연도철판, 석도철판, 칼라철판, 스텐레스판 도매",95.6,0.0,2.8
2024,514239,도매 및 소매업,도매 및 상품 중개업,1차 금속제품 및 금속광물 도매업,1차 금속제품 도매업,"◦철 및 비철금속으로 만든 판재 등의 1차 금속제품을 도매하는 산업활동을 말하며, 구매자의 요구에 따라 단순 절단활동이 병행될 수 있다.
<예 시>
·강판 도매
·비철금속 판재 도매
·동판, 알루미늄판 도매
<제 외>
*함석, 아연도철판, 석도철판, 칼라철판, 스텐레스판 도매(→514232)",92.4,0.0,3.7
2024,514240,도매 및 소매업,도매 및 상품 중개업,1차 금속제품 및 금속광물 도매업,1차 금속제품 도매업,"◦철 및 비철금속으로 만든 선재 등의 1차 금속제품을 도매하는 산업활동을 말하며, 구매자의 요구에 따라 단순 절단활동이 병행될 수 있다.
<예 시>
·강선 도매
·비철금속 선 도매",91.3,0.0,3.9
2024,514250,도매 및 소매업,도매 및 상품 중개업,1차 금속제품 및 금속광물 도매업,금속광물 도매업,"◦각종 금속광물을 도매하는 산업활동을 말한다.
<예 시>
·철광석 도매
·비철금속 광물 도매
·귀금속 광물 도매
·보크사이트 도매",93.2,0.0,10.0
2024,514291,도매 및 소매업,도매 및 상품 중개업,1차 금속제품 및 금속광물 도매업,1차 금속제품 도매업,"◦연, 주물 도매",93.4,0.0,6.5
2024,514292,도매 및 소매업,도매 및 상품 중개업,1차 금속제품 및 금속광물 도매업,1차 금속제품 도매업,"◦철 및 비철금속으로 만든 기타 1차 금속제품을 도매하는 산업활동을 말하며, 구매자의 요구에 따라 단순 절단활동이 병행될 수 있다.
<예 시>
·동관, 동중공봉
·니켈 합금 도매
·달리 분류되지 않은 금속 및 광물로서 1차금속 및 반성재의 철강, 형강, 쉬트바, C형강 등
<제 외>
*연, 주물 도매(→514291)",91.6,0.0,3.7
2024,514312,도매 및 소매업,도매 및 상품 중개업,일반 건축자재 도매업,원목 및 건축관련 목제품 도매업,"◦원목, 건축용 목재 공작물, 가공 목재제품, 재생목재 등을 도매하는 산업활동을 말한다.
<예 시>
·나무 판재 도매
·나무 각재 도매
·목재 창호(건구, fittings) 도매
·합판 도매",93.3,0.0,4.5
2024,514320,도매 및 소매업,도매 및 상품 중개업,일반 건축자재 도매업,"골재, 벽돌 및 시멘트 도매업","◦석회 및 각종 시멘트를 도매하는 산업활동을 말한다.
<예 시>
·플라스터 도매
·혼합 모르타르 도매
·석회 도매
·콘크리트 제품 도매
·레미콘 도매
·대리석(인조 대리석 포함) 도매
<제 외>
*골재 등 도매(→514330)
*벽돌 및 비내화용 혼합물 도매(→514380)",94.4,0.0,5.1
2024,514321,도매 및 소매업,도매 및 상품 중개업,일반 건축자재 도매업,유리 및 창호 도매업,"◦건축용 유리제품 및 창호를 도매하는 산업활동을 말한다. 광학용 유리 및 목재 창호는 제외한다.
<예 시>
·플라스틱 또는 금속제 문 도매
·판유리 도매·건축용 유리 도매
·복층 절연유리 도매
·창틀(목재 제외) 도매
<제 외>
·생활용 및 주방용 유리제품 도매(513271)
·유리섬유 도매(514990)
·목재 창호 도매(514312)",94.4,0.0,5.7
2024,514330,도매 및 소매업,도매 및 상품 중개업,일반 건축자재 도매업,"골재, 벽돌 및 시멘트 도매업","◦골재 등을 도매하는 산업활동을 말한다.
<예 시>
·쇄석 도매
<제 외>
*석회 및 각종 시멘트 도매(→514320)
*벽돌 및 비내화용 혼합물 도매(→514380)",93.5,0.0,8.8
2024,514350,도매 및 소매업,도매 및 상품 중개업,기타 건축자재 도매업,도료 도매업,"◦유성 도료, 수성 도료, 방수액 등 도료 및 관련 제품을 도매하는 산업활동을 말한다.
<예 시>
·형광 도료 도매
·래커 도매
·페인트 도매
·요업용 도료 도매
·바니시 도매
·옻칠제품 도매
·방수액 도매",92.7,0.0,4.3
2024,514361,도매 및 소매업,도매 및 상품 중개업,"냉ㆍ난방장치 및 철물, 수공구 도매업","철물, 금속 파스너 및 수공구 도매업","◦일반 철물, 금속 파스너 및 각종 용도의 수공구 등을 도매하는 산업활동을 말한다.
<예 시>
·건축관련 철물 도매
·가정용 수공구 도매
·열쇠 및 자물쇠 도매
·제조업용 수공구 도매
·못, 볼트 도매
·비동력식 잔디깎이용 수공구
·용접봉 도매
·농업용 수공구 도매
<제 외>
·주방용 금속제품 및 날붙이(칼, 가위, 면도기 등) 도매(513230)
·비설치용 난방용구 도매(513221)
·전동공구, 기계공구 도매(515040)",92.2,0.0,4.8
2024,514366,도매 및 소매업,도매 및 상품 중개업,"냉ㆍ난방장치 및 철물, 수공구 도매업",배관 및 냉ㆍ난방장치 도매업,"◦설치용 냉◦난방장치 및 배관장치 등을 도매하는 산업활동을 말한다.
<예 시>
·중앙 난방장치 도매
·중앙 냉방장치 도매
·배관장치 도매
·보일러 도매",92.2,0.0,4.5
2024,514370,도매 및 소매업,도매 및 상품 중개업,기타 건축자재 도매업,그 외 기타 건축자재 도매업,"◦각종 재료제의 완전한 조립식 건축물, 조립용 조립세트 및 구조재(가설재 포함)",92.2,0.0,7.1
2024,514380,도매 및 소매업,도매 및 상품 중개업,일반 건축자재 도매업,"골재, 벽돌 및 시멘트 도매업","◦벽돌 및 비내화용 혼합물을 도매하는 경우도 포함한다.
<예 시>
·기와 도매
·내화 및 비내화 벽돌 도매
<제 외>
*석회 및 각종 시멘트 도매(→514320)
*골재 등 도매(→514330)",89.0,0.0,4.8
2024,514392,도매 및 소매업,도매 및 상품 중개업,기타 건축자재 도매업,그 외 기타 건축자재 도매업,"◦정화조
<예 시>
·FRP 정화조 도매",92.9,0.0,4.5
2024,514393,도매 및 소매업,도매 및 상품 중개업,기타 건축자재 도매업,그 외 기타 건축자재 도매업,"◦방음용, 단열용 재료, 석고 보드, 천장재, 타일, 위생용 및 내화용 요업제품 등의 건축자재를 도매하는 산업활동을 말한다. 각종 건축자재를 종합적으로 도매하는 산업활동도 포함한다.
<예 시>
·건축용 타일 도매
·바닥 내장재 도매
·금속제 난간 도매
·스티로폼 도매
·욕조, 세면대, 변기 도매
<제 외>
*조립식 건축물, 조립용 조립세트 및 구조재(→514370)
*정화조 도매(→514392)",92.2,0.0,4.8
2024,514911,도매 및 소매업,도매 및 상품 중개업,화학 물질 및 화학제품 도매업,기타 화학 물질 및 화학제품 도매업,"◦유황
◦산소
 ·흡입용산소, 공업용산소",91.1,0.0,4.8
2024,514912,도매 및 소매업,도매 및 상품 중개업,화학 물질 및 화학제품 도매업,기타 화학 물질 및 화학제품 도매업,◦탄산나트륨(소다회),93.2,0.0,3.6
2024,514916,도매 및 소매업,도매 및 상품 중개업,화학 물질 및 화학제품 도매업,플라스틱 물질 및 합성고무 도매업,◦생고무,93.2,0.0,4.6
2024,514919,도매 및 소매업,도매 및 상품 중개업,화학 물질 및 화학제품 도매업,기타 화학 물질 및 화학제품 도매업,"◦산업용 기초 유기 화합물, 기초 무기 화합물 및 산업용 화학제품을 도매하는 산업활동을 말한다.
<예 시>
·기초 유기 화합물 도매
·기초 무기 화합물 도매
·산업용 기초 화학제품 도매
·공업용 화합물 도매
·원료 상태 의약 제제 도매
·산업용 가스(연료용 제외) 도매
·나프탈렌 도매
·드라이아이스 도매
·벤졸 도매
·폐수 처리 약품 도매
·경질 탄산칼륨 도매
·도금 약품 도매
·에틸렌, 프로필렌, 부틸렌 도매
·공업용 소금 도매
<제 외>
·연료용 가스 도매(514130)

*유황, 산소(→514911)
*탄산나트륨(→514912)",92.2,0.0,4.8
2024,514920,도매 및 소매업,도매 및 상품 중개업,화학 물질 및 화학제품 도매업,"염료, 안료 및 관련제품 도매업","◦각종 염료, 안료 및 관련제품을 도매하는 산업활동을 말한다.
<예 시>
·안료 도매
·염료 도매
·착색제 도매
·유연제 도매",92.2,0.0,3.8
2024,514930,도매 및 소매업,도매 및 상품 중개업,화학 물질 및 화학제품 도매업,비료 및 농약 도매업,"◦혼합◦화학용 비료를 도매하는 산업활동을 말한다.
<예 시>
·질소비료 도매
·복합비료 도매
·석회 유기질 비료 도매
·배양토 도매
<제 외>
*농업용 약품 도매(→514940)",96.6,0.0,7.2
2024,514940,도매 및 소매업,도매 및 상품 중개업,화학 물질 및 화학제품 도매업,비료 및 농약 도매업,"◦농업용 약품을 도매하는 산업활동을 말한다.
<예 시>
·살서제 도매
·성장 조절제 도매
<제 외>
·가정용 또는 위생용 살균·살충 및 소독제 도매(513313)

*혼합◦화학용 비료 도매(→514930)",95.6,0.0,3.6
2024,514950,도매 및 소매업,도매 및 상품 중개업,화학 물질 및 화학제품 도매업,플라스틱 물질 및 합성고무 도매업,"◦1차 형태의 합성 수지, 재생 섬유소, 합성고무 및 플라스틱 물질을 도매하는 산업활동을 말한다.
<예 시>
·합성 수지(레진) 도매
·페놀 수지 원료 도매
·폴리스틸렌 및 우레탄 수지 도매
·에폭시 수지 도매
·페놀 및 실리콘 수지 도매
·합성고무(BR, CR, IR 등) 도매
<제 외>
*생고무(→514916)",92.4,0.0,4.8
2024,514961,도매 및 소매업,도매 및 상품 중개업,"방직용 섬유, 실 및 직물 도매업",방직용 섬유 및 실 도매업,"◦천연, 합성 및 재생 섬유의 필라멘트사 또는 스트립, 토우 등의 방직용 섬유와 섬유사를 도매하는 산업활동을 말한다.
<예 시>
·방직용 섬유 도매
·방적사 도매
·화섬사 도매
·나일론 도매
<제 외>
·소매용 섬유 및 사 도매(513111)",95.3,0.0,2.8
2024,514969,도매 및 소매업,도매 및 상품 중개업,"방직용 섬유, 실 및 직물 도매업",직물 도매업,"◦천연, 합성 및 재생 섬유의 직물을 도매하는 산업활동을 말한다.
<예 시>
·산업용 합성 섬유직물 도매
·산업용 견직물 도매
<제 외>
·소매용 포장 직물 도매(513111)",94.8,0.0,3.4
2024,514971,도매 및 소매업,도매 및 상품 중개업,재생용 재료 및 기타 상품 전문 도매업,재생용 재료 수집 및 판매업,"◦재생할 수 있는 각종 고물 및 스크랩(쇠부스러기 등)을 수집◦판매하는 산업활동을 말한다.
<예 시>
·재생용 금속 수집 및 판매
·재생용 비금속 수집 및 판매
·재생용 플라스틱 수집 및 판매
·고섬유 재생재료 수집 및 판매
·재생용 고무 수집 및 판매
·고지 수집 및 판매
<제 외>
·연속 라인에 의한 재생원료 선별 활동(재생원료 선별에 해당되는 산업활동으로 분류)

*공병보증금제 공병취급 수수료(→749940)",95.6,0.0,5.0
2024,514990,도매 및 소매업,도매 및 상품 중개업,재생용 재료 및 기타 상품 전문 도매업,그 외 기타 상품 전문 도매업,◦달리 분류되지 않은 기타 산업용 중간재 및 재생재료,92.0,0.0,4.6
2024,515010,도매 및 소매업,도매 및 상품 중개업,기타 기계 및 장비 도매업,그 외 기타 기계 및 장비 도매업,"◦그 외 기타 일반 목적용으로 사용되는 기계 및 장비를 도매하는 산업활동을 말한다.
<예 시>
·밸브 도매
·펌프 및 공기 압축기 도매
·송풍기 및 환풍기 도매
·구름(볼 및 롤러)베어링 도매
·기계류 동력 전달장치 도매
·소화장비 도매 
·물품 취급장비 도매
·엔진(기관) 및 터빈 도매(항공기, 자동차, 이륜 자동차용 제외)
·에스컬레이터
<제 외>
·자동차 엔진 도매(503006)
·항공기 엔진 도매(515094)
·이륜자동차(오토바이) 엔진 도매(504001)

*자동판매기(→513231)
*기중기, 호이스트 도매(→515031)",91.5,0.0,5.0
2024,515020,도매 및 소매업,도매 및 상품 중개업,산업용 기계 및 장비 도매업,농림업용 기계 및 장비 도매업,"◦농업용 경작기, 파종기, 수확기, 잔디 깎는 기계, 축산용 기계장비, 정원용 기계, 임업용 기계장비를 도매하는 산업활동을 말한다.
<예 시>
·농업용 기계 도매
·축산용 기계·장비 도매
·정원용 기계 도매
·임업용 기계·장비 도매
·잔디 깎기 도매",94.6,0.0,3.9
2024,515030,도매 및 소매업,도매 및 상품 중개업,산업용 기계 및 장비 도매업,건설ㆍ광업용 기계 및 장비 도매업,"◦각종 건설 또는 광업용 기계 및 장비를 도매하는 산업활동을 말한다.
<예 시>
·셔블(shovel) 도매
·굴정기 및 굴착기 도매
·도로 포장기 도매
·그레이더 및 스크레이퍼 도매
·착암기 도매
·광물 선별기 및 파쇄기 도매",92.0,0.0,6.8
2024,515031,도매 및 소매업,도매 및 상품 중개업,기타 기계 및 장비 도매업,그 외 기타 기계 및 장비 도매업,"◦기중기, 호이스트",92.0,0.0,6.6
2024,515040,도매 및 소매업,도매 및 상품 중개업,산업용 기계 및 장비 도매업,공작용 기계 및 장비 도매업,"◦금속 주조, 압연, 절삭 및 성형기계와 목재, 석재, 경질 고무, 플라스틱 등의 경질 물질을 냉간 가공하는 각종 가공 공작기계 및 전동 공구 등 관련 장비를 도매하는 산업활동을 말한다.
<예 시>
·선반 및 밀링기 도매
·석재 가공기계 도매
·형삭 및 드릴링기 도매
·냉간 유리 가공기계 도매
·목공 기계 및 장비 도매
·프레스기 도매(금속용)
·경질 물질 가공 공작기계 도매
·전동 공구, 기계 공구 도매",91.6,0.0,6.8
2024,515050,도매 및 소매업,도매 및 상품 중개업,"컴퓨터 및 주변장치, 소프트웨어 도매업","컴퓨터 및 주변장치, 소프트웨어 도매업","◦각종 컴퓨터 및 주변장치, 각종 소프트웨어를 도매하는 산업활동을 말한다.
<예 시>
·데스크톱 PC 도매
·노트북 PC 도매
·범용성 소프트웨어 도매
·컴퓨터 프린트기 도매
·게임용 소프트웨어 도매
·마우스, 키보드, 스캐너 도매",91.8,0.0,8.1
2024,515051,도매 및 소매업,도매 및 상품 중개업,기타 기계 및 장비 도매업,사무용 가구 및 기기 도매업,"◦컴퓨터 이외의 사무용 기기를 도매하는 산업활동을 말한다.
<예 시>
·사무용 가구 도매
·금전 등록기 도매
·복사기 도매
·전자 계산기 도매",91.4,0.0,9.5
2024,515060,도매 및 소매업,도매 및 상품 중개업,"가전제품, 통신장비 및 부품 도매업",통신ㆍ방송장비 및 부품 도매업,"◦유◦무선 통신장비 및 방송장비 등을 도매하는 산업활동을 말한다.
<예 시>
·유선 전화기 및 휴대폰 도매
·텔레비전 방송장치 도매
·통신 교환기 도매
·폐쇄회로 카메라 도매
·위성 안테나 등 송·수신 안테나 도매
·전송장치 도매
·팩시밀리 도매
<제 외>
·가정용 캠코더 도매(513221)",90.0,0.0,14.7
2024,515070,도매 및 소매업,도매 및 상품 중개업,기타 기계 및 장비 도매업,전기용 기계ㆍ장비 및 관련 기자재 도매업,"◦전기용 기계◦장비 및 관련 기자재를 도매하는 산업활동을 말한다. 반도체, 트랜지스터 등의 전자부품을 도매하는 경우도 포함한다.
<예 시>
·전기 제어반 및 배전반 도매
·발전기, 변압기, 정류기 도매
·전동기 도매
·저항기 도매
·개폐장치 도매
·전자 부품 및 전자관 도매
·피뢰장치 도매
·형광등용 초크코일(안정기) 도매
<제 외>
·전구 도매(513241)
·각종 전지 및 케이블 도매(515074)",92.3,0.0,5.9
2024,515074,도매 및 소매업,도매 및 상품 중개업,기타 기계 및 장비 도매업,전지 및 케이블 도매업,"◦일차전지, 축전지 및 절연선, 케이블과 절연 코드 세트 및 기타 관련 기자재를 도매하는 산업활동을 말한다.
<예 시>
·전화용 선 및 케이블 도매
<제 외>
·전구 도매(513241)",92.3,0.0,6.4
2024,515080,도매 및 소매업,도매 및 상품 중개업,기타 기계 및 장비 도매업,의료 기기 도매업,"◦내과, 외과 및 수의 기기 등 각종 의료 기기를 도매하는 산업활동을 말한다.
<예 시>
·의료용 가구 도매
·내과, 외과 및 수의 기기 도매
·의료용 X선 기구 도매
<제 외>
·의료용품 및 신체보정용 정형외과용품 도매(513313)
·안경(513913), 쌍안경, 사진기 및 기타 생활용 광학용품 도매(513911)",91.6,0.0,6.6
2024,515081,도매 및 소매업,도매 및 상품 중개업,기타 기계 및 장비 도매업,정밀 기기 및 과학 기기 도매업,"◦각종 정밀 기기 및 과학 기기를 도매하는 산업활동을 말한다.
<예 시>
·제도 및 측량 기구 도매
·측정 및 계량기 도매
·물리 시험 기구 도매
·과학 기구 및 장비 도매
·이화학용 기구 도매
·산업공정 측정 및 통제 기구 도매
·미촬영 영화용 필름 도매
·영화촬영기 도매
·영사기 도매
<제 외>
·의료용품 및 신체보정용 정형외과용품 도매(513313)
·안경(513913), 쌍안경, 사진기 및 기타 생활용 광학용품 도매(513911)",91.6,0.0,5.2
2024,515090,도매 및 소매업,도매 및 상품 중개업,산업용 기계 및 장비 도매업,기타 산업용 기계 및 장비 도매업,"◦식품◦섬유◦화학산업용 기계 및 장비, 비금속 광물제품 성형기계 및 장비, 각종 상업 및 서비스 산업용 기계 및 장비를 도매하는 산업활동을 포함한다.
<예 시>
·제지산업용 기계·장비 도매
·인쇄 및 제본용 기계·장비 도매
·유리 성형용 기계·장비 도매
·플라스틱 성형용 기계·장비 도매
·용접기 도매",91.7,0.0,5.3
2024,515093,도매 및 소매업,도매 및 상품 중개업,"음반 및 비디오물, 악기, 오락 및 경기용품 도매업",자전거 및 기타 운송장비 도매업,"◦리어카, 휠체어",91.7,0.0,8.0
2024,515094,도매 및 소매업,도매 및 상품 중개업,기타 기계 및 장비 도매업,수송용 운송장비 도매업,"◦자동차, 자전거를 제외한 각종 운송용 장비를 도매하는 산업활동을 말한다.
<예 시>
·기차 및 지하철 도매
·항공기 도매
·선박 도매
<제 외>
·자동차 판매(자동차 판매업의 해당 산업활동으로 분류)",91.7,0.0,8.0
2024,519111,도매 및 소매업,도매 및 상품 중개업,상품 종합 도매업,상품 종합 도매업,"◦직수출
 ·종합상품을 구매하여 직접 수출
◦대행(위탁) 수출
 ·종합상품을 구매하여 수출업자를 통하여 대행(위탁) 수출",94.0,0.0,5.2
2024,519112,도매 및 소매업,도매 및 상품 중개업,상품 종합 도매업,상품 종합 도매업,"◦자기가 직접 또는 알선·중개·대리·위수탁 등의 방법으로 수입한 산업용재화(산업용중간재 및 재생재료와, 산업용기계장비 및 관련용품에 해당되는 종목을 말한다. 다만, 대리석·석재·타일·위생도기·합판유리 등 건축자재와 직물은 제외)를 도·소매하는 업",88.4,0.0,5.3
2024,519113,도매 및 소매업,도매 및 상품 중개업,상품 종합 도매업,상품 종합 도매업,◦자기가 직접 또는 알선·중개·대리·위수탁의 방법으로 수입한 기타의 물품(519112 산업용재화 해당종목이외의 물품)을 도·소매하는 업,85.2,0.0,5.3
2024,519910,도매 및 소매업,도매 및 상품 중개업,상품 종합 도매업,상품 종합 도매업,"◦특정 상품을 전문적으로 도매하지 않고, 각종 상품을 자기계정으로 구매하여 종합적으로 도매하는 산업활동을 말한다.
<예 시>
·종합무역상사(자기 상품)
·연쇄화 사업 종합 상품 도매
·백화점, 편의점 등 체인 계약하여 상품도매
<제 외>
·수수료에 의한 종합 상품 무역 중개(511119)
·회원사 및 가맹점을 대신하여 각종상품을 구매 대리(511119)

*직수출, 대행(위탁)수출(→519111)
*수입한 산업용 재화 도소매(→519112)
*수입한 기타 물품 도소매(→519113)",93.6,0.0,5.9
2024,519991,도매 및 소매업,도매 및 상품 중개업,"음반 및 비디오물, 악기, 오락 및 경기용품 도매업","장난감 및 취미, 오락용품 도매업","◦휘, 트로피, 페난트, 뺏지, 메달 등",94.8,0.0,5.2
2024,519992,도매 및 소매업,도매 및 상품 중개업,재생용 재료 및 기타 상품 전문 도매업,그 외 기타 상품 전문 도매업,"◦그 외 달리 분류되지 않은 특정 상품을 전문적으로 도매하는 산업활동을 말한다.
<예 시>
·화약 도매
·폭약 도매
·산업용 가죽제품 도매
·유리섬유 도매
<제 외>
*총포(→513298)
*플라스틱 필름, 폴리에틸렌필름(→513415)
*아스팔트(→514122)
*기타 산업용 중간재 및 재생재료(→514990)",93.2,0.0,5.0
2024,521100,도매 및 소매업,소매업: 자동차 제외,음ㆍ식료품 위주 종합 소매업,슈퍼마켓,"◦단일 경영 주체가 일정 규모의 시설(165㎡～3,000㎡)을 갖추고 음◦식료품을 위주로 하여 각종 생활 잡화 등을 함께 소매하는 산업활동을 말한다. 체인화 편의점의 형태로 운영하는 산업활동은 제외한다.
<예 시>
·슈퍼마켓
·중형 종합 할인점
·기업형 슈퍼마켓(SSM)",95.2,0.0,2.8
2024,521910,도매 및 소매업,소매업: 자동차 제외,대형 종합 소매업,백화점,◦단일 경영 주체가 일정한 장소에서 총괄적으로 관리되는 다수의 매장으로 구획된 판매 시설을 갖추고 각종 상품을 종합적으로 소매하는 산업활동을 말한다. 일반적으로 이러한 백화점은 각 매장마다 전용 판매원이 고정 배치되어 있어 각 매장 단위로 직접 매매 및 계산활동이 이루어진다. 백화점의 형태를 가지고 있으나 내부의 각 영업 부분이 별도의 경영권을 가지고 운영되면 그 별도의 경영권을 가지는 개별적인 사업체는 종합 소매업으로 분류하지 않고 전문 소매업의 각 해당 항목에 분류한다.,92.5,0.0,4.0
2024,521911,도매 및 소매업,소매업: 자동차 제외,대형 종합 소매업,기타 대형 종합 소매업,"◦단일의 경영 체제 아래에서 대형 매장(백화점, 대형 마트 제외)을 갖추고 식료품, 의류, 가구, 가전제품, 화장품, 귀금속, 약품 등의 각종 유형의 상품을 종합적으로 소매하는 산업활동을 말한다.
<예 시>
·대형 종합 소매업(백화점, 대형 마트 제외)
·대형 아울렛
·대형 쇼핑센터
·복합 쇼핑몰",91.3,0.0,4.0
2024,521912,도매 및 소매업,소매업: 자동차 제외,대형 종합 소매업,대형 마트,"◦단일 경영 주체가 일정한 장소에서 총괄적으로 관리하는 대형 매장을 갖추고 식품, 가전, 농◦수산물, 공산품 및 각종 생활용품에 이르기까지 다양한 상품을 구비하여 셀프 서비스 방식으로 소매하는 산업활동을 말한다. 대형 마트는 회원제로 운영하는 경우와 비회원제로 운영하는 경우를 모두 포함하며 대량 구매 및 대량 판매 방식을 통한 가격 경쟁력을 확보하는 것을 특징으로 한다.
<예 시>
·대형 종합 할인점(백화점 제외)
<제 외>
·대형 아울렛(521911)
·대형 면세점(521913)
·대형 특정 상품 전문점
·대형 쇼핑센터(521911)
·복합 쇼핑몰(521911)",91.3,0.0,4.0
2024,521913,도매 및 소매업,소매업: 자동차 제외,면세점,면세점,"◦각종 상품을 종합적으로 취급하고 여행자에게 부과되는 세금(소비세, 주세, 수입품 관세 등)을 면제하여 판매하는 산업활동을 말한다. 매장면적과 관계없이 공항◦항만 면세점, 시내 면세점, 내국인 면세점 등을 모두 포함한다.
<예 시>
·공항·항만 면세점
·시내 면세점
·내국인 면세점",91.3,0.0,4.0
2024,521991,도매 및 소매업,소매업: 자동차 제외,그 외 기타 종합 소매업,그 외 기타 종합 소매업,"◦단일 경영 주체가 일정한 장소에서 매장(3,000㎡ 미만)을 갖추고 특정 상품에 특화되지 않은 시계, 주방용품, 가구, 가전제품, 액세서리 및 기타 가정용품 등의 상품을 종합적으로 소매하는 산업활동을 말한다.
<예 시>
·결혼용품 전문점(종합 상품으로 구성)
·노인용품 전문점(종합 상품으로 구성)",95.7,0.0,4.7
2024,521992,도매 및 소매업,소매업: 자동차 제외,음ㆍ식료품 위주 종합 소매업,체인화 편의점,"◦단일 경영 주체가 일정한 시설을 갖춘 매장에서 종합 상품 체인 공급업자와 체인계약을 체결하고 편의점 운영에 필요한 식료품 및 담배 위주의 각종 상품을 계속적으로 공급받아 판매(소매)하는 산업활동을 말한다.
<예 시>
·편의점",93.7,0.0,7.0
2024,522011,도매 및 소매업,소매업: 자동차 제외,신선식품 및 단순 가공식품 소매업,"곡물, 곡분 및 가축 사료 소매업","◦양곡 및 잡곡의 곡물, 곡분(제분) 등을 소매하는 산업활동을 말한다.
<예 시>
·쌀, 보리, 밀 소매
·콩, 팥 소매
·옥수수 소매
·곡물 가루 소
<제 외>
·반려애완용 동물 사료 소매(523996)

*가축용 사료 소매(→522012)",96.3,0.0,2.4
2024,522012,도매 및 소매업,소매업: 자동차 제외,신선식품 및 단순 가공식품 소매업,"곡물, 곡분 및 가축 사료 소매업",◦가축용 사료 소매,93.7,0.0,4.6
2024,522020,도매 및 소매업,소매업: 자동차 제외,신선식품 및 단순 가공식품 소매업,육류 소매업,"◦가금, 가축 및 수렵물의 도축 고기 등을 소매하는 산업활동을 말한다.
<예 시>
·돈육, 우육 소매
·가금육 소매
·조류 고기 소매
·식육점, 정육점 운영",91.2,0.0,3.6
2024,522031,도매 및 소매업,소매업: 자동차 제외,신선식품 및 단순 가공식품 소매업,"신선, 냉동 및 기타 수산물 소매업","◦각종 해산물 및 민물고기 등의 살아있는 것, 신선한 것, 냉동 및 기타 단순 가공한 수산물을 소매하는 산업활동을 말한다.
<예 시>
·수산 동물 활어, 선어 소매
·어개류(어류, 게, 새우 등) 소매
<제 외>
·조리 및 가공 수산식품 소매(522096)
·관상어(열대어 등) 소매(523996)",93.7,0.0,4.1
2024,522039,도매 및 소매업,소매업: 자동차 제외,신선식품 및 단순 가공식품 소매업,건어물 및 젓갈류 소매업,"◦해산물 및 민물고기 등을 건조, 염장한 각종 수산물을 소매하는 산업활동을 말한다.
<예 시>
·염장 및 염수장(鹽水藏) 어류 및 어란 소매
·조미하지 않은 젓갈 소매
·건어물 소매
<제 외>
·조리 및 가공 수산식품 소매(522096)
·관상어(열대어 등) 소매(523996)",91.6,0.0,3.8
2024,522040,도매 및 소매업,소매업: 자동차 제외,신선식품 및 단순 가공식품 소매업,"채소, 과실 및 뿌리작물 소매업","◦각종 채소류 및 뿌리작물을 소매하는 산업활동을 말한다. 채소류를 단순 건조, 냉동한 경우도 포함한다.
<예 시>
·채소(각종 나물) 소매
·고구마 및 감자 소매
·마늘, 도라지, 오이, 호박 소매
<제 외>
·채소 가공식품 소매(522096)

*과일 및 견과류 등 소매(→522050)",94.1,0.0,2.1
2024,522050,도매 및 소매업,소매업: 자동차 제외,신선식품 및 단순 가공식품 소매업,"채소, 과실 및 뿌리작물 소매업","◦과일 및 견과류 등을 소매하는 산업활동을 말한다. 과일류를 단순 건조, 냉동한 경우도 포함한다.
<예 시>
·과실 소매
·견과류(밤, 호두 등) 소매
·감 및 곶감 소매
<제 외>
·과실 가공식품 소매(522096)

*각종 채소류 및 뿌리작물 소매(→522040)",93.7,0.0,2.6
2024,522061,도매 및 소매업,소매업: 자동차 제외,가공식품 소매업,"빵류, 과자류 및 당류 소매업","◦빵류, 과자류, 떡류 등을 소매하는 산업활동을 말한다. 직접 제조하지 않고 체인 조직을 통하여 공급받아 소매하는 제과점도 포함한다.
<예 시>
·미과 및 생과자 소매
·떡류(송편·인절미 등) 소매
·아이스크림 소매
·껌, 캔디 소매
·피자 및 파이 소매
·햄버거 소매
·빵가루 소매
<제 외>
*설탕 소매(→522062)",90.7,0.0,4.8
2024,522062,도매 및 소매업,소매업: 자동차 제외,가공식품 소매업,"빵류, 과자류 및 당류 소매업",◦설탕,95.3,0.0,4.6
2024,522063,도매 및 소매업,소매업: 자동차 제외,"신선식품 및 단순 가공식품 소매업, 가공식품 소매업","기타 신선식품 및 단순 가공식품 소매업, 기타 가공식품 소매업","◦각종 음식료품을 직접 제조하여 그 장소에서 접객시설없이 일반대중에게 소매하는 업으로서 군밤, 군고구마, 찐옥수수, 호떡, 냉차 등과 같은 음식료품을 가공 소매",90.1,0.0,10.1
2024,522071,도매 및 소매업,소매업: 자동차 제외,음ㆍ식료품 위주 종합 소매업,기타 음ㆍ식료품 위주 종합 소매업,"◦단일 경영 주체가 일정한 시설(165㎡ 미만)을 갖추고 슈퍼마켓, 체인화 편의점 이외의 방식으로 음◦식료품을 위주로 하여 각종 생활 잡화 등을 함께 소매하는 산업활동을 말한다.",92.7,0.0,4.6
2024,522080,도매 및 소매업,소매업: 자동차 제외,음료 및 담배 소매업,담배 소매업,◦각종 담배를 소매하는 산업활동을 말한다.,96.0,0.0,7.4
2024,522081,도매 및 소매업,소매업: 자동차 제외,그 외 기타 가정용품 소매업,그 외 기타 분류 안된 가정용품 소매업,◦쓰레기봉투,95.0,0.0,5.0
2024,522082,"예술, 스포츠 및 여가관련 서비스업",스포츠 및 오락관련 서비스업,사행시설 관리 및 운영업,복권 발행 및 판매업,"◦각종 복권을 소매하는 산업활동을 말한다.
<예 시>
·복권 판매소(소매)
<제 외>
*각종 복권 도매(→512293)
*각종 복권 발행(→924906)",94.2,0.0,7.0
2024,522091,도매 및 소매업,소매업: 자동차 제외,가공식품 소매업,건강 보조식품 소매업,"◦「인삼산업법」 제2조제3호에 따른 홍삼과 홍삼제품
 ·홍삼엑기스소매",92.8,0.0,4.0
2024,522092,도매 및 소매업,소매업: 자동차 제외,그 외 기타 상품 전문 소매업,그 외 기타 분류 안된 상품 전문 소매업,"◦백삼, 수삼, 태극삼, 인삼차 등 기타인삼제품",86.3,0.0,2.7
2024,522093,도매 및 소매업,소매업: 자동차 제외,음료 및 담배 소매업,음료 소매업,◦얼음,86.1,0.0,3.3
2024,522094,도매 및 소매업,소매업: 자동차 제외,음료 및 담배 소매업,음료 소매업,"◦알코올성음료
<예 시>
·곡주, 과실주, 발효주, 양주, 탁주, 포도주 등",89.1,0.0,3.2
2024,522095,도매 및 소매업,소매업: 자동차 제외,음료 및 담배 소매업,음료 소매업,"◦비알코올 음료를 소매하는 산업활동을 말한다.
<예 시>
·생수 소매
<제 외>
*얼음(→522093)
*알코올성음료(→522094)
*우유 소매(→522098)
*자기명의로 우유·요쿠르트, 두유, 쥬스 등을 구입하여 소매하는 외판원(→522099)",88.3,0.0,7.2
2024,522096,도매 및 소매업,소매업: 자동차 제외,"신선식품 및 단순 가공식품 소매업, 가공식품 소매업","기타 신선식품 및 단순 가공식품 소매업, 기타 가공식품 소매업","◦기타 식료품을 소매하는 산업활동을 말한다. 조리 및 가공한 수산 식품을 소매하는 활동도 포함한다.
<예 시>
·벌꿀 소매
·코코아 소매
·커피, 차류 소매
·계란 및 조란 소매
·유지 소매
·국수 등 면류 제품 소매
·된장 및 고추장 소매
·어묵 및 조미 해산물 소매
·전분 소매
<제 외>
*각종 음식료품을 직접 제조하여 그 장소에서 접객시설없이 일반대중에게 소매하는 업으로서 군밤, 군고구마, 찐옥수수, 호떡, 냉차 등과 같은 음식료품을 가공 소매(→522063)",88.5,0.0,4.0
2024,522098,도매 및 소매업,소매업: 자동차 제외,음료 및 담배 소매업,음료 소매업,◦우유,93.4,0.0,2.8
2024,522099,도매 및 소매업,소매업: 자동차 제외,음료 및 담배 소매업,음료 소매업,"◦자기명의로 우유·요쿠르트, 두유, 쥬스 등을 구입하여 소매하는 외판원",93.5,0.0,2.8
2024,522101,도매 및 소매업,소매업: 자동차 제외,가공식품 소매업,건강 보조식품 소매업,"◦동․식물성 추출물, 과실 및 채소 농축물 등 액화식품과 인삼, 알로에, 지방산 등의 기능성 원료나 비타민류, 철 화합물 등을 첨가하여 만든 건강유지 또는 건강증진용 가공식품을 소매하는 산업활동을 말한다.
<예 시>
·식이섬유 가공식품 소매
·가공 건강식품 소매
·달팽이, 흑염소 추출물 소매
·알로에 가공품 소매
·인삼, 엽록소, 클로렐라 함유 가공식품 소매
·오메가-3, 레시틴, 스쿠알렌(상어간유) 등 지방산 가공식품 소매
·글루코사민, 영지버섯 자실체 추출물, 키토산, 키토올리고당 등 당 및 탄수화물류 가공식품 소매
·발효 미생물류 가공식품 소매
·아미노산 및 단백질류 가공식품 소매
·로열젤리, 효모, 효소, 화분 등 가공식품 소매
<제 외>
*홍삼과 홍삼제품(→522091)",83.2,0.0,2.8
2024,522105,도매 및 소매업,소매업: 자동차 제외,그 외 기타 상품 전문 소매업,그 외 기타 분류 안된 상품 전문 소매업,"◦한약업사
<예 시>
·약초, 한약재료 소매, 한약재상",85.8,0.0,1.5
2024,522109,도매 및 소매업,소매업: 자동차 제외,가공식품 소매업,조리 반찬류 소매업,"◦각종 재료로 만든 조리 반찬류를 소매하는 산업활동을 말한다. 판매 반찬류 중 일부를 직접 조리하여 판매하더라도 구입 상품 비중이 높은 경우에는 포함한다.
<예 시>
·반찬 소매
·반찬 가게(부가가치 기준으로 구입 상품 비중이 50%를 초과하는 경우)",91.2,0.0,7.2
2024,523111,도매 및 소매업,소매업: 자동차 제외,"의약품, 의료용 기구, 화장품 및 방향제 소매업",의약품 및 의료용품 소매업,"◦각종 의약품을 소매하는 산업활동을 말한다.
<예 시>
·소독제 소매
·가정용 방충제 및 살균제 소매
·가축 약품 소매
·드링크제 소매(의약품)
·약국
<제 외>
·한약재료 소매(522105)

*한약소매(→523114)
*가정용 또는 위생용의 의료용품 소매(→523116)",83.5,0.0,4.0
2024,523114,도매 및 소매업,소매업: 자동차 제외,"의약품, 의료용 기구, 화장품 및 방향제 소매업",의약품 및 의료용품 소매업,"◦한약소매
·의료보험에 의한 한약 제제수입 및 일반제제수입 포함",80.4,0.0,9.4
2024,523116,도매 및 소매업,소매업: 자동차 제외,"의약품, 의료용 기구, 화장품 및 방향제 소매업",의약품 및 의료용품 소매업,"◦가정용 또는 위생용의 의료용품을 소매하는 산업활동을 말한다.
<제 외>
*한약소매(→523114)
*각종 의약품 소매(→523111)",86.9,0.0,7.7
2024,523120,도매 및 소매업,소매업: 자동차 제외,"의약품, 의료용 기구, 화장품 및 방향제 소매업",의료용 기구 소매업,"◦외과 및 정형외과용 기구 등 각종 의료용 기구를 소매하는 산업활동을 말한다.
<예 시>
·보청기 소매
·뜸 치료기 소매
·수지침 소매
·혈압 측정기 소매
·의족(足), 의수(手), 의지(指) 소매",86.7,0.0,7.6
2024,523131,도매 및 소매업,소매업: 자동차 제외,"의약품, 의료용 기구, 화장품 및 방향제 소매업","화장품, 비누 및 방향제 소매업","◦각종 화장품, 비누 및 방향제 등을 소매하는 산업활동을 말한다.
<예 시>
·향수 소매
·샴푸 및 비누 소매
·세정제 및 세제 소매
·머리 염색약 소매
·탈모제 소매
·면도용 크림 소매
·화장 도구 소매
·치약 소매
·무스 및 스프레이 소매
·렌즈 클리너 소매
·구강 세척제 소매",87.2,0.0,9.2
2024,523132,도매 및 소매업,소매업: 자동차 제외,기타 무점포 소매업,방문 판매업,"◦외판원이 가정이나 사업체를 방문하여 자기 명의의 화장품등을 소매하는 산업활동을 말한다.
<예 시>
·화장품 방문 판매
<제 외>
*다단계 판매원이 가정이나 사업체를 방문하여 특정 상품 소매(→525200)",92.2,0.0,8.7
2024,523211,도매 및 소매업,소매업: 자동차 제외,"섬유, 직물 및 의복 액세서리 소매업","섬유 원단, 실 및 기타 섬유제품 소매업",◦한복지,91.9,0.0,3.4
2024,523214,도매 및 소매업,소매업: 자동차 제외,"섬유, 직물 및 의복 액세서리 소매업","섬유 원단, 실 및 기타 섬유제품 소매업","◦직물 및 편조원단, 기타 의류관련 제품 등을 소매하는 산업활동을 말한다.
<예 시>
·양복지 소매
·천막지 및 펠트지 소매
·단추 및 파스너(지퍼 등) 소매
<제 외>
·모조 장식품 소매(523961)

*한복지(→523211)
*면사, 모사, 나일론사, 인견사, 폴리에스테르사 등 화섬사, 어망사 및 솜편물사 재봉사 등(→523291)",91.1,0.0,4.5
2024,523221,도매 및 소매업,소매업: 자동차 제외,의복 소매업,속옷 및 잠옷 소매업,"◦남녀용 속옷 및 잠옷을 소매하는 산업활동을 말한다.
<예 시>
·러닝 소매
·브래지어 소매
·잠옷 소매
<제 외>
·유아용 속옷 소매(523223)",90.2,0.0,5.8
2024,523223,도매 및 소매업,소매업: 자동차 제외,의복 소매업,유아용 의류 소매업,"◦유아용 겉옷 및 속옷을 소매하는 산업활동을 말한다.
<예 시>
·유아용 겉옷 소매
·유아용 속옷 소매",90.2,0.0,4.5
2024,523231,도매 및 소매업,소매업: 자동차 제외,의복 소매업,셔츠 및 블라우스 소매업,"◦겉옷과 속옷을 제외한 남녀용 셔츠, 와이셔츠, 블라우스 등을 소매하는 산업활동을 말한다.
<예 시>
·니트 의복 소매
·티셔츠 및 셔츠류 소매
·블라우스 소매",89.0,0.0,4.0
2024,523233,도매 및 소매업,소매업: 자동차 제외,의복 소매업,남자용 겉옷 소매업,"◦주로 남자용 정장류, 코트류, 예복류, 재킷, 파카, 슈트, 바지 등의 겉옷(외의)을 소매하는 산업활동을 말한다.
<예 시>
·남자용 코트 소매
·양복 조끼 소매
·남자용 재킷, 파카, 바지, 평상복 소매",89.0,0.0,5.9
2024,523234,도매 및 소매업,소매업: 자동차 제외,의복 소매업,여자용 겉옷 소매업,"◦주로 여자용 정장류, 코트류, 예복류, 재킷, 파카, 슈트, 스커트, 바지 등의 겉옷(외의)을 소매하는 산업활동을 말한다.
<예 시>
·여자용 코트 소매
·여자용 정장류 소매
·여자용 재킷, 파카, 바지, 평상복 소매
·스커트 소매",89.0,0.0,8.5
2024,523235,도매 및 소매업,소매업: 자동차 제외,의복 소매업,한복 소매업,"◦자기가 한복을 직접 제조하지 않고 기성복 형태로 제조된 한복을 구입하여 소매하는 산업활동을 말한다.
<예 시>
·개량 한복 소매
·기성 한복 소매
<제 외>
·한복 맞춤집(181209)",89.0,0.0,8.2
2024,523236,도매 및 소매업,소매업: 자동차 제외,의복 소매업,가죽 및 모피 의복 소매업,"◦남녀용 가죽 및 모피 의복을 소매하는 산업활동을 말한다.
<예 시>
·가죽제 의복 소매
·모피제 의류 소매
<제 외>
·가죽제 가방 및 기타 가죽제품 소매(523260,523993)",89.0,0.0,5.9
2024,523237,도매 및 소매업,소매업: 자동차 제외,의복 소매업,기타 의복 소매업,"◦남녀용 교복, 제복, 단체복, 작업복, 근무복, 수영복 등을 소매하는 산업활동을 말한다.
<예 시>
·교복 소매
·단체복, 작업복 소매
·수영복 소매
<제 외>
*등산용의류 소매(→523935)
*스포츠의류 소매(→523936)",89.0,0.0,4.9
2024,523241,도매 및 소매업,소매업: 자동차 제외,신발 소매업,신발 소매업,"◦구두, 캐주얼화",88.1,0.0,5.8
2024,523242,도매 및 소매업,소매업: 자동차 제외,신발 소매업,신발 소매업,"◦각종 재료의 신발을 소매하는 산업활동을 말한다.
<예 시>
·운동화 소매
·각반, 나무 신발 소매
·신발 끈 소매
<제 외>
·등산화 소매(523932)

*구두, 캐주얼화 소매(→523241)",91.2,0.0,6.3
2024,523252,도매 및 소매업,소매업: 자동차 제외,"섬유, 직물 및 의복 액세서리 소매업",의복 액세서리 및 모조 장신구 소매업,"◦각종 의복 액세서리를 소매하는 산업활동을 말한다.
<예 시>
·넥타이 소매
·모자 및 장갑 소매
·스카프, 머플러, 숄 소매
·모피제 의복 액세서리 소매
·양말 및 스타킹 소매
<제 외>
*가발 소매(→524000)
*각종 모조 장신구 소매(→523292)",89.1,0.0,8.1
2024,523260,도매 및 소매업,소매업: 자동차 제외,가방 및 기타 가죽제품 소매업,가방 및 기타 가죽제품 소매업,"◦가방 및 기타 가죽제품을 전문적으로 소매하는 산업활동을 말한다.
<예 시>
·핸드백 및 지갑 소매
·트렁크 소매
·보호용 케이스 소매
<제 외>
·장갑(523252) 및 의복 벨트 소매(523292)

*피혁류(→523993)",89.2,0.0,6.9
2024,523291,도매 및 소매업,소매업: 자동차 제외,"섬유, 직물 및 의복 액세서리 소매업","섬유 원단, 실 및 기타 섬유제품 소매업","◦면사, 모사(소모사, 방모사 등), 나일론사, 인견사, 폴리에스테르사 등 화섬사, 어망사 및 솜편물사 재봉사 등",91.6,0.0,1.9
2024,523292,도매 및 소매업,소매업: 자동차 제외,"섬유, 직물 및 의복 액세서리 소매업",의복 액세서리 및 모조 장신구 소매업,"◦각종 모조 장신구를 소매하는 산업활동을 말한다.
<예 시>
·버클(요대) 소매
·머리핀 소매
·넥타이핀 소매
·귀걸이(귀금속 제외) 소매
<제 외>
·모조 장식품 소매(523961)

*가발 소매(→524000)
*각종 의복 액세서리 소매(→523252)",88.5,0.0,6.2
2024,523311,도매 및 소매업,소매업: 자동차 제외,가구 소매업,가구 소매업,"◦철제책상, 걸상, 캐비넷 등의 금속제가구",92.0,0.0,6.1
2024,523312,도매 및 소매업,소매업: 자동차 제외,가구 소매업,가구 소매업,"◦목재 가구 등 각종 가구를 전문적으로 소매하는 산업활동을 말한다.
<예 시>
·등 가구 소매
·화장대 소매
·책상 및 걸상 소매
·침대 소매
·응접 세트 소매
·사무용 가구 소매
<제 외>
*금속제가구(→523311)
*가구 전문 판매 대리점(성실신고 회원)(→523314)
*싱크대(→523331)",89.5,0.0,4.4
2024,523314,도매 및 소매업,소매업: 자동차 제외,가구 소매업,가구 소매업,◦가구전문 제조업체와의 판매대리점 계약에 따라 해당 제조업체의 가구만을 소매하는 업소로서 성실신고회원조합에 가입한 사업자,89.2,0.0,3.2
2024,523321,도매 및 소매업,소매업: 자동차 제외,가전제품 소매업,가전제품 소매업,"◦영상 기기, 음향 기기, 전열 기기 등 가정용 전기 기기 및 비전기식 조리 기기를 소매하는 산업활동을 말한다.
<예 시>
·안테나(위성 포함) 소매
·믹서, 녹즙기, 토스트기 소매
·노래방 기기 소매
·전기 면도기, 헤어 드라이기 소매
·가스 누설 경보기 소매
·환풍기 소매
·전자 레인지 소매
·전기식 이·미용 기기 소매
·가정용 정미기 소매
·VTR카메라 소매
<제 외>
·보일러 소매(523412)
·전화기 소매(523323)

*가스 레인지 소매(→523330)
*전기식 정수기(→523390)",92.8,0.0,5.6
2024,523323,도매 및 소매업,소매업: 자동차 제외,"컴퓨터 및 주변장치, 소프트웨어 및 통신기기 소매업",통신기기 소매업,"◦통신용 기기를 소매하는 산업활동을 말한다.
<예 시>
·핸드폰 소매
·전화기 소매
·호출기 소매
·카폰 소매
·무전기 소매
·기타 통신기기 소매",86.7,0.0,18.9
2024,523330,도매 및 소매업,소매업: 자동차 제외,가전제품 소매업,가전제품 소매업,◦가스레인지,90.1,0.0,3.3
2024,523331,도매 및 소매업,소매업: 자동차 제외,가구 소매업,가구 소매업,"◦싱크대
<예 시>
·조리대, 싱크대(개수대)",90.6,0.0,4.1
2024,523332,도매 및 소매업,소매업: 자동차 제외,그 외 기타 가정용품 소매업,"주방용품 및 가정용 유리, 요업제품 소매업","◦각종 식탁용품, 주방용품과 가정용 요업제품을 소매하는 산업활동을 말한다.
<예 시>
·가정용 식기 소매
·칼 및 도마 소매
·식탁용품 소매
·항아리(옹기) 소매
·밥솥(철재, 비전기식) 소매
·가정용 도자기제품 소매
·비전기식 면도기 소매
<제 외>
·가전제품 소매(523321)
·장식용 도자기 제품 소매(523951)
·그림, 사진 등을 포함한 액자 소매(523961)

*가정용 유리제품(→523422)",90.6,0.0,3.9
2024,523341,도매 및 소매업,소매업: 자동차 제외,그 외 기타 가정용품 소매업,악기 소매업,◦피아노,90.2,0.0,2.1
2024,523349,도매 및 소매업,소매업: 자동차 제외,그 외 기타 가정용품 소매업,악기 소매업,"◦현악기, 타악기, 관악기 및 전통 악기 등 각종 악기를 소매하는 산업활동을 말한다.
<예 시>
·타악기(드럼, 팀파니 등) 소매
·전통악기(북, 장구 등) 소매
·현악기(바이올린 등) 소매
·관악기(플루트, 트럼펫 등) 소매
·전자악기(전자 기타 등) 소매
<제 외>
·음반 및 비디오 테이프 소매(523980)

*건반악기(피아노 등) 소매(→523341)",89.6,0.0,4.2
2024,523352,도매 및 소매업,소매업: 자동차 제외,그 외 기타 가정용품 소매업,전기용품 및 조명장치 소매업,"◦전기용품, 옥내 배선 및 조명장치 등 각종 조명 및 전기장치를 소매하는 산업활동을 말한다.
<예 시>
·변압기(가정용) 소매
·전구 및 램프 소매
·콘센트 소매
·플러그 소매
·전기 스탠드 소매
·스위치 소매",88.7,0.0,6.2
2024,523361,도매 및 소매업,소매업: 자동차 제외,"섬유, 직물 및 의복 액세서리 소매업",가정용 직물제품 소매업,"◦커튼 및 천막
◦카페트
 ·융단 등 카페트, 양탄자류",87.5,0.0,6.2
2024,523363,도매 및 소매업,소매업: 자동차 제외,"섬유, 직물 및 의복 액세서리 소매업",가정용 직물제품 소매업,"◦가정용 직물제품을 소매하는 산업활동을 말한다.
<예 시>
·가정용 침구류 소매(베게, 이불)
·수건, 타월 소매
·수예품 소매
·린넨 소매
·방석 소매
<제 외>
*커튼 및 천막, 카페트 소매(→523361)",90.1,0.0,4.4
2024,523370,도매 및 소매업,소매업: 자동차 제외,그 외 기타 가정용품 소매업,그 외 기타 분류 안된 가정용품 소매업,"◦고공품 및 돗자리
·가마니, 새끼 등 고공품, 돗자리 등 자리제품
◦각종 등 세공품, 조물제품 및 기타 목제품
◦죽세공품",90.6,0.0,4.4
2024,523390,도매 및 소매업,소매업: 자동차 제외,가전제품 소매업,가전제품 소매업,◦전기식 정수기,89.3,0.0,8.4
2024,523391,도매 및 소매업,소매업: 자동차 제외,그 외 기타 가정용품 소매업,그 외 기타 분류 안된 가정용품 소매업,"◦기타 가정용 기기 및 용품 등을 소매하는 산업활동을 말한다.
<예 시>
·비닐백 및 쇼핑백 소매
<제 외>
·가스 스토브, 가스 및 기름 보일러 소매(523412)
·화문석 소매(523910)

*쓰레기봉투(→522081)
*고공품 및 돗자리, 각종 등 세공품, 조물제품 및 기타 목제품, 죽세공품(→523370)
*우산, 양산 소매(→523981)
*이 · 미용기구(→523982)",89.3,0.0,5.8
2024,523411,도매 및 소매업,소매업: 자동차 제외,"철물, 공구, 창호 및 건설자재 소매업",철물 및 난방용구 소매업,"◦일반 철물을 소매하는 산업활동을 말한다.
<예 시>
·앵글 소매
·열쇠 소매
<제 외>
·수공구, 전동공구 소매(524001)

*비전기식의 난방용 기기 소매(→523412)",90.1,0.0,3.5
2024,523412,도매 및 소매업,소매업: 자동차 제외,"철물, 공구, 창호 및 건설자재 소매업",철물 및 난방용구 소매업,"◦비전기식의 난방용 기기를 소매하는 산업활동을 말한다.
<예 시>
·가스 및 기름 보일러 소매
·가스 및 휘발유 스토브 소매
·석유 난로 소매
<제 외>
*일반 철물 소매(→523411)",89.3,0.0,4.8
2024,523413,도매 및 소매업,소매업: 자동차 제외,"철물, 공구, 창호 및 건설자재 소매업",공구 소매업,"◦농업용 기계공구
◦농업용 수공구(삽, 괭이, 호미, 낫 등)",95.1,0.0,4.0
2024,523421,도매 및 소매업,소매업: 자동차 제외,"철물, 공구, 창호 및 건설자재 소매업","페인트, 창호 및 기타 건설자재 소매업","◦도료
<예 시>
·유성 및 수성페인트, 바니쉬, 래커, 형광도료 등 각종 도료",86.6,0.0,5.2
2024,523422,도매 및 소매업,소매업: 자동차 제외,그 외 기타 가정용품 소매업,"주방용품 및 가정용 유리, 요업제품 소매업","◦가정용 유리제품
<예 시>
·유리
·유리제품",89.1,0.0,8.5
2024,523491,도매 및 소매업,소매업: 자동차 제외,"철물, 공구, 창호 및 건설자재 소매업","페인트, 창호 및 기타 건설자재 소매업",◦시멘트,91.9,0.0,6.1
2024,523492,도매 및 소매업,소매업: 자동차 제외,"철물, 공구, 창호 및 건설자재 소매업","페인트, 창호 및 기타 건설자재 소매업","◦철근, 각종 타일, 위생용도기 ",88.9,0.0,4.3
2024,523494,도매 및 소매업,소매업: 자동차 제외,"철물, 공구, 창호 및 건설자재 소매업","페인트, 창호 및 기타 건설자재 소매업","◦하드보드, 목재류
<예 시>
·기타 합판류
·건축용 목재류",89.6,0.0,3.4
2024,523499,도매 및 소매업,소매업: 자동차 제외,"철물, 공구, 창호 및 건설자재 소매업","페인트, 창호 및 기타 건설자재 소매업","◦창호 및 기타 건설자재를 일반 소비자(자가 사용자)에게 소매하는 산업활동을 말한다.
<예 시>
·묘석 소매
·물탱크 소매
·벽돌, 대리석 소매
·조립식 건축자재 소매
·창호 및 문 소매
·스티로폼 소매
·단열재 소매
<제 외>
·건설업자를 대상으로 도료, 페인트, 건설자재, 창호를 판매할 경우(해당 건축자재 도매 산업활동으로 분류)
·주방용 유리용기 소매(523422)

*도료(→523421)
*시멘트(→523491)
*철근, 각종 타일, 위생용도기 (→523492)
*하드보드, 목재류(→523494)",89.1,0.0,7.2
2024,523511,도매 및 소매업,소매업: 자동차 제외,서적 및 문구용품 소매업,"서적, 신문 및 잡지류 소매업","◦각종 서적, 신문, 잡지 및 각종 인쇄물을 소매하는 산업활동을 말한다.
<예 시>
·서점 및 잡지 소매점
·외국 서적 및 어학 교재 소매
·회화 테이프 소매
·달력(캘린더), 복제 사진 및 연하장 소매
·음반, 비디오물 이외의 출판물을 수록한 전자 매체 소매
<제 외>
·범용성 소프트웨어 소매(523531)
·음반 및 비디오 기록물 소매(523980)

*교구(초·중·고교용)(→523521)",92.8,0.0,6.8
2024,523520,도매 및 소매업,소매업: 자동차 제외,서적 및 문구용품 소매업,문구용품 및 회화용품 소매업,"◦문구용구, 필기용구와 회화용품을 소매하는 산업활동을 말한다.
<예 시>
·노트, 일기장, 앨범 소매
·물감, 크레용, 붓 소매
·인쇄 용지 또는 필기 용지 소매
·공테이프, 공CD, 공디스켓 소매
·풀, 접착 테이프 소매
<제 외>
*도장(인장류)(→523983)",90.1,0.0,6.3
2024,523521,도매 및 소매업,소매업: 자동차 제외,서적 및 문구용품 소매업,"서적, 신문 및 잡지류 소매업",◦교구(초·중·고교용),90.1,0.0,3.2
2024,523531,도매 및 소매업,소매업: 자동차 제외,"컴퓨터 및 주변장치, 소프트웨어 및 통신기기 소매업","컴퓨터 및 주변장치, 소프트웨어 소매업","◦컴퓨터 및 주변 기기류와 범용성 소프트웨어를 소매하는 산업활동을 말한다.
<예 시>
·컴퓨터 소매
·범용성 소프트웨어 소매
·프린트기 소매
·바코드 리더기 소매",88.2,0.0,9.9
2024,523532,도매 및 소매업,소매업: 자동차 제외,"사무용 기기, 안경, 사진장비 및 정밀기기 소매업",사무용 기기 소매업,"◦사무용 기기를 소매하는 산업활동을 말한다.
<예 시>
·계산기 소매
·복사기 소매
·금전 등록기 소매
·팩시밀리 소매
·타자기 소매
<제 외>
·사무용 가구 소매(523312)",89.4,0.0,10.3
2024,523541,도매 및 소매업,소매업: 자동차 제외,"사무용 기기, 안경, 사진장비 및 정밀기기 소매업",안경 및 렌즈 소매업,"◦콘택트 렌즈, 선글라스를 포함하여 각종 안경 및 렌즈를 소매하는 산업활동을 말한다.",82.0,0.0,7.7
2024,523550,도매 및 소매업,소매업: 자동차 제외,"사무용 기기, 안경, 사진장비 및 정밀기기 소매업",사진기 및 사진용품 소매업,"◦사진기 및 사진용품을 소매하는 산업활동을 말한다.
<예 시>
·사진기 소매
·사진용 화학 물질 소매
·사진 필름 소매
·사진 장비 소매",87.2,0.0,2.0
2024,523552,도매 및 소매업,소매업: 자동차 제외,"사무용 기기, 안경, 사진장비 및 정밀기기 소매업",기타 광학 및 정밀 기기 소매업,"◦각종 광학용품 및 정밀 기기를 소매하는 산업활동을 말한다.
<예 시>
·정밀 기기 소매
·현미경 소매
·쌍안경 및 망원경 소매
·영사기 소매
·프리즘 소매
·측량기 소매
<제 외>
·안경 및 렌즈 소매(523541)
·카메라(사진용) 소매(523550)",87.2,0.0,4.6
2024,523611,도매 및 소매업,소매업: 자동차 제외,가정용 연료 소매업,가정용 고체 연료 소매업,"◦연탄, 연탄배달판매",97.5,0.0,3.1
2024,523612,도매 및 소매업,소매업: 자동차 제외,가정용 연료 소매업,가정용 고체 연료 소매업,"◦무연탄
◦연탄을 제외한 석탄연료
◦유연탄, 토탄",96.1,0.0,3.0
2024,523619,도매 및 소매업,소매업: 자동차 제외,가정용 연료 소매업,가정용 고체 연료 소매업,"◦기타 고체 연료를 소매하는 산업활동을 말한다.
<예 시>
·착화탄(번개탄) 소매
·화목 및 목탄 소매
<제 외>
*연탄, 연탄배달판매(→523611)
*무연탄, 연탄을 제외한 석탄연료, 유연탄, 토탄 소매(→523612)",92.8,0.0,2.7
2024,523621,도매 및 소매업,소매업: 자동차 제외,가정용 연료 소매업,가정용 액체 연료 소매업,"◦조명, 난방 및 취사용 유류 및 기타 액체연료를 소매하는 산업활동을 말한다.
<예 시>
·휘발유 소매
·석유 및 등유 소매
·경유 소매
·벙커유 소매
<제 외>
·차량용 액체 연료 소매(505001)",95.1,0.0,2.1
2024,523630,도매 및 소매업,소매업: 자동차 제외,가정용 연료 소매업,가정용 가스 연료 소매업,"◦가정 소비용 가스를 직접 충전하여 주거나 용기에 충전된 가정용 가스 연료를 소매하는 산업활동을 말한다.
<예 시>
·부탄 가스 소매
·프로판 가스 소매
·액화 석유 가스(LPG) 소매
·액화 천연 가스(LNG) 소매
<제 외>
·차량용 기체 연료 소매(505002)",94.0,0.0,5.2
2024,523910,도매 및 소매업,소매업: 자동차 제외,"철물, 공구, 창호 및 건설자재 소매업","벽지, 마루덮개 및 장판류 소매업","◦각종 벽지, 창호지, 장판지, 바닥재, 마루덮개 등을 소매하는 산업활동을 말한다.
<예 시>
·벽지 소매
·창호지 소매
·마루덮개 소매
·장판지 소매
·화문석 소매
·비닐 장판 및 모노륨 등 바닥재 소매",89.2,0.0,5.5
2024,523921,도매 및 소매업,소매업: 자동차 제외,시계 및 귀금속 소매업,시계 및 귀금속 소매업,◦제품화하거나 세공하지 않은 황금,88.5,0.0,5.1
2024,523922,도매 및 소매업,소매업: 자동차 제외,시계 및 귀금속 소매업,시계 및 귀금속 소매업,"◦귀금속, 귀석 및 준귀석의 장신구를 소매하는 산업활동을 말한다.
<예 시>
·금·은 세공품 소매
·옥제품 소매
·귀금속제 반지·귀걸이 소매
<제 외>
*시계 소매(→523923)
*제품화하거나 세공하지 않은 황금(→523921)",82.3,0.0,3.6
2024,523923,도매 및 소매업,소매업: 자동차 제외,시계 및 귀금속 소매업,시계 및 귀금속 소매업,"◦시계를 소매하는 산업활동을 말한다.
<예 시>
·시계(손목·벽·탁상시계) 소매
<제 외>
*귀금속, 귀석 및 준귀석의 장신구 소매(→523922)
*제품화하거나 세공하지 않은 황금(→523921)",86.5,0.0,4.1
2024,523931,도매 및 소매업,소매업: 자동차 제외,운동용품 및 자전거 소매업,운동 및 경기용품 소매업,"◦골프장비
<예 시>
·가정용골프네트",88.9,0.0,5.1
2024,523932,도매 및 소매업,소매업: 자동차 제외,운동용품 및 자전거 소매업,운동 및 경기용품 소매업,"◦운동, 스포츠 및 경기용품을 소매하는 산업활동을 말한다.
<예 시>
·등산 장비(텐트, 등산화 포함) 소매
·펜싱, 검도 장비 소매
·헬스 기구 소매
·코트 및 필드경기 장비 소매
<제 외>
·낚시장비 소매(523940)

*골프장비(→523931)",89.7,0.0,5.5
2024,523935,도매 및 소매업,소매업: 자동차 제외,의복 소매업,기타 의복 소매업,◦등산용의류,89.7,0.0,2.1
2024,523936,도매 및 소매업,소매업: 자동차 제외,의복 소매업,기타 의복 소매업,◦스포츠의류,89.7,0.0,5.3
2024,523940,도매 및 소매업,소매업: 자동차 제외,"게임용구, 인형 및 장난감 소매업","게임용구, 인형 및 장난감 소매업","◦오락용 게임용구 및 장비와 각종 재료의 인형 및 장난감을 소매하는 산업활동을 말한다.
<예 시>
·낚시장비 소매
·게임기 및 게임팩(game pack) 소매
·당구장비 소매
·바둑용구 소매
·화투, 트럼프 소매
·조립 완구 소매
·어망소매",90.1,0.0,6.2
2024,523951,도매 및 소매업,소매업: 자동차 제외,"예술품, 기념품 및 장식용품 소매업",예술품 및 골동품 소매업,"◦미술품, 공예품, 예술품 등 각종 창작 예술품을 소매하는 산업활동을 말한다. 가정용으로 사용되는 도자기 등과 같이 예술적 성격을 가지지 않는 상품은 제외한다.
<예 시>
·조각품 소매
·장식용 도자기 소매
·목조 공예품 소매
·고려청자, 이조백자 등 소매
·조각품 소매
·고서적 소매(일반 중고 서적 제외)
<제 외>
*화랑에서의 창작성 예술품, 화랑대관수입 포함(→523952)",86.7,0.0,9.1
2024,523952,도매 및 소매업,소매업: 자동차 제외,"예술품, 기념품 및 장식용품 소매업",예술품 및 골동품 소매업,"◦화랑
·화랑에서의 창작성 예술품
·화랑대관수입 포함
·화랑임대, 개인화랑, 갤러리경영업",87.6,0.0,9.8
2024,523954,도매 및 소매업,소매업: 자동차 제외,그 외 기타 상품 전문 소매업,그 외 기타 분류 안된 상품 전문 소매업,"◦수석
<예 시>
·수석가공",88.9,0.0,6.5
2024,523961,도매 및 소매업,소매업: 자동차 제외,"예술품, 기념품 및 장식용품 소매업","기념품, 관광 민예품 및 장식용품 소매업","◦각종 기념품, 조화, 관광 민예품 및 장식용품 등을 소매하는 산업활동을 말한다.
<예 시>
·기념품 및 기념 메달 소매
·모조 장식품 소매
·크리스마스 트리 장식품(전구 제외) 소매
·선물가게
·조화 소매
·휘장(귀금속제 제외) 소매
·액자(그림, 사진 등 내장품) 소매
·박제(동물) 소매
·칠기공예품(나전칠기 포함) 소매",89.9,0.0,9.5
2024,523970,도매 및 소매업,소매업: 자동차 제외,운동용품 및 자전거 소매업,자전거 및 기타 운송장비 소매업,"◦자전거 등 기타 개인용 운송장비를 소매하는 산업활동을 말한다. 자전거 소매와 수리를 병행하는 경우도 포함한다.
<예 시>
·자전거 및 자전거 부품 소매
·개인용 비동력식 운송장비 소매
·유모차 소매
<제 외>
·자동차 소매(501201,501202) 
·이륜 자동차 소매(504002)",91.9,0.0,3.3
2024,523980,도매 및 소매업,소매업: 자동차 제외,음반 및 비디오물 소매업,음반 및 비디오물 소매업,"◦음악 및 영상물을 수록한 테이프, 레코드, CD, DVD 등을 소매하는 산업활동을 말한다.
<예 시>
·음악 테이프 소매
·음악 콤팩트 디스크 소매
·비디오 테이프 소매
·비디오 콤팩트 디스크 소매
<제 외>
·음악, 비디오 이외의 기록 매체 출판물 소매(523511)
·범용성 소프트웨어 소매(523531)
·공테이프, 공CD, 공디스크, 공플로피 디스켓 소매(523520)
·음악 파일 내려 받기(다운로드) 서비스(724000)",90.1,0.0,1.0
2024,523981,도매 및 소매업,소매업: 자동차 제외,그 외 기타 가정용품 소매업,그 외 기타 분류 안된 가정용품 소매업,"◦우산, 양산",90.6,0.0,1.8
2024,523982,도매 및 소매업,소매업: 자동차 제외,그 외 기타 가정용품 소매업,그 외 기타 분류 안된 가정용품 소매업,◦이 · 미용기구,90.0,0.0,6.3
2024,523983,도매 및 소매업,소매업: 자동차 제외,서적 및 문구용품 소매업,문구용품 및 회화용품 소매업,◦도장(인장류),86.6,0.0,4.6
2024,523984,도매 및 소매업,소매업: 자동차 제외,그 외 기타 상품 전문 소매업,그 외 기타 분류 안된 상품 전문 소매업,◦우표,98.3,0.0,4.6
2024,523985,도매 및 소매업,소매업: 자동차 제외,그 외 기타 상품 전문 소매업,그 외 기타 분류 안된 상품 전문 소매업,◦인지,99.6,0.0,4.6
2024,523986,도매 및 소매업,소매업: 자동차 제외,그 외 기타 상품 전문 소매업,그 외 기타 분류 안된 상품 전문 소매업,"◦소방기구
<예 시>
·방화기구, 소방용기구(가정용)",87.7,0.0,6.5
2024,523987,도매 및 소매업,소매업: 자동차 제외,그 외 기타 상품 전문 소매업,화초 및 식물 소매업,◦종자,90.5,0.0,6.7
2024,523988,도매 및 소매업,소매업: 자동차 제외,그 외 기타 상품 전문 소매업,화초 및 식물 소매업,"◦화초 및 살아있는 식물, 종묘 등을 소매하는 산업활동을 말한다.
<예 시>
·분재류 소매
·잔디 소매
·난 및 꽃 소매
·관상수 및 조경수 소매
·종묘 소매
<제 외>
*종자(→523987)",86.7,0.0,7.1
2024,523990,"사업시설 관리, 사업지원 및 임대 서비스업",사업지원 서비스업,기타 여행 보조 및 예약 서비스업,기타 여행 보조 및 예약 서비스업,◦버스표,98.3,0.0,32.1
2024,523993,도매 및 소매업,소매업: 자동차 제외,가방 및 기타 가죽제품 소매업,가방 및 기타 가죽제품 소매업,"◦피혁류
<예 시>
·가죽수공예재료",91.1,0.0,7.8
2024,523994,도매 및 소매업,소매업: 자동차 제외,그 외 기타 상품 전문 소매업,그 외 기타 분류 안된 상품 전문 소매업,"◦살충제, 살균제, 쥐약, 성장조절제등 농업용 약품",91.7,0.0,3.0
2024,523995,도매 및 소매업,소매업: 자동차 제외,그 외 기타 상품 전문 소매업,그 외 기타 분류 안된 상품 전문 소매업,◦비료,96.6,0.0,6.8
2024,523996,도매 및 소매업,소매업: 자동차 제외,그 외 기타 상품 전문 소매업,반려용동물 및 관련용품 소매업,"◦반려용･애완용 동물 및 관련 용품을 소매하는 산업활동을 말한다.
<예 시>
·반려･애완 동물 소매                    ·반려용･애완용 동물 사료 소매          
·관상어(열대어 등) 소매
<제 외>
·가축용 사료 소매(522012)",84.5,0.0,10.7
2024,523999,도매 및 소매업,소매업: 자동차 제외,그 외 기타 상품 전문 소매업,그 외 기타 분류 안된 상품 전문 소매업,"◦달리 분류되지 않은 기타 특정 상품 신품을 소매하는 산업활동을 포함한다.
<예 시>
·총포 소매
·비전기식 재봉기 소매
·우지
·외국군불하물자
<제 외>
*백삼, 수삼, 태극삼, 인삼차 등 기타인삼제품(→522092)
*한약업사(→522105)
*살충제, 살균제, 쥐약, 성장조절제등 농업용 약품(→523994)
*수석(→523954), 우표(→523984), 인지(→523985), 소방기구(→523986), 비료(→523995)",85.2,0.0,5.4
2024,524000,도매 및 소매업,소매업: 자동차 제외,"섬유, 직물 및 의복 액세서리 소매업",의복 액세서리 및 모조 장신구 소매업,◦가발,85.2,0.0,5.6
2024,524001,도매 및 소매업,소매업: 자동차 제외,"철물, 공구, 창호 및 건설자재 소매업",공구 소매업,"◦비동력식 수공구 및 각종 수지식 동력 기계공구(전동공구, 절삭공구, 공작공구 등)를 소매하는 산업활동을 말한다.
<예 시>
·비동력식 수공구 소매업
·전동공구 소매업
·절삭공구 소매업
<제 외>
.전기식 잔디 깎기 도매업(515020)

*농업용 기계공구,수공구 소매업(→523413)",85.2,0.0,8.6
2024,524010,도매 및 소매업,소매업: 자동차 제외,중고 상품 소매업,중고 가구 소매업,"◦중고 가구를 소매하는 산업활동을 말한다.
<예 시>
·중고 장롱 소매
·중고 주방 가구 소매
·중고 침대 소매
·중고 등가구 소매",87.9,0.0,4.6
2024,524020,도매 및 소매업,소매업: 자동차 제외,중고 상품 소매업,기타 중고 상품 소매업,"◦중고서적 소매
<예 시>
·헌책방",92.4,0.0,4.9
2024,524091,도매 및 소매업,소매업: 자동차 제외,중고 상품 소매업,기타 중고 상품 소매업,"◦고철, 고동(古銅) 등
◦공병, 폐지, 넝마, 폐고무 등 각종고물",94.9,0.0,4.4
2024,524092,도매 및 소매업,소매업: 자동차 제외,중고 상품 소매업,중고 가전제품 및 통신장비 소매업,"◦중고의 가정용 영상 기기, 음향 기기, 통신 기기, 전열 기기 등 가정용 전기 기기를 소매하는 산업활동을 말한다.
<예 시>
·중고 세탁기, 에어컨 소매
·중고 전기 다리미 소매
·중고 비디오, 오디오 소매
·중고 전기 청소기 소매
·중고 노래방 기기 소매
·중고 휴대폰 소매",90.1,0.0,9.6
2024,524093,도매 및 소매업,소매업: 자동차 제외,중고 상품 소매업,기타 중고 상품 소매업,"◦달리 분류되지 않은 각종 중고 상품을 전문적으로 소매하는 산업활동을 포함한다.
<예 시>
·중고 악기 소매
·저당물 소매
<제 외>
*중고서적 소매(→524020)
*고철 등 각종고물(→524091)",90.1,0.0,2.3
2024,525101,도매 및 소매업,소매업: 자동차 제외,통신 판매업,전자상거래 소매업,"◦일반 대중을 대상으로 온라인 통신망(사회관계망서비스(SNS)채널은 제외한다)을 통하여 각종 상품을 소매하는 산업활동을 말한다.
<예 시>
·상품 전자상거래 판매(오픈마켓 판매자 포함)
<제 외>
·전자상거래 소매 중개 및 소셜커머스(525103)
·제조 사업체가 전자상거래 방식으로 제조한 제품을 판매하는 경우에는 해당 제품 제조업으로 분류
·도매 사업체가 전자상거래 방식으로 사업자를 대상으로 상품을 도매하는 경우 도매업으로 분류
·소비자를 대상으로 직접 소매하는 일정 매장을 운영하면서 전자상거래 방식으로 소매를 병행하는 경우 521～524로 분류
·각종 정보 및 기타 서비스를 전자상거래 방식으로 제공하는 경우 서비스 유형별로 분류",86.0,0.0,9.5
2024,525102,도매 및 소매업,소매업: 자동차 제외,통신 판매업,기타 통신 판매업,"◦온라인 통신망 이외의 기타 통신수단에 의하여 각종 상품을 소매하는 산업활동을 말한다.
<예 시>
·인쇄물 광고형 소매
·카탈로그(상품안내서, catalog)형 소매
·전화 소매
·우편 소매
·TV 홈쇼핑
·통신 판매 중개",87.6,0.0,11.8
2024,525103,도매 및 소매업,소매업: 자동차 제외,통신 판매업,전자상거래 소매 중개업,"◦개인 또는 소규모 업체가 온라인상에서 재화나 용역을 판매할 수 있도록  중개업무를 담당하는 산업활동을 말한다.
<예 시>
·소셜 커머스(할인 쿠폰 공동 구매형 전자상거래 중개)
·전자상거래 소매 중개(오픈마켓 사업자)
<제 외>
·오픈마켓 판매자(525101)
·SNS마켓(525104)
·해외직구대행업(525105)
·각종 정보 및 기타 서비스를 전자상거래 방식으로 제공하는 경우 서비스 유형별로 분류",86.0,0.0,12.5
2024,525104,도매 및 소매업,소매업: 자동차 제외,통신 판매업,SNS마켓,"◦블로그·카페 등 각종 사회관계망서비스(SNS)채널을 이용하여 물품판매, 구매, 알선·중개 등을 통해 수익을 얻는 산업활동을 말한다.
*(사회관계망서비스) 특정한 관심이나 활동을 공유하는 사람들 사이의 관계를 구축해주는 온라인 서비스(페이스북, 트위터 등)",86.0,0.0,8.3
2024,525105,도매 및 소매업,소매업: 자동차 제외,통신 판매업,해외직구대행업,"◦ 온라인 몰을 통해 해외에서 구매 가능한 재화 등에 대하여 정보를 제공하고 온라인 몰 이용자의 청약을 받아, 해당 재화 등을 이용자의 명의로 대리하여 구매한 후 이용자에게 전달해줌으로써 수수료를 받아 수익을 얻는 산업 활동을 말한다.",86.0,0.0,13.0
2024,525200,도매 및 소매업,소매업: 자동차 제외,기타 무점포 소매업,방문 판매업,"◦다단계 판매원이 가정이나 사업체를 방문하여 특정 상품을 소매하는 산업활동을 말한다.
<예 시>
·화장품 방문 판매
·정수기 방문 판매
·서적 및 교육자재 방문 판매
<제 외>
*외판원이 가정이나 사업체를 방문하여 자기 명의의 화장품을 소매(→523132)",83.6,0.0,23.6
2024,525300,도매 및 소매업,소매업: 자동차 제외,기타 무점포 소매업,계약배달 판매업,"◦일반 대중을 대상으로 매장을 개설하지 않고 약정 기간 동안 계속적으로 신문, 우유, 요구르트 등 특정 상품을 소비자에게 직접 배달◦소매하는 산업활동을 말한다.
<예 시>
·신문 배달 판매
·우유 및 요구르트 배달 판매
·식품 배달 판매
<제 외>
·학습지 계약 배달 판매(940908)",95.6,0.0,8.0
2024,525910,도매 및 소매업,소매업: 자동차 제외,기타 무점포 소매업,자동 판매기 운영업,"◦일정한 장소에 자동 판매기를 설치◦운영하면서 상품을 소매하는 산업활동을 말한다.
<예 시>
·담배 자판기 운영
·커피 자판기 운영
·음료 자판기 운영
·라면 자판기 운영
<제 외>
·동전 조작식 사진촬영기 운영(749401)
·동전 조작식 세탁기 운영(930100)",88.7,0.0,6.7
2024,525911,도매 및 소매업,소매업: 자동차 제외,노점 및 유사 이동 소매업,노점 및 유사 이동 소매업,"◦일정한 구역 내에서 임시 매장을 개설하고 각종 상품을 소매하는 노점 및 유사 이동 판매업을 운영하는 산업활동을 말한다. 고정된 판매대를 설치하여 판매하는 경우는 제외한다.
<제 외>
·구역 간을 이동하면서 판매하는 경우(525912)",87.6,0.0,8.7
2024,525912,도매 및 소매업,소매업: 자동차 제외,기타 무점포 소매업,그 외 기타 무점포 소매업,◦달리 분류되지 않은 무점포 판매업으로서 차량 등을 이용하여 구역 간을 이동하면서 각종 상품을 소매하는 산업활동을 포함한다.,86.3,0.0,8.6
2024,551001,숙박 및 음식점업,숙박업,일반 및 생활 숙박시설 운영업,호텔업,"◦일반적으로 안내 서비스(데스크 서비스), 식사(룸 서비스)◦세탁◦통역 등 개별 봉사 서비스를 제공하고, 공연◦회의, 오락◦스포츠, 주류 및 상품 판매 등의 관련 부대시설을 2종 이상 제공하는 숙박시설을 운영하는 산업활동을 말한다.
<예 시>
·관광 호텔
·의료 관광 일반 호텔
·소형 호텔
·수상 관광 호텔
·한국 전통 호텔
<제 외>
·가족 호텔업(551004)
·호스텔업(551006)",87.1,0.0,26.1
2024,551002,숙박 및 음식점업,숙박업,일반 및 생활 숙박시설 운영업,여관업,"◦호텔에서 제공되는 서비스가 없거나 제한된 서비스를 제공하는 숙박시설을 운영하는 산업활동을 말한다.
<예 시>
·여관, 모텔
<제 외>
*여인숙(→551009)",85.0,0.0,23.7
2024,551003,교육서비스업,교육 서비스업,스포츠 및 레크리에이션 교육기관,청소년 수련시설 운영업,"◦청소년 교육 및 심신 수련을 위하여 체육, 문화, 오락, 레크리에이션 및 자연 체험시설 등을 함께 갖춘 수련시설을 운영하는 산업활동을 말한다. 교육서비스 제공을 위한 부대설비로써 숙박시설(야영장, 캠프장 포함)을 갖춰 이용하는 경우도 포함한다.
<예 시>
·청소년 수련원
·자연 학습원
<제 외>
·호스텔업 운영(551006)
·오락 및 레크리에이션 위주의 놀이 시설 운영(924902)
·교육 목적이 아닌 청소년 수련 숙박시설 운영(551006)",87.8,0.0,29.9
2024,551004,숙박 및 음식점업,숙박업,일반 및 생활 숙박시설 운영업,휴양 콘도 운영업,"◦약정에 의하여 이용권을 획득한 특정 회원을 대상으로 제공되는 숙박시설로서 여유 객실은 일반인을 대상으로 제공하기도 한다. 스키장이나 골프장 등의 레저시설을 함께 운영하는 경우도 포함한다.
<예 시>
·회원제 숙박시설(취사시설을 갖춘) 운영
·회원용 콘도미니엄 운영
·특정 단체 전용 휴양·숙박시설 운영
·가족호텔
<제 외>
·각종 휴양, 오락, 여가시설을 주로 운영하면서 숙박시설을 함께 운영하는 경우, 해당되는 휴양, 오락, 여가 산업활동으로 분류

*휴가센터 및 휴식소 운영(→551010)",77.0,0.0,26.1
2024,551005,숙박 및 음식점업,숙박업,일반 및 생활 숙박시설 운영업,민박업,"◦단독 주택, 다가구 주택, 다세대 주택, 아파트 등 일반 주거용 주택을 이용하여 숙박 서비스를 제공하는 산업활동을 말한다. 숙박과 함께 취사시설을 제공하거나 식사를 제공하는 경우도 포함한다.
<예 시>
·농·어촌 민박시설 운영
·관광 도시 민박시설 운영
<제 외>
·숙박공유업(551007)",82.9,0.0,23.6
2024,551006,숙박 및 음식점업,숙박업,일반 및 생활 숙박시설 운영업,기타 일반 및 생활 숙박시설 운영업,"◦호텔, 여관, 휴양 콘도, 민박시설 등을 제외한 기타 일반 및 생활 숙박시설을 운영하는 산업활동을 말한다.
<예 시>
·산장 및 방갈로 운영
·호스텔 운영
·숙박용 펜션 운영
·서비스드 레지던스(serviced residence) 단기 생활 숙박형 운영
·호텔, 여관, 휴양 콘도 등의 일부 객실을 분양받아 운영
·교육 목적이 아닌 청소년 수련 숙박시설 운영
<제 외>
·교육 목적용 청소년 수련 숙박시설 운영(551003)
·서비스드 레지던스 임대 운영(701101,701102)
·게스트 하우스는 사용 명칭과 관련 없이 주된 시설과 제공 서비스 활동에 따라 민박업(551005) 또는 기타 일반 및 생활 숙박시설 운영업(551006) 등으로 분류

*야영장 및 캠프장 운영(→551015)",87.4,0.0,22.9
2024,551007,숙박 및 음식점업,숙박업,일반 및 생활 숙박시설 운영업,숙박공유업,◦일반인이 빈방이나 빈집 같은 여유공간(숙박공간)을 여행객들에게 유상으로 제공하는 것으로 온라인 중개 플랫폼에 등록하여 숙박공간을 사용하고자 하는 임차인(GUEST)에게 공간을 공유·사용하게 함으로써 대가를 수령하는 산업활동을 말한다.,84.6,0.0,20.2
2024,551009,숙박 및 음식점업,숙박업,일반 및 생활 숙박시설 운영업,여관업,◦여인숙,86.0,0.0,21.0
2024,551010,숙박 및 음식점업,숙박업,일반 및 생활 숙박시설 운영업,휴양 콘도 운영업,◦휴가센터 및 휴식소 운영,84.9,0.0,21.2
2024,551015,숙박 및 음식점업,숙박업,일반 및 생활 숙박시설 운영업,야영장업,"◦야영에 적합한 시설 및 설비 등을 갖추고 야영 편의 시설을 사용자(이용자, 관광객 등)에게 제공하는 산업활동을 말한다.

<예 시>
·일반 야영장 운영              ·자동차 야영장 운영
",87.4,0.0,23.3
2024,551016,숙박 및 음식점업,숙박업,기타 숙박업,기숙사 및 고시원 운영업,"◦숙식을 함께 제공하는 기숙사 및 고시원을 운영하는 산업활동을 말한다. 기숙사 운영은 일반적으로 특정 학교, 회사 및 단체 소속원을 대상으로 하는 반면, 고시원은 일반인을 대상으로 서비스를 제공한다.
<예 시>
·학교 기숙사 운영
·회사 기숙사 운영
·고시원 운영",87.1,0.0,23.0
2024,551017,숙박 및 음식점업,숙박업,기타 숙박업,그 외 기타 숙박업,"◦약정 기간 동안 식사와 숙박 장소를 함께 제공하는 하숙업이나 기타 분류 안된 숙박시설을 운영하는 산업활동을 말한다.
<예 시>
·하숙업 운영
<제 외>
·숙식을 제공하지 않는 독서실 운영(923100)
·숙식을 함께 제공하는 고시원(551016)",87.9,0.0,22.6
2024,552101,숙박 및 음식점업,음식점 및 주점업,한식 음식점업,한식 일반 음식점업,"◦백반류, 죽류, 찌개류(국, 탕, 전골), 찜류 등 한식 일반 음식을 제공하는 산업활동을 말한다. 죽류, 찌개류 및 찜류는 육류 또는 해산물이 주재료가 되는 경우를 포함한다.
<예 시>
·설렁탕집
·해물탕집
·해장국집
·보쌈집
·일반 한식 전문 뷔페",89.7,0.0,11.4
2024,552102,숙박 및 음식점업,음식점 및 주점업,외국식 음식점업,중식 음식점업,◦중국식 음식을 제공하는 산업활동을 말한다.,88.4,0.0,12.0
2024,552103,숙박 및 음식점업,음식점 및 주점업,외국식 음식점업,일식 음식점업,"◦정통 일본식 음식을 전문적으로 제공하는 산업활동을 말한다.
<예 시>
·초밥집(일식 전문점)
·일식 횟집
·일식 구이 전문점(로바다야끼)
·일식 우동 전문점
<제 외>
·한국식으로 운영되는 횟집(552116)",86.7,0.0,11.5
2024,552104,숙박 및 음식점업,음식점 및 주점업,외국식 음식점업,서양식 음식점업,"◦유럽 및 미국 등에서 발달한 서양식 음식을 제공하는 산업활동을 말한다.
<예 시>
·서양식 레스토랑
·서양식 패밀리 레스토랑
·이탈리아 음식점",87.4,0.0,12.1
2024,552105,숙박 및 음식점업,음식점 및 주점업,출장 및 이동 음식점업,출장 음식 서비스업,"◦파티, 오찬, 연회 등의 행사시에 고객이 지정한 장소에 출장하여 주문한 음식물을 조리하여 제공하는 산업활동을 말한다.
<예 시>
·출장 음식 서비스
·출장 뷔페음식 서비스
·독립적인 식당차 운영",86.0,0.0,13.1
2024,552107,숙박 및 음식점업,음식점 및 주점업,"피자, 햄버거 및 치킨 전문점",치킨 전문점,"◦양념 치킨, 프라이드 치킨 등 치킨 전문점을 운영하는 산업활동을 말한다.
<예 시>
·양념 치킨 전문점
·프라이드 치킨 전문점
<제 외>
·주류와 치킨을 함께 판매하는 경우 주된 산업활동에 따라 분류
·치킨과 햄버거를 함께 판매하는 경우 주된 산업활동에 따라 분류",86.1,0.0,12.6
2024,552108,숙박 및 음식점업,음식점 및 주점업,김밥 및 기타 간이 음식점업,김밥 및 기타 간이 음식점업,"◦간이 음식(대용식이나 간식, 야식 등)용으로 조리한 김밥, 만두류, 찐빵, 면류(라면, 우동 등), 떡볶이류, 튀김류, 꼬치류 등을 제공하는 음식점을 운영하는 산업활동을 말한다. 간이 음식류를 포장 판매도 하지만 객석 판매가 많은 경우를 포함한다. 이들 음식점은 간단한 메뉴를 동일한 방식으로 신속하게 조리하는 경우가 일반적이다.
<예 시>
·김밥 판매점
·일반 분식점
<제 외>
·객석 없이 간이 음식류를 조리하여 판매하는 경우(552123)
·면류(552114), 만두류(552101)를 전문적으로 요리하여 판매하는 경우

*아이스크림체인점(→552119)",91.0,0.0,14.2
2024,552109,숙박 및 음식점업,음식점 및 주점업,기관 구내식당업,기관 구내식당업,"◦회사, 학교, 공공기관 등의 기관과 계약에 의하여 구내식당을 설치하고 음식을 조리하여 제공하는 산업활동을 말한다.
<제 외>
·회사 등의 기관과 계약에 의하여 별도의 장소에서 다량의 집단 급식용 식사를 조리하여 약정 기간 동안 운송·공급하는 경우(153107)",90.0,0.0,10.1
2024,552114,숙박 및 음식점업,음식점 및 주점업,한식 음식점업,한식 면 요리 전문점,"◦냉면, 칼국수, 국수 등 한식 면 요리 음식을 전문적으로 제공하는 산업활동을 말한다.
<예 시>
·냉면 전문점
·칼국수 전문점
<제 외>
·간이 음식 형태로 제공하는 면 요리 음식점(552108)",89.7,0.0,13.2
2024,552115,숙박 및 음식점업,음식점 및 주점업,한식 음식점업,한식 육류 요리 전문점,"◦쇠고기, 돼지고기, 닭고기, 오리고기 등 육류 구이 및 횟 요리를 전문적으로 제공하는 산업활동을 말한다.",89.7,0.0,11.0
2024,552116,숙박 및 음식점업,음식점 및 주점업,한식 음식점업,한식 해산물 요리 전문점,"◦한국식 횟집, 생선 구이점 등 한식 해산물 요리를 제공하는 산업활동을 말한다.
<예 시>
·한국식 횟집
·일식 이외의 해산물 요리 전문점
·객실이 없는 생선회센터
<제 외>
·해산물 찜류, 탕류, 죽류 전문점(552101)",89.7,0.0,11.1
2024,552117,숙박 및 음식점업,음식점 및 주점업,외국식 음식점업,기타 외국식 음식점업,"◦동남아, 인도 등 기타 외국식 음식점업을 운영하는 산업활동을 말한다.
<예 시>
·베트남 음식점
·인도 음식점",86.7,0.0,14.6
2024,552118,숙박 및 음식점업,음식점 및 주점업,"피자, 햄버거 및 치킨 전문점","피자, 햄버거, 샌드위치 및 유사 음식점업","◦피자, 햄버거, 샌드위치, 토스트 및 유사 음식을 직접 조리하여 일반 소비자에게 판매하는 산업활동을 말한다.
<예 시>
·피자 전문점
·샌드위치 전문점
·햄버거 전문점
·토스트 전문점
<제 외>
*간이양식(→552309)",86.1,0.0,16.3
2024,552119,숙박 및 음식점업,음식점 및 주점업,김밥 및 기타 간이 음식점업,김밥 및 기타 간이 음식점업,◦아이스크림체인점,86.1,0.0,10.2
2024,552123,숙박 및 음식점업,음식점 및 주점업,김밥 및 기타 간이 음식점업,간이 음식 포장 판매 전문점,"◦고정된 장소에서 대용식이나 간식 등 간이 음식류를 조리하여 포장 판매하거나 일부 객석은 있으나 포장 판매 위주로 음식점을 운영하는 산업활동을 말한다.
<제 외>
*고속도로 휴게소(→552305)",91.0,0.0,14.9
2024,552201,숙박 및 음식점업,음식점 및 주점업,주점업,일반 유흥 주점업,"◦독립된 객실에서 고급주류(양주, 맥주 등)와 그에 따른 안주를 제공하고 접객원으로 하여금 객을 유흥케 하는 고급주점
<제 외>
*바, 비어홀, 극장식 식당(→552202)
*관광음식점, 외국인 전용 유흥음식점(→552204)
*룸살롱, 빠, 나이트클럽, 외국인전용 유흥주점 이외의 기타 유흥주점(→552206)
*단란주점(→552207)",46.0,0.0,10.7
2024,552202,숙박 및 음식점업,음식점 및 주점업,주점업,일반 유흥 주점업,"◦빠
·「식품위생법시행령」 제22조에 따른 유흥종사자(유흥접객원 이하 유흥종사자라 한다)가 있는 서양식 주점으로서 룸살롱이 아닌 곳
◦스탠드 빠
·「개별소비세법 시행령」 제1조에 따른 과세유흥장소에 해당하는 스탠드 빠
◦비어홀
·주로 맥주를 판매하는 주점으로서 유흥종사자가 있는 곳
◦극장식 식당
·유흥종사자를 두고 주류와 음식물을 제공하며 노래, 연주 및 춤 등을 감상할 수 있는 음식점",64.6,0.0,15.2
2024,552203,숙박 및 음식점업,음식점 및 주점업,주점업,무도 유흥 주점업,"◦무도시설을 갖추고 술을 판매하는 무도 유흥 주점을 말한다.
<예 시>
·무도 유흥 주점
·카바레
·극장식 주점(식당) 클럽
·나이트클럽
<제 외>
·무도장 및 콜라텍 운영(921904)",56.5,0.0,12.5
2024,552204,숙박 및 음식점업,음식점 및 주점업,주점업,일반 유흥 주점업,"◦관광음식점, 외국인 전용 유흥음식점
·「관광진흥법 시행령」 제2조에 따른 관광음식점의 외국인이용 수입금액",84.2,0.0,20.5
2024,552205,숙박 및 음식점업,음식점 및 주점업,주점업,생맥주 전문점,"◦접객시설을 갖추고 대중에게 주로 생맥주를 전문적으로 판매하는 주점을 말한다.
<예 시>
·생맥주집(호프집)
<제 외>
·생맥주 이외 맥주 판매 주점(552208~552210)",88.2,0.0,12.6
2024,552206,숙박 및 음식점업,음식점 및 주점업,주점업,일반 유흥 주점업,"◦식품위생법 시행령 제21조 제8호 제라목에 따른 유흥주점으로 552201(룸살롱), 552202(빠 등), 552203(나이트클럽 등), 552204(외국인전용 유흥주점 등) 이외의 기타 유흥주점",56.5,0.0,12.9
2024,552207,숙박 및 음식점업,음식점 및 주점업,주점업,기타 주점업,"◦단란주점
 「식품위생법 시행령」 제23조에 따라 허가를 받은 단란주점업으로서 주로 주류를 조리·판매하는 영업으로서 손님이 노래를 부르는 행위가 허용되는 업
<제 외>
·단란주점업 허가를 받고도 접객원 등 유흥종사자를 두거나 독립된 객실(「식품위생법 시행규칙」에 따른 업종별 시설기준 해당자는 제외)에서 사실상 룸싸롱과 유사한 영업을 하는 주점은 룸싸롱(552201) 적용",58.4,0.0,13.1
2024,552208,숙박 및 음식점업,음식점 및 주점업,주점업,기타 주점업,"◦기타 서양식주점
·독립된 객실과 접객원이 없이 양주(맥주 및 국산양주 포함)와 그에 따른 안주를 제공하는 카페 등의 서양식 주점
<제 외>
·카페·빠·비어홀 등의 명칭으로 독립된 객실과 접객원을 둔 사실상의 룸싸롱은 룸싸롱(552201) 적용",82.2,0.0,15.4
2024,552209,숙박 및 음식점업,음식점 및 주점업,주점업,기타 주점업,"◦생맥주 전문점을 제외한 대폿집, 선술집 등과 같이 접객시설을 갖추고 대중에게 술을 판매하는 기타의 주점을 말한다.
<예 시>
·막걸리집
·토속주점
<제 외>
*소주방(→552210)
*기타 서양식주점(→552208)",88.7,0.0,11.5
2024,552210,숙박 및 음식점업,음식점 및 주점업,주점업,기타 주점업,◦소주방,88.2,0.0,13.3
2024,552211,숙박 및 음식점업,음식점 및 주점업,주점업,기타 주점업,"◦카드게임 시설을 갖추고 술을 판매하는 주점
<예시> 홀덤펍 ",64.6,0.0,22.6
2024,552301,숙박 및 음식점업,음식점 및 주점업,제과점업,제과점업,"◦즉석식의 빵, 케이크, 생과자 등을 직접 구워서 일반 소비자에게 판매하거나 접객시설을 갖추고 구입한 빵, 케이크 등을 직접 소비할 수 있도록 제공하는 산업활동을 말한다. 접객시설을 갖추고 떡류를 제공하는 경우도 포함한다.
<예 시>
·제과점(즉석 식품 중심)
·떡집(음식점 형태)
<제 외>
·접객시설 없이 빵, 케이크 등을 구입하여 일반소비자에게 판매(522061)",89.9,0.0,11.8
2024,552303,숙박 및 음식점업,음식점 및 주점업,비알코올 음료점업,커피 전문점,"◦접객시설을 갖추고 볶은 원두, 가공 커피류 등을 이용하여 생산한 커피 음료를 전문적으로 제공하는 산업활동을 말한다. 접객시설 없이 커피 포장 판매를 전문적으로 하는 음료점도 포함한다.
<예 시>
·커피 전문점
·커피숍
<제 외>
·전통식 다방(인스턴트 커피점)(552307)
·동물카페(552310)",87.5,0.0,15.1
2024,552305,숙박 및 음식점업,음식점 및 주점업,김밥 및 기타 간이 음식점업,간이 음식 포장 판매 전문점,"◦고속도로 휴게소
·공항휴게실, 고속도로(국도포함)휴게실, 유원지 등에서 행하는 음식점·다방업·과자점업의 복합적인 형태(「식품위생법 시행령」 제21조)",87.1,0.0,13.5
2024,552307,숙박 및 음식점업,음식점 및 주점업,비알코올 음료점업,기타 비알코올 음료점업,"◦접객시설을 갖추고 주스, 인스턴트 커피, 홍차, 생강차, 쌍화차 등을 만들어 제공하는 산업활동을 말한다. 접객시설 없이 비알코올 음료 포장 판매를 전문적으로 하는 음료점도 포함한다.
<예 시>
·주스 전문점
·찻집
·다방
<제 외>
·동물카페(552310)",89.0,0.0,15.1
2024,552308,숙박 및 음식점업,음식점 및 주점업,출장 및 이동 음식점업,이동 음식점업,"◦제공하는 음식 종류에 관계없이 특정 장소에 고정된 식당을 개설하지 않은 이동식 음식점을 운영하는 산업활동을 말한다.
<예 시>
·이동식 포장마차
·이동식 떡볶이 판매점
·이동식 붕어빵 판매점",87.1,0.0,13.6
2024,552309,숙박 및 음식점업,음식점 및 주점업,"피자, 햄버거 및 치킨 전문점","피자, 햄버거, 샌드위치 및 유사 음식점업","◦간이양식
<예 시>
·휴게실 등과 같이 접객시설을 갖추고 햄버거, 도넛, 치킨, 음료 등을 제공하는 업소",87.1,0.0,15.2
2024,552310,숙박 및 음식점업,음식점 및 주점업,비알코올 음료점업,동물카페,"◦접객시설을 갖추고 커피, 주스 등 비알콜음료나 음식을 제공하며 카페 내에서 동물들을 전시하여 체험할 수 있도록 하고, 반려동물 소유자의 위탁을 받아 반려동물을 영업장 내에서 일시적으로 사육, 훈련 또는 보호하는 산업활동
<예 시>반려견카페,  반려묘카페",87.5,0.0,13.1
2024,601000,운수 및 창고업,육상 운송 및 파이프라인 운송업,도시 정기 육상 여객 운송업,도시철도 운송업,"◦도시 및 근교 내에서 노선을 정하고 정기적으로 승객을 도시철도로 운송하는 산업활동을 말한다. 도시철도는 출◦퇴근 등 지역 내의 승객 이동에 이용되므로 승◦하차 구간이 짧고 요금이 저렴하며 일반 대중 교통수단이라는 특징이 있다.
<예 시>
·지하철 운송
·모노레일 운송(도시 및 근교 내)
<제 외>
·도시 간 철도 운송(601001)",95.1,0.0,24.5
2024,601001,운수 및 창고업,육상 운송 및 파이프라인 운송업,철도 운송업,철도 여객 운송업,"◦철도 차량을 이용하여 여객을 운송하는 산업활동(도시철도 제외)을 말한다.
<예 시>
·도시 간 철도 운송
·관광열차 운영
<제 외>
·지하철 및 도시철도 운송(601000)
·철도차량 운행관련 유지 및 단순 보수(630301)
·독립적인 침대차 운영(551006)
·독립적인 식당차 운영(552105)",95.1,0.0,24.5
2024,601002,운수 및 창고업,육상 운송 및 파이프라인 운송업,철도 운송업,철도 화물 운송업,"◦철도 차량을 이용하여 화물을 운송하는 산업활동을 말한다.
<예 시>
·화물 전용 철도 운송
<제 외>
·지하철 및 도시철도 운송(601000)
·철도차량 운행관련 유지 및 단순 보수(630301)
·철도 여객 운송업(601001)",95.1,0.0,24.5
2024,602101,운수 및 창고업,육상 운송 및 파이프라인 운송업,시외버스 운송업,시외버스 운송업,◦고속버스,83.0,0.0,21.1
2024,602102,운수 및 창고업,육상 운송 및 파이프라인 운송업,시외버스 운송업,시외버스 운송업,"◦도시 간에 노선을 정하고 정기적으로 승객을 버스로 운송하는 산업활동을 말한다.
<예 시>
·도시 간 정기 여객 운송
·시외 정기 노선 버스 운송
·직통 여객 버스 운송
<제 외>
*고속버스 운송(→602101)
*운수업체가 직영하는 시외버스의 총운수수입금액(→602204)
*시외버스 지입(→630701)",92.0,0.0,16.0
2024,602103,운수 및 창고업,육상 운송 및 파이프라인 운송업,도시 정기 육상 여객 운송업,시내버스 운송업,"◦주로 도시 및 군의 일정 행정구역 안에서 노선을 정하고 정기적으로 승객을 버스로 운송하는 산업활동을 말한다. 일부 구간을 도시 및 군 근교지역으로 연장하여 운영하는 경우도 포함한다.
<예 시>
·시내 노선 버스 운송
·농·어촌 버스 운송
·구역 내 노선 여객 버스 운송
·정기순회 마을버스 운영
·BRT(Bus Rapid Transit, 간선 급행 버스) 운영
·광역 급행 버스, 직행 좌석 버스 운영
<제 외>
·공항 버스(602104), 학교 버스 등 특정 승객 수송(602109)

*운수업체가 직영하는 시내버스 총운수수입금액(→602204)
*시내버스 지입(→630701)",93.5,0.0,26.0
2024,602104,운수 및 창고업,육상 운송 및 파이프라인 운송업,도시 정기 육상 여객 운송업,기타 도시 정기 육상 여객 운송업,◦공항버스,93.5,0.0,26.5
2024,602109,운수 및 창고업,육상 운송 및 파이프라인 운송업,도시 정기 육상 여객 운송업,기타 도시 정기 육상 여객 운송업,"◦도시 및 근교 내에서 정기적으로 특정 이용 승객을 버스 또는 기타 장비로 운송하는 산업활동을 말한다.
<예 시>
·학교버스 운영
·직장버스 운영
·특정 노선(리조트, 숙박시설, 놀이공원 등) 셔틀 버스 운영
·정기 노선 케이블카 운영
·트롤리 버스 운영
<제 외>
*공항버스 운영(정기노선)(→602104)",85.6,0.0,23.6
2024,602110,운수 및 창고업,육상 운송 및 파이프라인 운송업,도시 정기 육상 여객 운송업,기타 도시 정기 육상 여객 운송업,"◦어린이통학버스( ｢도로교통법｣ 제2조제23호 및 제52조에 해당하는 것)를 이용하여 유치원, 어린이집, 학원, 체육시설 등 어린이교육시설에서 13세 미만인 어린이를 운송하는 산업활동

 * 운전기사가 인적 또는 물적시설 없이 어린이통학버스 운전용역만을 제공하는 경우(→940928)""
",85.6,0.0,14.0
2024,602201,운수 및 창고업,육상 운송 및 파이프라인 운송업,부정기 육상 여객 운송업,택시 운송업,"◦택시를 이용하여 승객을 운송하는 산업활동을 말한다.
<예 시>
·택시 운송
·개인택시 운송
·리무진 운송
<제 외>
*모범택시(→602203)
*운수업체가 직영하는 택시 및 콜택시의 총운수수입금액(→602206)
*택시의 지입료 수입 및 대여료 수입(→630701)",90.8,0.0,24.3
2024,602203,운수 및 창고업,육상 운송 및 파이프라인 운송업,부정기 육상 여객 운송업,택시 운송업,◦모범택시,86.0,0.0,22.8
2024,602204,운수 및 창고업,육상 운송 및 파이프라인 운송업,"도시 정기 육상 여객 운송업, 시외버스 운송업","시내버스 운송업, 시외버스 운송업","◦운수업체가 직영하는 시내버스, 시외버스의 총운수수입금액",95.7,0.0,22.3
2024,602205,운수 및 창고업,육상 운송 및 파이프라인 운송업,부정기 육상 여객 운송업,전세버스 운송업,"◦노선과 일정을 정하지 않고 고객의 요구에 따라 승객을 버스로 운송하는 산업활동을 말한다.
<예 시>
·관광 버스 운영
·버스 임대(운전자 딸린)
·비노선 버스 운영",87.6,0.0,23.6
2024,602206,운수 및 창고업,육상 운송 및 파이프라인 운송업,부정기 육상 여객 운송업,택시 운송업,◦운수업체가 직영하는 택시 및 콜택시의 총운수수입금액,95.7,0.0,19.8
2024,602209,운수 및 창고업,육상 운송 및 파이프라인 운송업,부정기 육상 여객 운송업,기타 부정기 여객 육상 운송업,"◦부정기로 여객을 육상 운송하는 기타의 산업활동을 말한다.
<예 시>
·독립적으로 경영하는 부정기 케이블카 운송
·비동력식 여객 운송 차량 운영
·동물 또는 인력으로 견인하는 여객 운송 차량 운영
·독립적으로 경영하는 스키 리프트 운영
<제 외>
·관광지 또는 유원지의 오락 목적용 궤도시설 운영(924911)",86.3,0.0,29.1
2024,602301,운수 및 창고업,육상 운송 및 파이프라인 운송업,도로 화물 운송업,"일반 화물자동차 운송업, 개인 화물자동차 운송업","◦경․소형 화물 자동차(1톤 이하) 및 견인․구난 및 특수 목적용 경․소형 특수 자동차(3.5톤 이하)를 1대 이상 이용하여 각종 화물 등을 운송하는 산업활동을 말한다.
<예 시>
·경·소형 화물 자동차 운송(1톤 이하)
<제 외>
*1톤 이하인 화물자동차를 사용하여 통상 주행거리기준에 따라 요금을 받고 화물 배달(→602307)
*이사화물 운송(1톤 이하)(→602308)
*지입(→630702)",91.6,0.0,23.4
2024,602302,운수 및 창고업,육상 운송 및 파이프라인 운송업,도로 화물 운송업,"일반 화물자동차 운송업, 개인 화물자동차 운송업","◦대형 화물 자동차(5톤 이상)를 이용하여 각종 화물 등을 운송하는 산업활동을 말한다.
<예 시>
·대형 화물 자동차 운송(5톤 이상)
<제 외>
·운전자 없는 자동차 임대(630304)

*덤프트럭(12톤 미만)을 이용하여 각종 화물 등 운송(→602303)
*덤프트럭(12톤 이상)을 이용하여 각종 화물 등 운송(→602304)
*견인․구난 및 특수 목적용 대형 특수 자동차(10톤 이상)를 이용하여 각종 화물 등 운송(→602305)
*지입(→630702)",91.1,0.0,21.5
2024,602303,운수 및 창고업,육상 운송 및 파이프라인 운송업,도로 화물 운송업,"일반 화물자동차 운송업, 개인 화물자동차 운송업","◦덤프트럭(12톤 미만)를 이용하여 각종 화물 등을 운송하는 산업활동을 말한다.
<제 외>
·운전자 없는 자동차 임대(630304)

*대형 화물 자동차(5톤 이상)를 이용하여 각종 화물 등 운송(→602302)
*덤프트럭(12톤 이상)을 이용하여 각종 화물 등 운송(→602304)
*견인․구난 및 특수 목적용 대형 특수 자동차(10톤 이상)를 이용하여 각종 화물 등 운송(→602305)
*지입(→630702)",90.8,0.0,24.9
2024,602304,운수 및 창고업,육상 운송 및 파이프라인 운송업,도로 화물 운송업,"일반 화물자동차 운송업, 개인 화물자동차 운송업","◦덤프트럭(12톤 이상)를 이용하여 각종 화물 등을 운송하는 산업활동을 말한다.
<제 외>
·운전자 없는 자동차 임대(630304)

*대형 화물 자동차(5톤 이상)를 이용하여 각종 화물 등 운송(→602302)
*덤프트럭(12톤 미만)을 이용하여 각종 화물 등 운송(→602303)
*견인․구난 및 특수 목적용 대형 특수 자동차(10톤 이상)를 이용하여 각종 화물 등 운송(→602305)
*지입(→630702)",86.2,0.0,23.4
2024,602305,운수 및 창고업,육상 운송 및 파이프라인 운송업,도로 화물 운송업,"일반 화물자동차 운송업, 개인 화물자동차 운송업","◦견인․구난 및 특수 목적용 대형 특수 자동차(10톤 이상)를 이용하여 각종 화물 등을 운송하는 산업활동을 말한다.
<예 시>
 ·대형 특수 자동차 운송(견인 등)
<제 외>
·운전자 없는 자동차 임대(630304)

*대형 화물 자동차(5톤 이상)를 이용하여 각종 화물 등 운송(→602302)
*덤프트럭(12톤 이상)를 이용하여 각종 화물 등을 운송(→602304)
*덤프트럭(12톤 미만)를 이용하여 각종 화물 등 운송(→602303)
*지입(→630702)",90.8,0.0,23.9
2024,602306,운수 및 창고업,육상 운송 및 파이프라인 운송업,부정기 육상 여객 운송업,특수 여객 자동차 운송업,"◦시체를 운구할 수 있는 특수한 설비를 갖춘 장의 차량을 운영하는 산업활동을 말한다.
<예 시>
·장의 차량 운영
·장의 차량 임대(운전자 딸린)",88.6,0.0,23.5
2024,602307,운수 및 창고업,육상 운송 및 파이프라인 운송업,도로 화물 운송업,"일반 화물자동차 운송업, 개인 화물자동차 운송업",◦도시내에서 적재정량이 1톤 이하인 화물자동차를 사용하여 통상 주행거리기준에 따라 요금을 받고 화물을 배달하는 운수업,89.2,0.0,27.9
2024,602308,운수 및 창고업,육상 운송 및 파이프라인 운송업,도로 화물 운송업,"일반 화물자동차 운송업, 개인 화물자동차 운송업","◦이사화물 운송
  -화물자동차 운수사업법에 따른 화물자동차운송사업자의 이사화물 운송
<제 외>
  *화물자동차 운수사업법시행령 제9조에 따른 이사화물운송주선사업(포장이사) → 630905",87.3,0.0,26.7
2024,602309,운수 및 창고업,창고 및 운송관련 서비스업,그 외 기타 운송관련 서비스업,"화물 운송 중개, 대리 및 관련 서비스업",◦화물운송주선사업 중 자기의 명의와 계산으로 화물을 운송하는 사업,93.5,0.0,21.6
2024,602310,운수 및 창고업,육상 운송 및 파이프라인 운송업,도로 화물 운송업,개인 화물자동차 운송업,"◦중형 화물 자동차(1톤 초과 5톤 미만) 및 견인․구난 및 특수 목적용 중형 특수 자동차(3.5톤 초과 10톤 미만) 1대를 이용하여 각종 화물 등을 운송하는 산업활동을 말한다.
<예 시>
·중형 화물 자동차 운송(5톤 미만)
<제 외>
*이사화물 운송(1톤초과5톤미만)(→602308)
*지입(→630702)",91.6,0.0,25.9
2024,602313,운수 및 창고업,육상 운송 및 파이프라인 운송업,도로 화물 운송업,기타 도로 화물 운송업,"◦기타 도로 화물 운송사업을 수행하는 산업활동을 말한다.
<예 시>
·동물 견인 화물 차량 운영
·비동력 화물 차량 운영
·인력 견인 화물 차량 운영
<제 외>
·소화물 택배 서비스(630901) 및 늘찬 배달업(630904)",93.5,0.0,41.7
2024,602314,운수 및 창고업,육상 운송 및 파이프라인 운송업,도로 화물 운송업,"일반 화물자동차 운송업, 개인 화물자동차 운송업, 기타 도로 화물 운송업","◦ 수출입컨테이너 운송
· 제품의 수출입을 위하여 화주와 항만 간 컨테이너를 운송하는 산업활동
◦ 시멘트 운송
· 시멘트 제조사로부터 판매처 등에 시멘트를 운송하는 산업활동
◦ 철강재 운송
· 철강재 제조사로부터 판매처 등에 철강재를 운송하는 산업활동
◦ 위험물질 운송
· 탱크로리 등 화물자동차를 이용하여 유류가스, 유해화학물질 등 위험물질을 운송하는 산업활동
ㅇ택배 지간선 택배화물 운송
 ･택배사업에서 택배사업자나 화물자동차 운수사업자로부터 업무를 위탁받아 물류센터간 화물을 운송하는 산업활동
ㅇ자동차 운송
 ･화물자동차를 이용하여 제조사 또는 판매처 등으로부터 자동차 사용자가 원하는 장소 등에 자동차를 운송하는 산업활동
ㅇ곡물가루, 곡물사료 운송
 ･특수용도형 화물자동차를 이용하여 제조사 또는 판매처 등으로부터 거래처 등으로 밀가루 등 곡물가루, 곡물 또는 사료를 운송하는 산업활동",90.8,0.0,23.1
2024,602315,운수 및 창고업,육상 운송 및 파이프라인 운송업,도로 화물 운송업,"일반 화물자동차 운송업, 개인 화물자동차 운송업","◦ 가전제품 운송
· 텔레비전, 냉장고, 세탁기 등 가전제품을 소비자의 가정 또는 사무실 등에 운송하는 산업활동
(운송 물품을 설치하는 업무가 결합되어 수행될 수 있음)",91.6,0.0,24.2
2024,602316,운수 및 창고업,육상 운송 및 파이프라인 운송업,도로 화물 운송업,"일반 화물자동차 운송업, 개인 화물자동차 운송업, 기타 도로 화물 운송업","ㅇ  유통물류 운송
 · 화물자동차를 이용하여 운수사업자･대규모점포나 준대규모점포를 운영하는 사업 또는 체인사업의 사업주･무점포판매업을 운영하는 사업의 사업주와 화물운송계약을 체결하여 상품을 물류센터로 운송하거나 점포 또는 소비자에게 배송하는 산업활동
· 화물자동차를 이용하여 운수사업자･음식점 및 주점업을 운영하는 사업의 사업주･기관 구내식당업을 운영하는 사업의 사업주와 화물운송계약을 체결하여 식자재나 식품 등을 물류센터로 운송하거나 점포 또는 식당으로 배송하는 산업활동

<예시>
  ･유통산업 내 물류 운송(제조업체에서 유통업체에 운송, 유통업체 물류센터에서 대형마트, 편의점 등에 운송 등)

<제외>
  ･소화물 택배 서비스(630901) 및 늘찬배달업(630904)",91.1,0.0,33.2
2024,603000,운수 및 창고업,육상 운송 및 파이프라인 운송업,파이프라인 운송업,파이프라인 운송업,"◦원유, 천연 가스, 정제 석유제품 및 유사제품을 관로(파이프라인)를 이용하여 운송하는 산업활동을 말한다. 이 산업은 펌프장과 창고시설을 부수적으로 운영할 수 있다.
<제 외>
·가스를 최종 소비자에게 배관 공급(402001)
·증기를 최종 소비자에게 배관 공급(403000)
·수돗물을 최종 소비자에게 배관 공급(410000)
·수수료에 의한 가스 및 원유 저장소 운영(630204)
·특정 산업에 관련된 배관시설을 운영하는 경우에는 그 주된 산업활동에 따라 분류",91.9,0.0,27.5
2024,611001,운수 및 창고업,수상 운송업,내항 운송업,내항 여객 운송업,"◦국내 항구 간에 각종 선박을 취항하여 여객을 운송하는 산업활동을 말한다.
<예 시>
·내항 정기 여객 운송
·내항 부정기 여객 운송
·내항 여객선 임대(승무원 딸린)
·유람선 운영(국내 항구 간)
<제 외>
·항만 내 여객 운송(612001)",93.3,0.0,27.1
2024,611002,운수 및 창고업,수상 운송업,외항 운송업,외항 화물 운송업,"◦외국 항로에 선박을 취항하여 화물을 운송하는 산업활동을 말한다.
<예 시>
·외항 화물 정기 운송
·외항 화물 부정기 운송
·외항 컨테이너 선박 운송
·외항 화물 선박 임대(승무원 딸린)",88.2,0.0,22.2
2024,611003,운수 및 창고업,수상 운송업,내항 운송업,내항 화물 운송업,"◦국내 항구 간에 각종 선박을 취항하여 화물을 운송하는 산업활동을 말한다.
<예 시>
·내항 정기 화물 운송
·내항 부정기 화물 운송
·내항 화물 선박 임대(승무원 딸린)
<제 외>
·항만 내 여객 운송(612001)",88.8,0.0,24.8
2024,611004,운수 및 창고업,수상 운송업,기타 해상 운송업,기타 해상 운송업,"◦이 산업에는 예인선 운영 등이 포함된다.
<예 시>
·예인선 운영(해상)
·승무원이 동승하는 해수면 오락용 낚싯배 운영
<제 외>
·항만 내 여객(612001) 및 화물 운송(612003)
·내륙 수로 상의 예인선 운영(612002)
·조난선의 구조 및 예인(630401)",88.2,0.0,22.6
2024,611005,운수 및 창고업,수상 운송업,외항 운송업,외항 여객 운송업,"◦외국 항로에 선박을 취항하여 여객을 운송하는 산업활동을 말한다.
<예 시>
·외항 여객 정기 운송
·외항 여객 부정기 운송
·유람선 운영(외국 항로)
·외항 여객 선박 임대(승무원 딸린)",88.2,0.0,24.7
2024,612000,운수 및 창고업,수상 운송업,내륙 수상 및 항만 내 운송업,기타 내륙 수상 여객 및 화물 운송업,"◦강, 호수 등 내수면에서 선박에 의하여 여객 및 화물을 운송하는 산업활동을 말한다.
<예 시>
·유람선 운영(내륙 수상)
·승무원이 동승하는 내륙 여객선 임대
·내륙 수상 택시 운영
·내륙 화물 선박 임대(승무원 딸린)
<제 외>
·물놀이 시설에서 오락용 보트 임대(924915)",87.6,0.0,29.5
2024,612001,운수 및 창고업,수상 운송업,내륙 수상 및 항만 내 운송업,항만 내 여객 운송업,"◦항만 내에서 선박에 의하여 여객을 운송하는 산업활동을 말한다.
<예 시>
·항만 내 여객 운송
·항만 내 유람선업
<제 외>
·항만 내 화물 취급업(630102)
·항만 내 화물 운송(612003)
·항만 내 바지선(운전자 딸린) 임대(630102)",88.7,0.0,25.2
2024,612002,운수 및 창고업,수상 운송업,내륙 수상 및 항만 내 운송업,기타 내륙 수상 여객 및 화물 운송업,"◦기타 내륙 수상 운송업을 수행하는 산업활동을 말한다.
<예 시>
·예인선 운영(내륙 수상)
·승무원이 동승하는 내수면 오락용 낚싯배 운영
<제 외>
·하역업체가 거룻배를 운영할 경우(612003)",88.7,0.0,25.2
2024,612003,운수 및 창고업,창고 및 운송관련 서비스업,화물 취급업,수상 화물 취급업,"◦강ㆍ운하, 항만내에서 화물운송을 위한 선박운영",88.7,0.0,25.2
2024,621000,운수 및 창고업,항공 운송업,항공 여객 운송업,항공 여객 운송업,"◦항공기 또는 우주선 등에 의하여 국내◦외 항공 여객을 운송하는 산업활동을 말한다.
<예 시>
·항공 여객 운송(정기)
·항공 여객 운송(부정기)
·여객용 전세기 운송
·항공 동호회 등 단체에 의한 교육 및 오락 목적의 여객 운송",97.0,0.0,23.5
2024,621001,운수 및 창고업,항공 운송업,항공 화물 운송업,항공 화물 운송업,"◦항공기 또는 우주선 등에 의하여 국내◦외 항공 화물을 운송하는 산업활동을 말한다. 운전자가 딸린 항공기 임대활동도 포함한다.
<예 시>
·항공 화물 부정기 운송
·항공 화물 정기운송
·우주선 운행
·화물 운송 항공기 임대(조종사 딸린)
·각종 위성 및 우주선 발사업 운영
·화물 및 여객의 우주 운송
<제 외>
·항공기를 이용하여 직접 특정 용역사업을 수행할 경우에는 그 용역사업 내용에 따라 각각 분류
·소화물 택배 운송업(630901), 늘찬 배달업(630904)",97.0,0.0,23.5
2024,630101,운수 및 창고업,창고 및 운송관련 서비스업,화물 취급업,항공 및 육상 화물 취급업,"◦항공 및 육상, 철도 운송장비에 화물을 적재 및 하역하는 산업활동을 말한다.
<예 시>
·항공 화물 하역
·육상 화물 하역
·철도 화물 하역",89.2,0.0,18.9
2024,630102,운수 및 창고업,창고 및 운송관련 서비스업,화물 취급업,수상 화물 취급업,"◦항구 내에서 선박과 부두, 선박과 선박 간에 직접 화물을 운반하여 이를 선적 또는 하역하는 산업활동을 말한다.
<예 시>
·수상 화물 하역
·항만 내 화물 취급업
·항만 내 바지선(운전자 딸린) 임대
<제 외>
*강ㆍ운하, 항만내에서 화물운송을 위한 선박운영(→612003)",92.4,0.0,20.5
2024,630201,운수 및 창고업,창고 및 운송관련 서비스업,보관 및 창고업,일반 창고업,"◦온도 조절장치 등 물품 보존에 필요한 특수한 시설 없이 보통 상온에서 보존이 가능한 물품을 보관하는 산업활동을 말한다.
<예 시>
·보통 창고 운영
·일반 물품 보세창고 운영",80.6,0.0,22.5
2024,630202,운수 및 창고업,창고 및 운송관련 서비스업,보관 및 창고업,냉장 및 냉동 창고업,"◦상온에서 부패될 수 있는 물품을 보관하기 위하여 인공적으로 저온을 유지하여 물품을 보관하는 산업활동을 말한다. 이 사업체는 창고 내에 급속 냉동시설을 보유할 수 있다.
<예 시>
·냉장 창고 운영
·냉동 물품 보관
·얼음 보관소 운영
·모피 보관(냉동)
·냉동 식품 보관
·농산물 보관(냉동·냉장)
<제 외>
·일반 농산물 보관(630203)
·미곡 종합 처리장(153102)
·수수료에 의하여 위탁된 농·수산물 및 가공 식품을 냉동 처리하는 경우에는 대상 품목에 따라 “15 : 식료품 제조업”의 적합한 항목에 각각 분류",76.9,0.0,20.9
2024,630203,운수 및 창고업,창고 및 운송관련 서비스업,보관 및 창고업,농산물 창고업,"◦미포장 벌크 상태 또는 포장된 농산물을 냉장◦냉동 이외의 방법으로 보관하는 산업활동을 말한다.
<예 시>
·곡물 창고
<제 외>
·농산물의 냉장·냉동 보관(630202)",76.3,0.0,17.7
2024,630204,운수 및 창고업,창고 및 운송관련 서비스업,보관 및 창고업,위험 물품 보관업,"◦특별한 안전 유지가 요구되는 발화성 또는 인화성 물질 등을 보관하는 산업활동을 말한다.
<예 시>
·가스성 화물 보관소
·액체 인화물 보관소
·화학 물질 창고 운영
·위험물 창고 운영
·가스 포장 화물 창고 운영
·미포장 벌크 상태의 석유 및 가스 보관
<제 외>
·가스 및 원유의 도매활동에 결합된 창고 운영(514121,514130)",76.3,0.0,19.3
2024,630205,운수 및 창고업,창고 및 운송관련 서비스업,보관 및 창고업,기타 보관 및 창고업,"◦기타 물품을 보관하는 산업활동을 말한다.
<예 시>
·목재 하치장 운영
·냉장·냉동 이외 특수 처리를 필요로 하는 주류 보관 창고 운영
·수면 목재 창고 운영
·차량 보관소 운영
<제 외>
·주차장 운영(630303)",81.0,0.0,22.6
2024,630301,운수 및 창고업,창고 및 운송관련 서비스업,육상 운송 지원 서비스업,철도 운송 지원 서비스업,"◦도시 내 또는 도시 간 철도 운송에 관련된 여객 및 화물 터미널 운영과 기타 철도 운송 지원 서비스를 제공하는 산업활동을 말한다.
<예 시>
·철도 차량 터미널 운영
·철도 차량 점검 및 유지·관리",91.5,0.0,25.2
2024,630302,운수 및 창고업,창고 및 운송관련 서비스업,육상 운송 지원 서비스업,여객 자동차 터미널 운영업,"◦승합 자동차의 정류 및 여객의 승◦하차를 위한 여객 자동차 터미널 시설을 운영하는 산업활동을 말한다.
<예 시>>
·버스 정류장 운영(여객)
<제 외>
·주차장 운영(630303)
·매표소 운영(523990)",87.6,0.0,31.3
2024,630303,운수 및 창고업,창고 및 운송관련 서비스업,육상 운송 지원 서비스업,주차장 운영업,"◦수수료를 받고 자동차를 일정 시간 주차시키는 산업활동을 말한다.
<예 시>
·주차장 운영
<제 외>
·차량 장기 보관소 운영(630205)",82.7,0.0,16.7
2024,630304,"사업시설 관리, 사업지원 및 임대 서비스업",임대업: 부동산 제외,자동차 임대업,자동차 임대업(렌트카),"◦운전자 없이 승용 및 화물 자동차를 리스 또는 임대하는 산업활동을 말한다.
<예 시>
·승용차 임대
·리무진 임대
·버스 임대
·트럭 임대
·화물 자동차 임대
·레저용 차량 임대",82.1,0.0,29.7
2024,630305,운수 및 창고업,창고 및 운송관련 서비스업,육상 운송 지원 서비스업,물류 터미널 운영업,"◦육상 화물의 집하, 하역, 분류, 포장, 보관 등에 필요한 물류 터미널을 운영하는 산업활동을 말한다.
<예 시>
·복합ㆍ일반 물류 터미널 운영",87.6,0.0,31.3
2024,630309,운수 및 창고업,창고 및 운송관련 서비스업,육상 운송 지원 서비스업,기타 육상 운송지원 서비스업,"◦기타 육상 운송지원 서비스를 수행하는 산업활동을 말한다.
<예 시>
·콜택시 연결 서비스
<제 외>
*대리운전연결업체(→930917)",84.9,0.0,29.2
2024,630311,운수 및 창고업,창고 및 운송관련 서비스업,육상 운송 지원 서비스업,도로 및 관련시설 운영업,"◦유료 도로, 터널, 교량 등을 운영하는 산업활동을 말한다.
<예 시>
·유료 고가 도로 운영
<제 외>
*고속도로 톨게이트 통행료 징수대행사업(→749930)",81.3,0.0,19.5
2024,630401,운수 및 창고업,창고 및 운송관련 서비스업,수상 운송 지원 서비스업,기타 수상 운송 지원 서비스업,"◦원양 및 근해 또는 내륙수로에서 침몰선의 인양, 전복선박의 바로잡기, 좌초한 선박의 부상작업, 침몰선의 화물회수, 조난선의 예인 등을 수행하는 업
◦선박 구난 및 인양 서비스 포함
·구조예인선운영, 조난선인양서비스 등",58.2,0.0,29.8
2024,630402,운수 및 창고업,창고 및 운송관련 서비스업,수상 운송 지원 서비스업,"선박관리업, 기타 수상 운송 지원 서비스업","◦선박이 항구를 입․출항하는 산업활동 등 기타 수상 운송 지원 서비스를 제공하는 산업활동을 말한다.
◦선박소유자로부터 선박 관련 총괄적인 업무에 관한 중개·알선·관리 감독 등을 수탁받아 선박관리를 수행하는 산업활동을 말한다.
<예 시>
·등대 운영
·수로, 갑문 운영
·운하 운영
·선박관리에 필요한 기술적·상업적인 활동 관리     
·항해 조력 서비스
<제 외>
·해상 터미널시설 운영(630405)
·선박 소독 및 해충 구제 서비스(749302)
·선박 및 유조선 청소(900900)

*침몰선의 인양, 전복선박의 바로잡기, 좌초한 선박의 부상작업, 침몰선의 화물회수, 조난선의 예인 등을 수행, 선박 구난 및 인양 서비스 포함(→630401)
*도선사(→630403)",83.9,0.0,13.1
2024,630403,운수 및 창고업,창고 및 운송관련 서비스업,수상 운송 지원 서비스업,기타 수상 운송 지원 서비스업,◦도선사(항구내 또는 항구외로 선박을 인도하거나 항해위험지구에 수로안내활동을 하는 업),60.2,0.0,34.7
2024,630405,운수 및 창고업,창고 및 운송관련 서비스업,수상 운송 지원 서비스업,항구 및 기타 해상 터미널 운영업,"◦항구, 부두, 도크, 잔교 및 해상 터미널 등을 운영하는 산업활동을 말한다.
<예 시>
·항만시설 운영
·해상 터미널시설 운영",83.9,0.0,25.2
2024,630500,운수 및 창고업,창고 및 운송관련 서비스업,항공 운송 지원 서비스업,기타 항공 운송지원 서비스업,"◦기타 항공 운송지원 서비스를 제공하는 산업활동을 말한다.
<예 시>
·공항 지상 서비스
·비행기 견인
·격납고 서비스
·급유 점검(경상 유지)
·항공기 관제 서비스
·공항설비 운영(항공 터미널 제외)
<제 외>
·무선 표지 및 레이더 통신소(642003)",97.2,0.0,25.2
2024,630501,운수 및 창고업,창고 및 운송관련 서비스업,항공 운송 지원 서비스업,공항 운영업,"◦비행기가 이◦착륙하기 위한 시설을 운영하는 산업활동을 말한다.
<예 시>
·항공 터미널시설 운영
·비행장 운영업",97.2,0.0,25.2
2024,630600,"사업시설 관리, 사업지원 및 임대 서비스업",사업지원 서비스업,여행사업,여행사업,"◦국내◦외를 여행하는 관광객을 대상으로 여행관련 시설 이용의 알선, 여행에 관한 안내, 계약 체결의 대리 및 기타 여행의 편의를 제공하는 산업활동을 말하며, 부수적으로 항공권, 숙박시설 이용권, 레포츠 시설 이용권 등의 판매 대리 활동을 수행할 수 있다.
<예 시>
·일반 여행사
·국외 여행사",84.2,0.0,23.9
2024,630601,"사업시설 관리, 사업지원 및 임대 서비스업",사업지원 서비스업,기타 여행 보조 및 예약 서비스업,기타 여행 보조 및 예약 서비스업,"◦기타 여행 지원 서비스업을 수행하는 산업활동을 말한다.
<예 시>
·관광 안내소
·카풀체계 운영
·매표 대리(여객 자동차 매표 대리 포함)
·숙식 알선
·여행자 가이드(안내) 서비스
·숙박 예약 대리
<제 외>
*버스표(→523990)",86.9,0.0,34.7
2024,630701,운수 및 창고업,육상 운송 및 파이프라인 운송업,"도시 정기 육상 여객 운송업, 시외버스 운송업, 부정기 육상 여객 운송업","시내버스 운송업, 시외버스 운송업, 택시 운송업","◦시외버스, 시내버스, 택시의 지입료 수입 및 대여료 수입",78.7,0.0,26.8
2024,630702,운수 및 창고업,육상 운송 및 파이프라인 운송업,도로 화물 운송업,"일반 화물자동차 운송업, 개인 화물자동차 운송업","◦지입
<예 시>
·건설기계 지입료 등
·삼륜차 임대",80.3,0.0,28.5
2024,630901,운수 및 창고업,육상 운송 및 파이프라인 운송업,소화물 전문 운송업,택배업,"◦대도시 지역이나 도시 간 소화물 택배 서비스를 제공하는 산업활동을 말한다. 이러한 사업체는 택배 물품 수집 및 배달을 포함하는 네트워크 시스템을 형성하며 육상, 수상, 항공 수송 수단이 결합되어 수행될 수 있다.
<예 시>
·택배 서비스
·직영ㆍ위탁 운영하는 우체국 택배 서비스
<제 외>
·팔레트로 운반하는 화물 자동차 운송(해당 산업활동으로 분류)

*국영우편 업무담당기관이 아닌 사업자가 서신송달, 소화물을 수집·운반·배달하는 업(→641201)",86.5,0.0,25.6
2024,630902,운수 및 창고업,창고 및 운송관련 서비스업,그 외 기타 운송관련 서비스업,"통관 대리 및 관련서비스업, 화물 운송 중개, 대리 및 관련 서비스업","◦물품 수출◦입 절차와 관련하여 분류 및 세액을 계산하고, 통관 신고 등 절차를 대행하며 관련 서비스를 제공하는 산업활동을 말한다.
·수출·입 통관절차 대행

<제 외>
*관세사(→749906)

◦화물 운송업자와 화주 간에 화물 운송을 주선, 중개, 대리하는 산업활동을 말한다.
·국제 물류 주선업                           ·복합 운송 주선업
·화물 자동차 운송 주선업                    ·도로 화물 운송 주선업
·해운 대리점                                ·항공 운송 대리점

<제 외>
*화물운송주선사업 중 자기의 명의와 계산으로 화물 운송(→602309)",84.4,0.0,25.0
2024,630903,운수 및 창고업,창고 및 운송관련 서비스업,그 외 기타 운송관련 서비스업,"화물 포장, 검수 및 계량 서비스업","◦운송 물품의 보호를 위하여 운송 화물을 포장하거나 운송 화물을 검수, 계량하는 산업활동을 말한다.
<예 시>
·화물 포장(운송관련)
·화물 계량(운송관련)
·화물 검수(운송관련)
·선적 화물 포장(운송관련)
<제 외>
·일반 상품 포장(749500)
·계량 서비스(749912)

*이사화물운송주선사업(포장이사)(→630905)",84.7,0.0,20.5
2024,630904,운수 및 창고업,육상 운송 및 파이프라인 운송업,소화물 전문 운송업,늘찬 배달업,"◦도시 내에서 소화물을 수집 및 배달하는 산업활동을 말한다. 도시 간 택배 네트워크의 일부로서 운영하는 경우는 제외한다.
<예 시>
·지역 내 소화물 배달
·꽃 배달",86.5,0.0,35.4
2024,630905,운수 및 창고업,창고 및 운송관련 서비스업,그 외 기타 운송관련 서비스업,"화물 포장, 검수 및 계량 서비스업",◦화물자동차 운수사업법 시행령 제9조에 따른 이사화물운송주선사업(포장이사),85.2,0.0,22.1
2024,630909,운수 및 창고업,창고 및 운송관련 서비스업,그 외 기타 운송관련 서비스업,그 외 기타 분류 안된 운송관련 서비스업,"◦그 외 기타 운송관련 서비스업을 수행하는 산업활동을 말한다.
<예 시>
·동물 운송 관리 서비스
·가축 운송관련 서비스
·임시 가축 사육장 운영(운송관련)
·항공기 임대 및 사용 알선, 중개
·선박 임대 및 사용 알선, 중개
<제 외>
·운송관련 화물 계량 서비스(630903)
·운송관련 화물 검수(630903)",82.1,0.0,24.7
2024,641200,정보통신업,우편 및 통신업,공영 우편업,공영 우편업,"◦국가 또는 공공기관이 우편서비스 제공 의무에 따라 우편함 또는 우체국 창구시설 등을 통해 우편물을 수집 및 분배◦배달하는 활동으로서 우표 판매활동과 우편물 분류 및 처리활동, 사서함 임대, 우편물 유치활동을 포함한다.
<예 시>
·우체국
<제 외>
·우편 서비스 기관에서 수행하는 저축 등 금융 활동(659205)
·사설 우편서비스 제공업(641201)",92.5,0.0,23.0
2024,641201,운수 및 창고업,육상 운송 및 파이프라인 운송업,소화물 전문 운송업,택배업,"◦국영우편 업무담당기관이 아닌 사업자가 서신송달, 소화물을 수집·운반·배달하는 업",93.3,0.0,24.6
2024,642001,정보통신업,우편 및 통신업,무선 및 위성 통신업,무선 및 위성 통신업,"◦무선 통신시설을 이용하여 음성, 데이터, 문자, 음향, 영상 및 기타 정보를 송◦수신하는 산업활동을 말한다. 위성 통신시설을 이용하는 통신업도 포함한다.
<예 시>
·무선 전화 서비스
·무선 호출 서비스
·무선 인터넷 서비스
·주파수 공용통신(TRS) 사업
·위성 전화 서비스
·위성 인터넷 서비스
<제 외>
·인공위성 시스템을 이용한 텔레비전 방송활동(921305)",81.2,0.0,19.6
2024,642002,정보통신업,우편 및 통신업,기타 전기 통신업,통신 재판매업,"◦기간통신 사업자로부터 전기 통신 회선설비를 임차하여 기업 및 가정을 대상으로 전화사업(회선 재판매 포함)을 하는 산업활동을 말한다. 이 사업체는 통신망을 운영◦관리하지 않는다.
<예 시>
·무선 통신 재판매
·유선 통신 재판매
·별정 통신 서비스(음성 재판매, 국제전화 콜백 서비스 등)
·유선 인터넷 재판매",83.9,0.0,21.7
2024,642003,정보통신업,우편 및 통신업,기타 전기 통신업,그 외 기타 전기 통신업,"◦그 외 기타 전기 통신업을 수행하는 산업활동을 말한다.
<예 시>
·레이더 서비스
·방송 전송 서비스
·미사일 유도 서비스
·통신 위성 지구국 운영
·통신 중계 서비스
·통신 위성 운영",79.9,0.0,21.1
2024,642004,정보통신업,정보서비스업,포털 및 기타 인터넷 정보 매개 서비스업,포털 및 기타 인터넷 정보 매개 서비스업,"◦인터넷에서 검색, 커뮤니티, 전자메일, 블로그 등의 서비스를 통해 금융, 생활 정보, 뉴스, 이용자 제작 콘텐츠 및 디지털화된 다양한 정보를 매개하는 산업활동을 말한다.
<예 시>
·포털 서비스
·인터넷 정보 매개 서비스
<제 외>
·데이터베이스를 직접 구축하여 정보를 판매하는 서비스(724000)
·전자상거래 방법에 의한 상품 소매(525101)
·온라인상의 증권 중개 서비스(671202)
·온라인상의 부동산 중개 서비스(702001)
·온라인상의 인력 알선 서비스(749100)",77.9,0.0,19.0
2024,642005,정보통신업,우편 및 통신업,유선 통신업,유선 통신업,"◦유선 통신시설을 이용하여 음성, 데이터, 문자, 음향, 영상 및 기타 정보를 송◦수신하는 산업활동을 말한다. 여기에는 유선 통신 회선설비를 임대하는 산업활동을 포함한다.
<예 시>
·유선 전화 서비스
·유선 전신 및 전보 서비스
·유선 인터넷 서비스
·유선 통신 회선설비 임대
<제 외>
·임차한 통신 회선설비를 이용한 전화사업(642002)",81.2,0.0,19.6
2024,659201,금융 및 보험업,금융업,일반은행,국내은행,"◦일반 대중 및 기업을 대상으로 여◦수신 활동을 수행하는 시중은행 및 지방은행을 말하며, 금융 업무를 수행하는 농협◦축협◦수협의 중앙회를 포함한다.
<예 시>
·시중은행
·지방은행
·농협중앙회
·수협중앙회
·축협중앙회
<제 외>
·농협·축협·수협의 단위 조합(659202)",71.7,0.0,17.6
2024,659202,금융 및 보험업,금융업,신용조합 및 저축기관,신용조합,"◦고객으로부터 상호 부금 형태로 조성된 자금을 고객에게 대출하는 은행 이외의 여◦수신 기관을 말한다.
<예 시>
·신용협동조합
·새마을금고
·농협, 축협, 수협의 단위조합
·산림조합",83.5,0.0,18.0
2024,659203,금융 및 보험업,금융업,여신 금융업,그 외 기타 여신 금융업,"◦금융회사 이외의 자가 영위하는 대금업
<예 시>
·사채(사설금융)",25.7,0.0,16.2
2024,659204,금융 및 보험업,금융업,여신 금융업,그 외 기타 여신 금융업,◦전당포업,40.9,0.0,32.8
2024,659205,금융 및 보험업,금융업,신용조합 및 저축기관,상호 저축은행 및 기타 저축기관,"◦일반 고객으로부터 예금 등을 받아 조성된 자금을 고객에게 대출하는 일반은행 이외의 저축기관을 말한다.
<예 시>
·상호 저축은행
·상호 신용금고
·우체국 예금",71.7,0.0,21.8
2024,659206,금융 및 보험업,금융업,여신 금융업,신용카드 및 할부 금융업,"◦신용카드를 발행하고, 그 신용카드 사용에 관련된 자금을 대여하거나 물품 등의 거래(매매)에 필요한 자금을 할부로 분할 대여 또는 분할상환 형태로 회수하는 산업활동을 말한다.
<예 시>
·신용카드 금융
·소비자 할부 금융업
·캐피탈사",78.5,0.0,17.4
2024,659207,금융 및 보험업,금융업,일반은행,외국은행,"◦외국은행의 국내 지점 또는 대리점과 국제기구 은행의 산업활동을 말한다.
<예 시>
·외국은행 지점
·국제기구 은행 지점",71.7,0.0,17.6
2024,659208,금융 및 보험업,금융업,여신 금융업,금융 리스업,"◦대체적으로 자산의 내용 연수 만기에 가까운 기간을 그 자산의 대여 기간으로 정하여 설비에 대한 금융을 제공하는 활동으로서, 임차인은 그 자산의 이용과 소유권에 관련된 손익과 위험에 관련된 모든 것을 책임지며, 만기 시에 그 자산의 양도 여부는 별도로 정할 수 있다.
<예 시>
·금융 리스
<제 외>
·운용 리스(임대되는 상품의 종류에 따라 적합한 항목에 각각 분류)",78.5,0.0,17.4
2024,659209,금융 및 보험업,금융업,여신 금융업,개발 금융기관,"◦대부분의 운영 자금을 중앙은행, 정부 또는 해외로부터 차입이나 채권 발행 등을 통하여 조달하고, 장기 거액 자금이 소요되는 특정 부문을 대상으로 금융 리스 이외의 방법으로 장기 사업 자금의 대출 업무를 수행하는 신용기관을 말한다.
<예 시>
·수출입은행
<제 외>
·금융 리스(659208)
·운용 리스(임대되는 상품의 종류에 따라 적합한 항목에 각각 분류)",78.5,0.0,17.4
2024,659900,금융 및 보험업,금융업,신탁업 및 집합 투자업,기타 금융 투자업,"◦자기계정으로 금융 투자 상품 매도ㆍ매수, 증권 발행ㆍ인수 또는 그 청약 권유, 청약 및 청약 승낙 등을 영업으로 하는 투자 매매업과 벤처 캐피탈 등 기타 금융 투자활동을 말한다.
<예 시>
·투자 매매업
·벤처 캐피탈(신기술 사업금융업, 창업 투자회사 등)
<제 외>
·부동산 투자신탁(703011,703012,703021~703024)
·선박 임대 투자회사(712200)
·일반영화 투자회사(921502)
·금융 투자 일임업(671903)",77.6,0.0,17.4
2024,659901,"사업시설 관리, 사업지원 및 임대 서비스업",사업지원 서비스업,그 외 기타 사업 지원 서비스업,"온라인 활용 마케팅 및 관련 사업지원 서비스업, 그 외 기타 분류 안된 사업 지원 서비스업",◦상품권 매매업,70.3,0.0,11.5
2024,659902,금융 및 보험업,금융업,그 외 기타 금융업,그 외 기타 분류 안된 금융업,"◦그 외 기타 금융활동을 수행하는 산업활동을 말한다.
<예 시>
·선불카드 발행업
<제 외>
·선불카드 결제 대행 서비스(671900)",83.4,0.0,12.2
2024,659903,금융 및 보험업,금융업,신탁업 및 집합 투자업,신탁업 및 집합 투자업,"◦증권 발행, 신탁 및 기타 출자(채권, 어음 및 기타 금융자산 출자 등)방법을 통해 투자자로부터 모집한 자금을 자기계정으로 증권에 투자하여 수익을 투자자에게 배분하는 산업활동을 말한다.
<예 시>
·자산 운용회사
·뮤츄얼 펀드 조성 및 관리
<제 외>
·수수료 또는 계약에 의한 유가증권 관리 및 보관(671902)
·모집 자금을 비금융자산에 투자하는 경우 해당 산업의 특성에 따라 분류
·금융 투자 일임업(671903)",77.6,0.0,17.4
2024,659904,금융 및 보험업,금융업,여신 금융업,그 외 기타 여신 금융업,"◦은행, 개발 금융회사, 신용카드 및 할부 금융기관을 제외한 기타 자금대부에 관련되는 금융활동을 수행하는 여신 전문 금융기관을 말한다. 재할인 금융업무 등도 포함한다.
<예 시>
·재할인 개인 대출회사(비은행)
·증권 금융회사
·파이낸스(여신기관)
·종합 금융회사
·매출 채권 등 팩토링(factoring) 금융
<제 외>
*금융회사 이외의 자가 영위하는 대금업(→659203)
*전당포업(→659204)",79.3,0.0,17.4
2024,659905,금융 및 보험업,금융업,그 외 기타 금융업,기금 운영업,"◦정부가 산업의 발전 및 안정 등 각종 목적으로 조성한 공공 기금(연금 및 보험 기금 제외)을 관리, 운용하는 산업활동을 말한다.
<예 시>
·주택도시기금
·금융안정기금 
·공공 기금 관리(연금, 보험 제외)
<제 외>
·일반 대중의 신탁 자금 관리 운영(659903)
·신용보증기금 운영(660304)
·연금 기금 관리 운영(660309)",79.3,0.0,17.4
2024,659906,금융 및 보험업,금융업,그 외 기타 금융업,지주회사,"◦다른 기업체의 지배적 지분을 소유하거나 회사의 경영 전략에 영향력을 행사할 목적으로 주식을 확보◦유지하는 산업활동을 말한다. 그러나 지주회사는 소속 회사의 운영 및 관리 등에 관한 직접적인 경영활동에는 관여하지 않는다.
<예 시>
·금융 지주회사
·비금융 지주회사",79.3,0.0,17.4
2024,660100,금융 및 보험업,보험업,생명보험업,생명보험업,"◦생명보험을 운영하는 산업활동을 말한다. 기금의 모금 및 이의 투자활동이 포함될 수 있다.
<예 시>
·생명보험
·연금보험
·상해보험
<제 외>
·손해보험(660301~660303)
·생명 재보험(660101)",96.5,0.0,24.4
2024,660101,금융 및 보험업,보험업,재보험업,재보험업,"◦생명 또는 비생명 보험회사의 위험을 일부 또는 전부 인수하여 보험업무를 수행하는 제2차 보험업자의 산업활동을 말한다.
<예 시>
·손해보험 재보험
·보증보험 재보험
·생명보험 재보험
·화재보험 재보험",96.5,0.0,28.6
2024,660301,금융 및 보험업,보험업,손해 및 보증보험업,손해보험업,"◦해상 및 자동차 사고로 발생하는 여객, 화물의 손해에 대한 보험업무를 주로 수행하는 산업활동을 말한다.
<예 시>
·자동차보험
·해상보험(적하ㆍ선박ㆍ운송보험 등)
<제 외>
*화재로 인한 손해에 대한 보험(→660302)
*달리 분류되지 않은 기타손해보험(→660303)",88.1,0.0,31.7
2024,660302,금융 및 보험업,보험업,손해 및 보증보험업,손해보험업,"◦화재로 인한 손해에 대한 보험업무를 주로 수행하는 산업활동을 말한다.
<예 시>
·화재보험
<제 외>
*자동차 및 해상보험(→660301)
*달리 분류되지 않은 기타손해보험(→660303)",72.8,0.0,26.3
2024,660303,금융 및 보험업,보험업,손해 및 보증보험업,손해보험업,"◦자동차보험, 해상보험, 화재보험을 제외한 각종 보험 사고로 발생하는 재산 손해에 대한 보험업무를 주로 수행하는 산업활동을 말한다. 
<예 시>
·화물보험
·재물보험
·도난보험
·재산종합보험
·여행자보험
<제 외>
·생명보험(660100)
·생명재보험(660101)
·보증보험 및 책임보험(660304)

*자동차 및 해상보험(→660301)
*화재로 인한 손해에 대한 보험(→660302)",70.6,0.0,26.3
2024,660304,금융 및 보험업,보험업,손해 및 보증보험업,보증보험업,"◦개인 및 사업체의 신용 보증보험, 부동산 및 물품 보증보험, 재산권 및 기타 권리 보증보험, 책임 보증보험 등을 수행하는 산업활동을 말한다.
<예 시>
·재정 보증보험
·수출 보증보험
·기술 신용보증
·신용 보증(개인 또는 사업체)
·주택 보증보험
·책임보험",70.6,0.0,26.3
2024,660305,"공공 행정, 국방 및 사회보장 행정","공공 행정, 국방 및 사회보장 행정",사회보장보험업,건강보험업,◦건강보험을 운영하는 산업활동을 말한다.,70.6,0.0,26.3
2024,660306,"공공 행정, 국방 및 사회보장 행정","공공 행정, 국방 및 사회보장 행정",사회보장보험업,산업 재해 및 기타 사회보장보험업,"◦근로자의 업무와 관련된 산업 재해를 보상하기 위한 요양 및 급여 등의 산업 재해보험과 실직보험 등의 사회복지적 보험기금을 관리․운영하는 산업활동을 말한다.
<예 시>
·실업보험
·산재보험
<제 외>
·연금 기금 및 공제 기금 운영(660307~660309)",70.6,0.0,26.3
2024,660307,금융 및 보험업,보험업,공제업,개인 공제업,"◦사업체 구성원의 복지와 대여에 사용하기 위한 공제 기금을 운영하는 산업활동을 말한다.
<예 시>
·군인공제
·교원공제",70.6,0.0,26.3
2024,660308,금융 및 보험업,보험업,공제업,사업 공제업,"◦사업체 상호간의 협동 조직을 통하여 사업활동에 필요한 각종 보증과 사업자금 융자 등을 하기 위한 공제 기금을 조성하여 운영하는 산업활동을 말한다.
<예 시>
·건설 공제조합
·주택 공제조합",70.6,0.0,26.3
2024,660309,"공공 행정, 국방 및 사회보장 행정","공공 행정, 국방 및 사회보장 행정",연금업,연금업,"◦가입자가 퇴직 후에 소득 보장을 받도록 현 소득의 일부를 기금으로 공제하여 관리 및 운영하는 산업활동을 말한다.
<예 시>
·군인연금
·교원연금
·공무원연금
·국민연금",70.6,0.0,26.3
2024,671201,금융 및 보험업,금융 및 보험관련 서비스업,기타 금융 지원 서비스업,그 외 기타 금융 지원 서비스업,◦국공채를 매입하여 증권회사에 직접 납품하는 경우에 한함,99.8,0.0,8.0
2024,671202,금융 및 보험업,금융 및 보험관련 서비스업,증권 및 선물 중개업,증권 중개업,"◦금융시장에서 증권 판매자 또는 매수자의 한편에 서서 증권을 중개하는 서비스를 제공하는 산업활동을 말하며, 부수적으로 투자 분석자료 등을 수집◦제공할 수 있다.
<예 시>
·증권회사
·온라인 증권회사
<제 외>
·자기계정에 의하여 증권을 매수, 매도하는 투자활동(659900)",95.0,0.0,8.0
2024,671203,금융 및 보험업,금융 및 보험관련 서비스업,증권 및 선물 중개업,선물 중개업,◦선물 거래 방식에 의하여 회원들과 예약된 미래 상품의 판매 또는 구매를 중개하는 산업활동을 말한다.,95.0,0.0,8.0
2024,671900,금융 및 보험업,금융 및 보험관련 서비스업,기타 금융 지원 서비스업,그 외 기타 금융 지원 서비스업,"◦신용카드 거래 및 각종 금융 거래 결제 및 처리 서비스, 은행 및 발행자를 위한 어음, 수표 교환 및 현금화 서비스, 증권 및 금융 파생상품 이외 금융자산 중개, 외국환 서비스 및 환전 서비스, 여행자 수표의 발행, 현물환 대상 환전 영업자 서비스, 대부 중개 등 금융업과 밀접히 관련된 서비스를 제공하는 산업활동을 포함한다.
<예 시>
·금융 거래 결제 및 처리(이체, 지불 등)서비스
·어음, 수표 교환 서비스
·지불 결제 사업자(PG) 서비스
·외국환 서비스
·증권 및 파생상품 이외의 금융자산 중개
·대부 중개 서비스
·현물환 대상 환전 영업자 서비스(개인 대상)
<제 외>
·선물환 중개(671203)
·금융기관의 현물환 서비스(641100, 659201~659209, 659900, 659902~659906)

*국공채를 매입하여 증권회사에 직접 납품하는 경우에 한함(→671201)",85.1,0.0,27.4
2024,671901,금융 및 보험업,금융 및 보험관련 서비스업,금융시장 관리업,금융시장 관리업,"◦금융시장 관리◦감독이나 증권거래 활동 및 기타 금융기관의 활동을 규제 또는 감독하는 산업활동을 말한다. 또한 유가증권의 매매를 원활하게 하는 공간을 제공하는 산업활동을 포함한다. 보험 관련 관리◦규제◦감독하는 산업활동도 포함한다.
<예 시>
·금융 감독
·증권거래소
·코스닥거래소
·선물거래소
·보험 감독
<제 외>
·증권회사(671202)",85.1,0.0,29.0
2024,671902,금융 및 보험업,금융 및 보험관련 서비스업,기타 금융 지원 서비스업,"증권 발행, 관리, 보관 및 거래 지원 서비스업","◦수수료에 의하여 증권의 발행, 관리, 신탁 및 청산 결제, 보관 및 기타 증권 거래 관련 지원 서비스를 수행하는 산업활동을 말한다.
<제 외>
·고객의 자금을 모집하여 자기계정으로 투자(659903)",85.1,0.0,29.0
2024,671903,금융 및 보험업,금융 및 보험관련 서비스업,기타 금융 지원 서비스업,투자 자문업 및 투자 일임업,"◦수수료에 의하여 고객에게 투자 자문업 및 투자 일임업을 제공하는 산업활동을 말한다. 투자 자문업이 투자 분야의 결정 등 투자활동을 하지 않는 반면, 투자 일임업은 투자 판단의 전부 또는 일부를 일임 받아 투자자별로 구분하여 금융 투자 상품을 취득◦처분, 그 밖의 방법으로 운용한다.",85.1,0.0,25.3
2024,672000,금융 및 보험업,금융 및 보험관련 서비스업,보험 및 연금관련 서비스업,보험 대리 및 중개업,"◦보험 사업자를 위해서 보험 계약 체결을 대리 또는 중개, 알선하는 산업활동을 말한다. 이러한 보험 대리는 하나 이상의 보험 사업자를 대리할 수 있으며 보험 사업자 대리에 관련된 피보험자에 대한 대리서비스를 포함한다.
<예 시>
·생명보험 대리점
·손해보험 대리점",73.0,0.0,25.6
2024,672001,금융 및 보험업,금융 및 보험관련 서비스업,보험 및 연금관련 서비스업,기타 보험 및 연금관련 서비스업,"◦이 산업에는 보험 및 연금 조사 보고, 보험료 및 연금료 결정 등의 서비스를 제공하는 사업체를 포함한다.
<예 시>
·보험 및 연금 요율 결정
·보험 조사 보고 서비스",73.0,0.0,20.7
2024,701101,부동산업,부동산업,부동산 임대업,주거용 건물 임대업,◦「소득세법」 제12조에 따른 기준시가가 12억원을 초과하는 주택,37.4,0.0,9.1
2024,701102,부동산업,부동산업,부동산 임대업,주거용 건물 임대업,"◦ 주거용 건물 및 건물 일부를 임대하는 산업활동을 말한다. 주로 1개월을 초과하는 기간으로 임대 기간을 약정하며, 가구 등 집기류를 포함하여 임대할 수 있다. 
-기준시가가 12억원을 초과하지 않는 아파트, 공동주택, 다가구주택, 단독주택 등
<제 외>
*기준시가 12억원 초과(→701101)
*장기임대 국민주택(공동주택 및 단독주택)(→701103)
*장기임대 국민주택(다가구주택)(→701104)
*임차부동산의 전대 또는 전전대에 따른 수입(→701301)",42.6,0.0,15.5
2024,701103,부동산업,부동산업,부동산 임대업,주거용 건물 임대업(장기임대공동·단독주택),"◦장기임대 국민주택 (공동주택 및 단독주택) 
-국민주택 5호 이상을 5년 이상 임대한 경우에 한하여 적용",61.6,0.0,20.1
2024,701104,부동산업,부동산업,부동산 임대업,주거용 건물 임대업(장기임대다가구주택),"◦장기임대 국민주택 (다가구주택)
 -국민주택 5호 이상을 5년 이상 임대한 경우에 한하여 적용",59.2,0.0,17.2
2024,701201,부동산업,부동산업,부동산 임대업,"비주거용 건물 임대업(점포, 자기땅)","◦사무, 상업 및 기타 비거주용 건물(점포, 사무실 포함)을 임대하는 산업활동을 말한다.
 -건물과 토지를 함께 임대한 경우 건물에 정착된 토지면적의 3배 이내의 토지 포함
<제 외>
*대지 소유자가 타인인 점포임대, 소규모 점포 임대(→701202)
*지식산업센터 임대(→701203)
*광고용 건물 임대(→701204)
*자기소유의 공유오피스 또는 소호사무실의 임대에 따른 수입(→701206)
*임차부동산의 전대 또는 전전대에 따른 수입(→701300)
*공장재단 대여(자기땅)(→701501)
*공장재단 대여(타인땅)(→701502)
*극장임대(→921404)",41.5,0.0,19.9
2024,701202,부동산업,부동산업,부동산 임대업,"비주거용 건물 임대업(점포, 타인땅)","◦대지 소유자가 타인인 점포임대(공장건물임대포함)
◦소규모 점포 임대
 ·해당 사업장의 연간 부동산 임대 수입금액이 600만원 미만인 점포를 임대하는 사업자",36.9,0.0,9.8
2024,701203,부동산업,부동산업,부동산 임대업,비주거용 건물 임대업,"◦지식산업센터 임대
 ·「산업집적활성화 및 공장설립에 관한 법률」 제2조제13호에 따른 다층형 집합 건축물 임대
 -아파트형 공장 등 임대",57.2,0.0,22.6
2024,701204,부동산업,부동산업,부동산 임대업,비주거용 건물 임대업,◦광고용 건물 임대,42.3,0.0,18.5
2024,701205,부동산업,부동산업,부동산 임대업,비주거용 건물 임대업,"◦주방 기기와 설비가 갖춰진 공간의 대여에 따른 수입
<예 시>
·공유주방",43.4,0.0,4.2
2024,701206,부동산업,부동산업,부동산 임대업,비주거용 건물 임대업(공유오피스 임대),"◦ 자기소유의 사무, 상업용 공간(사무실 포함)으로서 업무공간은 여러 개의 작은 공간으로 나누어 임대하고 회의실, 휴게실 등은 공동으로 사용하는 임대에 따른 수입
<예시> 공유오피스, 소호사무실 임대
<제외> 타인소유의 공유오피스 또는 소호사무실 전대(또는 전전대)에 따른 수입(→701302)",41.5,0.0,19.9
2024,701300,부동산업,부동산업,부동산 임대업,비주거용 건물 임대업,"◦임차부동산의 전대 또는 전전대에 따른 수입
<제외> 타인소유의 공유오피스 또는 소호사무실의 전대(또는 전전대)에 따른 수입(→701302)",43.4,0.0,3.7
2024,701301,부동산업,부동산업,부동산 임대업,주거용 건물 임대업,◦임차부동산의 전대 또는 전전대에 따른 수입,43.4,0.0,8.7
2024,701302,부동산업,부동산업,부동산 임대업,비주거용 건물 임대업(공유오피스 전대),"◦ 타인소유의 사무, 상업용 공간(사무실 포함)을 임차하여 업무공간은 여러 개의 작은 공간으로 나누어 전대 또는 전전대하고 회의실, 휴게실 등은 공동으로 사용하는 전대 또는 전전대에 따른 수입
<예시> 공유오피스, 소호사무실 전대 또는 전전대
<제외> 자기소유의 공유오피스 또는 소호사무실 임대에 따른 수입(→701206)",43.4,0.0,5.5
2024,701400,부동산업,부동산업,부동산 임대업,기타 부동산 임대업,"◦농업용 토지 및 기타 부동산을 임대하는 산업활동을 말한다. 부동산과 관련한 권리를 임대하는 산업활동을 포함한다.
<예 시>
·토지 임대
·이동 주택 용지 임대
·공터 임대
<제 외>
*광업재단 대여(자기땅)(→701503)
*광업재단 대여(타인땅)(→701504)",14.6,0.0,3.1
2024,701501,부동산업,부동산업,부동산 임대업,비주거용 건물 임대업(자기땅),◦「공장 및 광업재단 저당법」 제11조에 따라 보존등기된 공장재단의 대여로 인한 수입,50.1,0.0,13.6
2024,701502,부동산업,부동산업,부동산 임대업,비주거용 건물 임대업(타인땅),◦「공장 및 광업재단 저당법」 제11조에 따라 보존등기된 공장재단의 대여로 인한 수입,65.8,0.0,15.0
2024,701503,부동산업,부동산업,부동산 임대업,기타 부동산 임대업(자기땅),"◦「공장 및 광업재단 저당법」제52조에 따라 보존등기된 광업재단의 대여로 인한 수입
◦광업재단대여시 건물과 토지를 함께 임대한 경우 건물에 정착된 토지면적의 3배 이내의 토지포지 포함",50.1,0.0,9.6
2024,701504,부동산업,부동산업,부동산 임대업,기타 부동산 임대업(타인땅),"◦「공장 및 광업재단 저당법」제52조에 따라 보존등기된 광업재단의 대여로 인한 수입
◦광업재단대여시 건물과 토지를 함께 임대한 경우 건물에 정착된 토지면적의 3배 이내의 토지포함",66.4,0.0,18.1
2024,701600,"사업시설 관리, 사업지원 및 임대 서비스업",임대업: 부동산 제외,무형 재산권 임대업,무형 재산권 임대업,◦광업권자·조광권자의 채굴에 관한 권리의 대여로 인한 수입,67.2,0.0,14.3
2024,701700,"협회 및 단체, 수리 및 기타 개인서비스업",기타 개인 서비스업,장례식장 및 관련 서비스업,"화장터 운영, 묘지 분양 및 관리업","◦묘지를 개발하여 분묘기지권을 설정하고 분묘설치자로부터 받은 지료 등의 수입
<예 시>
·공원 묘지 분양",89.0,0.0,15.2
2024,702001,부동산업,부동산업,"부동산 중개, 자문 및 감정 평가업","부동산 중개 및 대리업, 부동산 분양 대행업","◦수수료 또는 계약에 의해 건물, 토지 및 관련 구조물 등을 포함한 모든 형태의 부동산을 구매 또는 판매하는데 관련된 부동산 중개 또는 대리 서비스를 제공하는 산업활동을 말한다.
<예 시>
·토지 판매 중개 서비스
·부동산 판매 대리업
·건물 거래 중개업
·부동산 임대 중개업
·토지 임대 중개업
·부동산 소유권 조사 서비스
<제 외>
·부동산 중개, 대리 계약과 관련 없이 투자와 관련하여 독립적으로 실시되는 자문 서비스업(702004)",78.2,0.0,22.1
2024,702002,부동산업,부동산업,"부동산 중개, 자문 및 감정 평가업",부동산 감정 평가업,"◦수수료 또는 계약에 의해 부동산 임대, 부동산 판매 등에 따른 부동산 감정 평가 업무를 수행하는 산업활동을 말한다.
<예 시>
·부동산 감정 평가 사무소
·부동산 감정 평가법인",58.2,0.0,29.3
2024,702003,부동산업,부동산업,부동산 관리업,비주거용 부동산 관리업,"◦타인을 위하여 비주거용 부동산을 관리하는 산업활동을 말한다.
<예 시>
·사무용 건물 관리
<제 외>
·사업시설 유지·관리 서비스(749935)",84.2,0.0,21.5
2024,702004,부동산업,부동산업,"부동산 중개, 자문 및 감정 평가업",부동산 투자 자문업,"◦수수료 또는 계약에 의해 건물, 토지 및 관련 구조물 등을 포함한 모든 종류의 부동산을 구매 또는 판매하는데 관련된 부동산 투자 자문서비스를 제공하는 산업활동을 말한다. 부동산 중개 및 대리와 관련된 자문 서비스는 제외한다.
<예 시>
·부동산 구매 자문 서비스업
·부동산 판매 자문 서비스업
<제 외>
·부동산 중개, 대리와 관련하여 부수적으로 실시하는 자문 서비스업(702001)",80.6,0.0,29.7
2024,702005,부동산업,부동산업,부동산 관리업,주거용 부동산 관리업,"◦타인을 위하여 주거용 부동산을 관리하는 산업활동을 말한다.
<예 시>
·아파트 관리",85.8,0.0,23.8
2024,703011,부동산업,부동산업,부동산 개발 및 공급업,주거용 건물 개발 및 공급업,"◦직접 건설활동을 수행하지 않고 전체 건물 건설공사를 일괄 도급하여 주거용 건물을 건설하고, 이를 분양◦판매하는 산업활동을 말한다. 구입한 주거용 건물을 재판매하는 경우도 포함한다.(토지보유 5년 미만)
<제 외>
*토지보유 5년 이상(→703012)",82.1,0.0,15.8
2024,703012,부동산업,부동산업,부동산 개발 및 공급업,주거용 건물 개발 및 공급업,"◦주거용 건물 매매업(토지보유 5년 이상)
 -구입한 주거용 건물 재판매
<제 외>
*토지보유 5년 미만(→703011)",70.0,0.0,11.0
2024,703014,부동산업,부동산업,부동산 개발 및 공급업,비주거용 건물 개발 및 공급업,"◦직접 건설활동을 수행하지 않고 전체 건물 건설공사를 일괄 도급하여 비주거용 건물을 건설하고, 이를 분양◦판매하는 산업활동을 말한다. 구입한 비주거용 건물을 재판매하는 경우도 포함한다.(토지보유 5년 미만)
<제 외>
*토지보유 5년 이상(→703016)
*토지보유 5년 미만(도급건설판매)(→703021)
*토지보유 5년 이상(도급건설판매)(→703022)
*토지보유 5년 미만(건축 시행사)(→703023)
*토지보유 5년 이상(건축 시행사)(→703024)",82.1,0.0,12.6
2024,703015,부동산업,부동산업,부동산 개발 및 공급업,기타 부동산 개발 및 공급업,"◦택지, 농지 및 농장, 공업용지 등 각종 용도의 토지 및 기타 부동산을 위탁 또는 자영 개발하여 분양◦판매하는 산업활동을 말한다. 구입한 토지를 재판매하는 경우도 포함한다.(토지보유5년 미만)
<예 시>
·농지개발 분양·판매
·용지개발 분양·판매
·토지개발 분양·판매
·광산용지 개발 판매
<제 외>
·묘지 분양(701700)

*토지매매(토지보유5년 이상)(→703017)",82.1,0.0,11.4
2024,703016,부동산업,부동산업,부동산 개발 및 공급업,비주거용 건물 개발 및 공급업,"◦비주거용 건물 매매업(토지보유 5년 이상)
 -구입한 비주거용 건물을 재판매
<예 시>
·상가 개발 공급(분양)
·휴양시설 개발 공급(분양)",70.0,0.0,11.4
2024,703017,부동산업,부동산업,부동산 개발 및 공급업,기타 부동산 개발 및 공급업,"◦각종용도의 토지매매업(토지보유5년 이상)
 *각종 용도의 토지 및 기타 부동산을 위탁 또는 자영 개발하여 분양. 재판매. 구입한 토지를 재판매 하는 경우도 포함
 ·간척지개발농지분양판매, 관광농지개발분양, 광업권매매, 농장개발분양
",70.0,0.0,10.0
2024,703021,부동산업,부동산업,부동산 개발 및 공급업,비주거용 건물 개발 및 공급업,"◦비주거용 건물을 건설하여 판매(토지보유 5년 미만)
 -직접 건설활동을 수행하지 않고 건설공사 분야별로 도급을 주어 전체적으로 건설공사를 관리하는 경우 포함",85.6,0.0,20.5
2024,703022,부동산업,부동산업,부동산 개발 및 공급업,비주거용 건물 개발 및 공급업,"◦비주거용 건물을 건설하여 판매(토지보유 5년 이상)
 -직접 건설활동을 수행하지 않고 건설공사 분야별로 도급을 주어 전체적으로 건설공사를 관리하는 경우 포함",83.1,0.0,13.8
2024,703023,부동산업,부동산업,부동산 개발 및 공급업,비주거용 건물 개발 및 공급업,"◦비주거용 부동산을 신축하여 판매(토지보유 5년 미만)
 -직접 건설을 수행하지 않고 전체 건물공사를 일괄 도급하여 건물을 건설하고 이를 분양, 판매(건축 시행사)",86.7,0.0,12.0
2024,703024,부동산업,부동산업,부동산 개발 및 공급업,비주거용 건물 개발 및 공급업,"◦비주거용 부동산을 신축하여 판매(토지보유 5년 이상)
 -직접 건설을 수행하지 않고 전체 건물공사를 일괄 도급하여 건물을 건설하고 이를 분양, 판매(건축 시행사)",85.6,0.0,14.8
2024,712100,"사업시설 관리, 사업지원 및 임대 서비스업",임대업: 부동산 제외,기타 산업용 기계 및 장비 임대업,기타 산업용 기계 및 장비 임대업,◦운전자 없이 농업용 기계장비를 주로 리스 또는 임대하는 업,81.2,0.0,25.1
2024,712200,"사업시설 관리, 사업지원 및 임대 서비스업",임대업: 부동산 제외,기타 운송장비 임대업,기타 운송장비 임대업,"◦자동차를 제외한 기타 운송장비를 운전자 없이 리스 또는 임대하는 산업활동을 말한다.
<예 시>
·컨테이너 임대
·선박 임대
·모터사이클 임대
·철도 차량 임대
·항공기 임대
·상업용 보트 임대
·운전자 없는 운송장비 재임대
<제 외>
·승무원 딸린 수상 운송장비 임대(611001~611005, 612000~612002)
·수상 오락시설에서의 놀이용 보트 임대 및 관련 정박 설비 운영(924915)
·조종사 딸린 항공 운송장비 임대(621000, 621001)",78.5,0.0,19.0
2024,712201,"사업시설 관리, 사업지원 및 임대 서비스업",임대업: 부동산 제외,기타 산업용 기계 및 장비 임대업,기타 산업용 기계 및 장비 임대업,"◦일반적으로 사업체에서 자본재로 사용되는 각종 기계◦장비를 리스 또는 임대하거나 특정 산업 및 상업용 기계◦장비를 리스 또는 임대하는 산업활동을 말한다. 각종 산업용 기계 및 장비를 종합 임대하는 활동도 포함한다.
<예 시>
·기관 및 터빈 임대
·전문 과학 기계·장비 임대
·공작기계 임대
·측정 및 제어용 기계·장비 임대
·광산 및 유전용 장비 임대
·동전 조작식 오락기 임대(사업장 용품)
·화물 취급장비 임대
·도박기계 임대
·벌목장비 임대
·통신장비 임대
·파렛트 임대
·각종 장비 종합 임대
·동물 임대
·용접장비 임대
<제 외>
·운전자가 딸린 농업용 기계·장비 임대(014302)
·정원용 장비 임대(713001)
·금융 리스(659208)
·건설 및 토목공사용 기계·장비 임대(운전자 없이)(712201)
·사무용 기계·장비 임대(조작자 없이)(712203)

*운전자 없이 농업용 기계장비를 리스 또는 임대(→712100)
*연극공연 및 영화제작 용품임대(→713003)",79.6,0.0,21.4
2024,712202,"사업시설 관리, 사업지원 및 임대 서비스업",임대업: 부동산 제외,건설 및 토목공사용 기계ㆍ장비 임대업,건설 및 토목공사용 기계ㆍ장비 임대업,"◦운전자 없이 건설 및 토목공사용 기계◦장비(크레인 차량 포함)를 리스 또는 임대하는 산업활동을 말한다.
<예 시>
·굴착기, 굴삭기, 포크레인 임대
·건설용 거푸집(유로폼) 임대
<제 외>
·운전자 딸린 건설 기계·장비 임대(453000)
·화물 취급장비 임대(712201)",79.6,0.0,22.5
2024,712203,"사업시설 관리, 사업지원 및 임대 서비스업",임대업: 부동산 제외,컴퓨터 및 사무용 기계ㆍ장비 임대업,컴퓨터 및 사무용 기계ㆍ장비 임대업,"◦조작자 없이 컴퓨터를 포함한 각종 사무, 회계 및 계산기를 리스 또는 임대하는 산업활동을 말한다.
<예 시>
·팩시밀리 임대
·복사기 임대
·사무용 가구 임대
·현금 등록기 임대
·회계 기계·장비 임대
<제 외>
·컴퓨터 및 주변기기 유지·수리(725000)",79.6,0.0,15.3
2024,713001,"사업시설 관리, 사업지원 및 임대 서비스업",임대업: 부동산 제외,기타 개인 및 가정용품 임대업,그 외 기타 개인 및 가정용품 임대업,"◦달리 분류되지 않은 개인 및 가정용품을 임대하는 산업활동을 말한다. 각종 가정용품의 종합 임대 활동도 여기에 포함한다.
<예 시>
·주방 및 식탁용품 임대
·가전제품 임대
·가정용 가구 임대
·가정용 기기 임대
·휠체어 임대
·화환, 화분 임대
·장신구 임대
·의복 및 가정용 직물제품 임대
·정원용품 임대
·악기 임대",84.9,0.0,23.3
2024,713002,"사업시설 관리, 사업지원 및 임대 서비스업",임대업: 부동산 제외,스포츠 및 레크리에이션 용품 임대업,스포츠 및 레크리에이션 용품 임대업,"◦각종 운동, 여가 및 유희용품을 임대하는 산업활동을 말한다.
<예 시>
·스키 임대
·장난감 임대
·자전거 임대
·물놀이 기구 임대
·승무원이 동승하지 않는 낚싯배 및 카누 임대(수상 오락시설과는 독립적으로 경영하는 경우)
<제 외>
·오락산업에 종사하는 사업체에서 그 산업활동에 포함하여 오락용품을 임대하는 경우는 적합한 항목에 분류
·물놀이 시설에서의 물놀이 기구 임대(924915)",84.8,0.0,21.9
2024,713003,"사업시설 관리, 사업지원 및 임대 서비스업",임대업: 부동산 제외,기타 산업용 기계 및 장비 임대업,기타 산업용 기계 및 장비 임대업,"◦연극공연 및 영화제작 용품임대
 -연극공연 및 영화제작에 관련하여 사용되는 무대장치, 배경설비, 무대의상 및 관련용품을 주로 임대하는 업
<예 시>
·영화촬영장, 연극공연용품, 무대의상 및 장치, 영화제작용품, 영화촬영 장비 등의 임대",83.2,0.0,24.4
2024,713004,"사업시설 관리, 사업지원 및 임대 서비스업",임대업: 부동산 제외,음반 및 비디오물 임대업,음반 및 비디오물 임대업,"◦음반, 비디오테이프 및 기타 오디오 기록물, 게임 소프트웨어를 임대하는 산업활동을 말한다.
<예 시>
·비디오테이프 임대
·오디오 테이프 임대
·게임 소프트웨어 임대
<제 외>
·영화용 필름 임대(921100)",83.4,0.0,14.6
2024,713005,"사업시설 관리, 사업지원 및 임대 서비스업",임대업: 부동산 제외,기타 개인 및 가정용품 임대업,서적 임대업,"◦각종 서적, 정기 간행물, 잡지 등 인쇄 기록물을 임대하는 산업활동을 말한다.
<예 시>
·만화책 임대
<제 외>
·도서관, 자료실 및 시청각실(923101), 독서실(923100)운영",86.6,0.0,18.8
2024,713006,"사업시설 관리, 사업지원 및 임대 서비스업",임대업: 부동산 제외,기타 개인 및 가정용품 임대업,의류 임대업,"◦정장 및 기타 의류를 임대하는 산업활동을 말한다.
<예 시>
·상복 임대
·연극 의류 임대
·영화 의류 임대
<제 외>
*신부(신랑)드레스대여(→930903)",85.8,0.0,22.7
2024,721000,정보통신업,"컴퓨터 프로그래밍, 시스템 통합 및 관리업","컴퓨터 시스템 통합 자문, 구축 및 관리업",컴퓨터 시스템 통합 자문 및 구축 서비스업,"◦컴퓨터 하드웨어, 소프트웨어 및 통신 기술을 통합하는 컴퓨터 시스템을 기획, 설계하는 산업활동을 말한다. 이 사업체는 시스템 통합 서비스를 위하여 구성 요소인 하드웨어와 소프트웨어의 개발, 판매, 시스템 설치, 시스템 이용자 훈련을 부수적으로 수행할 수 있다.
<예 시>
·시스템 통합(SI) 구축 설계
·시스템 통합 설계 자문
·근거리 통신망(LAN) 컴퓨터 시스템 통합 설계
·사무 자동화 컴퓨터 시스템 통합 설계
·정보 관리 컴퓨터 시스템 통합 설계",75.0,0.0,23.4
2024,721001,정보통신업,"컴퓨터 프로그래밍, 시스템 통합 및 관리업","컴퓨터 시스템 통합 자문, 구축 및 관리업",컴퓨터시설 관리업,"◦고객 사업장의 컴퓨터 시스템 및 자료 처리시설을 관리하는 산업활동을 말한다. 이러한 관리활동은 고객의 사업장 또는 관리 사업체에서 온라인으로 수행할 수 있으며, 부수적으로 관련 소프트웨어의 설계 및 보완이 관리과정에서 이루어질 수 있다.",78.1,0.0,26.3
2024,722000,정보통신업,출판업,시스템ㆍ응용 소프트웨어 개발 및 공급업,응용 소프트웨어 개발 및 공급업,"◦컴퓨터에서 특정한 업무 처리를 위하여 기능 및 프로세스를 프로그램화 하여 자동적으로 처리하는 범용성의 응용 소프트웨어를 개발하는 산업활동을 말한다. 인터넷, 휴대폰 및 PDA 등에 사용하는 모바일용 응용 소프트웨어를 개발ㆍ공급하는 산업활동도 포함한다.
<예 시>
·통계 처리 프로그램 개발
·사무용 S/W 개발
·회계용 S/W 개발
·기업 관리용(ERP) S/W 개발
·임베디드용 응용 S/W 개발
·응용 소프트웨어 소스 코드(source code) 개발·공급
·인터넷 및 모바일용 응용 S/W 개발
<제 외>
·게임 소프트웨어 개발(722001,722002,722003)",75.2,0.0,24.7
2024,722001,정보통신업,출판업,게임 소프트웨어 개발 및 공급업,유선 온라인 게임 소프트웨어 개발 및 공급업,"◦유선 통신시설을 이용한 온라인 게임 소프트웨어를 개발하는 산업활동을 말한다. 이들 게임 소프트웨어에 대한 저작권을 보유하고 공급하는 산업활동도 포함한다.
<예 시>
·유선 온라인 게임 S/W 개발
·탁상 컴퓨터용 온라인 게임 S/W 개발
·유선 인터넷 온라인 게임 S/W 공급(저작권 보유)
<제 외>
·PC 패키지 게임 S/W 개발(722003)
·아케이드 게임 및 비디오 게임 S/W 개발(722003)",75.2,0.0,20.7
2024,722002,정보통신업,출판업,게임 소프트웨어 개발 및 공급업,모바일 게임 소프트웨어 개발 및 공급업,"◦휴대 전화, PDA 등 이동성 기기를 통하여 제공하는 온라인 게임 소프트웨어를 개발하는 산업활동을 말한다. 이들 게임 소프트웨어에 대한 저작권을 보유하고 공급하는 산업활동도 포함한다.
<예 시>
·무선 온라인 게임 S/W 개발
·휴대폰용 온라인 게임 S/W 개발
·PDA용 게임 S/W 개발
·모바일용 게임 S/W 개발
·모바일용 온라인 게임 S/W 공급(저작권 보유)
<제 외>
·유선 온라인 게임 소프트웨어를 변형 없이 모바일에서 사용 가능한 경우(722001)",68.0,0.0,11.4
2024,722003,정보통신업,출판업,게임 소프트웨어 개발 및 공급업,기타 게임 소프트웨어 개발 및 공급업,"◦컴퓨터 패키지 게임, 아케이드 게임 및 비디오 게임용의 소프트웨어를 개발◦공급하는 산업활동을 말한다. 휴대용 게임 기기에 이용되는 게임 소프트웨어를 개발◦공급하는 산업활동을 포함한다.
<예 시>
·아케이드 게임 S/W 개발업
·컴퓨터 패키지게임 S/W 개발
·비디오 콘솔 게임 S/W 개발
·휴대 게임기용 게임 S/W 개발
<제 외>
·온라인 및 모바일용 게임소프트웨어 개발(722001, 722002)",78.4,0.0,24.7
2024,722004,정보통신업,출판업,시스템ㆍ응용 소프트웨어 개발 및 공급업,시스템 소프트웨어 개발 및 공급업,"◦컴퓨터 및 서버 등 하드웨어에 설치되는 응용 소프트웨어를 유기적으로 작동시키는 시스템 소프트웨어를 개발◦공급하는 산업활동을 말한다. 하드웨어 운영체제(OS) 기능 중 파일 관리, 메모리 관리, 바이러스 예방, 파일 압축 등의 기능을 보완하는 유틸리티 소프트웨어를 개발◦공급하는 산업활동도 포함한다.
<예 시>
·운영체제(OS) 개발
·시스템 관리(SMS) S/W 개발
·DBMS 개발
·보안 프로그램 개발
·프로그램밍 언어 개발
·임베디드용 시스템 S/W 개발
·유틸리티 S/W 개발
<제 외>
·게임 소프트웨어 개발(722001,722002,722003)",75.2,0.0,22.1
2024,722005,정보통신업,"컴퓨터 프로그래밍, 시스템 통합 및 관리업",컴퓨터 프로그래밍 서비스업,컴퓨터 프로그래밍 서비스업,"◦특정 고객의 요구에 의하여 주문형 소프트웨어를 자문, 개발 및 공급하는 산업활동을 말한다.
<예 시>
·주문형 응용 소프트웨어 제작
·주문형 컴퓨터 소프트웨어 분석·설계
·웹디자인(프로그래밍 수반)
<제 외>
·패키지형(범용성) 소프트웨어 개발 및 공급(722000~722004)",75.2,0.0,24.3
2024,723000,정보통신업,정보서비스업,"자료 처리, 호스팅 및 관련 서비스업",자료 처리업,"◦전산자료 처리 서비스를 제공하는 산업활동을 말한다.
<예 시>
·자료 입력 처리
·OMR 및 OCR 자료 처리
·자료 전환 처리 서비스
·자료 스캐닝 서비스",82.0,0.0,18.3
2024,723001,정보통신업,"방송 및 영상·오디오물 제공 서비스업, 정보서비스업","오디오물 제공 서비스업, 자료 처리, 호스팅 및 관련 서비스업","오디오물 제공 서비스업, 호스팅 및 관련서비스업","◦웹 호스팅 서비스, 서브 호스팅 서비스, 코로케이션 서비스 등의 호스팅 서비스를 제공하는 산업활동을 말한다. 블록체인 기술 관련 호스팅 서비스도 포함한다.
<예 시>
·웹 호스팅 서비스       
·서브 호스팅 서비스    
·IDC 센터                            
·코로케이션 서비스        
․블록체인 기술 기반 Baas, IaaS, PaaS, Saas 등 서비스",80.5,0.0,27.1
2024,724000,정보통신업,"방송 및 영상·오디오물 제공 서비스업, 정보서비스업","영상물 제공 서비스업, 오디오물 제공 서비스업, 그 외 기타 정보서비스업","영상물 제공 서비스업, 오디오물 제공 서비스업, 데이터베이스 및 온라인 정보 제공업","◦영상(영화 등)물 관련 스트리밍 서비스 등을 시청자에게 제공하는 산업활동을 말한다.
◦영상물 및 오디오물 제공 서비스를 제외한 각종 자료를 수집 및 조합하여 일정 형식(포맷)에 따라 가공된 정보를 컴퓨터에 수록하여 주문에 따라 자동응답 전화, 온라인, 전자장치(디스켓 등) 등의 전자 매체로 제공하는 산업활동을 말한다. 신용 조사, 광고 대리, 주식 시세 작성, 여행 정보 작성 등의 특정 산업 활동을 주로 수행하는 사업체가 관련정보를 온라인으로 서비스할 경우에는 그 본질적인 활동에 따라 분류된다.
<예 시>
·영상 파일 다운로드 서비스(제작사 제외)    ·영상물 관련 스트리밍 서비스
·인터넷(온라인) 동영상 서비스(OTT)       ·학습 정보 온라인 서비스          
·전자책 온라인 서비스
<제 외>
·인터넷 정보 매개 서비스(642004)",76.0,0.0,22.0
2024,724001,정보통신업,정보서비스업,뉴스 제공업,뉴스 제공업,"◦신문 또는 정기 간행물의 발행사, 방송사, 정보 제공업자 등에 뉴스 리포터, 뉴스 사진 등을 공급하는 산업활동을 말한다.
<예 시>
·뉴스 공급
·뉴스 사진 공급
<제 외>
·신문 또는 정기간행물을 발간하는 사업체의 일상적인 활동으로 수행되는 뉴스 제공(221200~221202)
·방송사의 프로그램에서 일상적으로 수행되는 뉴스 제공(921301~921303,921305,921306)
·자유 기고가(940100), 가사 작성자(940301) 및 만화가(940200)의 서비스",76.7,0.0,23.9
2024,724002,정보통신업,정보서비스업,그 외 기타 정보 서비스업,"가상자산 매매 및 중개업, 그 외 기타 정보 서비스업","◦가상자산 매매 및 중개와 관련한 서비스를 제공하는 산업활동을 말한다. 블록체인 기술에 기반하여 산출되는 가상자산을 보관·관리·교환·매매·알선 또는 중개하는 산업활동도 포함한다.
◦정보를 제공하는 기타 서비스 활동을 말한다.  블록체인 기술 적용과 관련하여 제공하는 달리 분류되지 않은 각종 정보서비스 활동도 포함한다.
<예 시>
·가상자산 매매 및 중개           
·가상화폐 매매 및 중개
·암호화폐 매매 및 중개                         
·텍스트 음성 변환 서비스",77.8,0.0,23.4
2024,725000,"협회 및 단체, 수리 및 기타 개인서비스업",개인 및 소비용품 수리업,컴퓨터 및 주변 기기 수리업,컴퓨터 및 주변 기기 수리업,"◦컴퓨터 및 각종 컴퓨터 주변 기기류를 전문적으로 수리◦유지하는 산업활동을 말한다.
<예 시>
·컴퓨터 수리
·주변기기 수리
<제 외>
·컴퓨터시설 운영·관리 대리(721001)",80.9,0.0,16.9
2024,729000,정보통신업,"컴퓨터 프로그래밍, 시스템 통합 및 관리업",기타 정보 기술 및 컴퓨터 운영 관련 서비스업,기타 정보 기술 및 컴퓨터 운영 관련 서비스업,"◦기타 컴퓨터 관리 및 운영관련 서비스를 제공하는 산업활동으로서 컴퓨터 시스템에 관련한 전문적, 기술적 서비스를 제공하는 산업활동을 말한다. 블록체인 기반 기술도 포함한다.
<예 시>
·컴퓨터 장애 복구
·컴퓨터 및 소프트웨어 설치
<제 외>
·데이터베이스 및 온라인 정보 제공업(724000)
․컴퓨터 시설 위탁 관리 서비스(721001)
․컴퓨터 시스템 통합 자문 및 구축 서비스(721000)",82.2,0.0,25.3
2024,730000,"전문, 과학 및 기술서비스업",연구개발업,인문 및 사회과학 연구개발업,기타 인문 및 사회과학 연구개발업,"◦기타 인문 및 사회과학 연구개발을 수행하는 산업활동을 말한다. 그 외 다학제간 사회과학 연구개발업을 포함한다.
<예 시>
·심리학 연구
·정치학 연구
·사회학 연구
·문화학 연구
·철학 연구
·역사학 연구
·복지학 연구
·도시계획학 연구
·교육학 연구
·법학 연구
·언어학 연구
·군사학 연구
·인류학·종족학·인구학 연구
·인간·경제·사회 지리학 연구",79.3,0.0,24.3
2024,730001,"전문, 과학 및 기술서비스업",연구개발업,자연과학 연구개발업,"물리, 화학 및 생물학 연구개발업","◦물리, 화학 및 생물학 분야에 관하여 연구개발을 수행하는 산업활동을 말한다.
<예 시>
·물리화학 연구
·핵물리 연구
·유기화학 연구
·에너지 분자 물리 연구
·생화학 연구
·생태학 연구
·미생물학 연구
·천문학 연구  
·무기화학 연구
·발효학 연구
·동식물 생리학 연구
·우주과학 연구
·생물학 연구
·식물학 연구
·박테리아학 연구
·미생물학 연구
·동물학 연구
·곤충학 연구
·동·식물 유전학 연구",79.3,0.0,17.4
2024,730002,"전문, 과학 및 기술서비스업",연구개발업,자연과학 연구개발업,농림수산학 및 수의학 연구개발업,"◦농업, 임업, 어업 및 수의학에 관하여 연구개발을 수행 하는 산업활동을 말한다.
<예 시> 
·농경학 연구
·조경학 연구
·수의학 연구
·낙농학 연구
·수산학 연구
·종묘학 연구
·원예학 연구
·축산학 연구",81.4,0.0,31.9
2024,730003,"전문, 과학 및 기술서비스업",연구개발업,자연과학 연구개발업,의학 및 약학 연구개발업,"◦인간 의학, 약학 및 보건학 분야에 관하여 연구개발을 수행하는 산업활동을 말한다.
<예 시>
·정신 의학 연구
·공중 보건 연구
·물리 요법 연구
·암 및 기타 질환 연구
·신약 개발 연구
·기초의학 연구(해부학, 생리학, 세포학, 유전학, 약학, 약물학, 독물학, 면역학, 면역 혈액학, 임상화학, 임상 미생물학, 병리학 등)
·임상의학 연구(마취학, 소아ㆍ산부인과ㆍ내과ㆍ외과ㆍ치의학ㆍ신경의학, 방사선학, 치료학, 이비인후과학, 안과학 등)
·보건학(위생학, 간호학, 전염병학 등)",80.2,0.0,23.2
2024,730004,"전문, 과학 및 기술서비스업",연구개발업,자연과학 연구개발업,기타 자연과학 연구개발업,"◦기타 자연과학 분야에 관하여 연구개발을 수행하는 산업활동을 말한다.
<예 시>
·광물학 연구
·토양학 연구
·석유학 연구
·기상학 연구
·수학 연구
·수리 통계학 연구
·지구과학 연구
·지진학 연구
·지질학 연구
·지구 물리학 연구
·대기화학 연구
·해양학 연구
·화산학
·고생태학
·컴퓨터 과학(소프트웨어 부문)",79.3,0.0,23.5
2024,730005,"전문, 과학 및 기술서비스업",연구개발업,공학 연구개발업,전기ㆍ전자공학 연구개발업,"◦전기◦통신, 반도체, 컴퓨터 및 음향◦화상 신호 처리 등의 전기◦전자공학에 관한 연구개발을 수행하는 산업활동을 말한다.
<예 시>
·전기 및 전자공학 연구
·통신 및 관련 시스템공학 연구
·컴퓨터 공학(하드웨어 부문) 연구",79.3,0.0,22.4
2024,730006,"전문, 과학 및 기술서비스업",연구개발업,공학 연구개발업,기타 공학 연구개발업,"◦기타 공학 및 기술 분야에 관하여 연구 개발을 수행하는 산업활동을 말한다. 그 외 전문화된 다학제간 공학 연구개발업을 포함한다.
<예 시>
·화학공학 연구
·해양공학 연구
·항공공학 연구
·기계공학 연구
·환경공학 연구
·핵공학 연구
·조선공학 연구
·건축 및 토목공학 연구
·산업 관련 시스템공학 연구
·우주공학 연구
·금속 및 재료공학 연구
·식품 생산공학 연구
·금속ㆍ광산ㆍ섬유공학 연구
·도시공학 연구
·구조공학 연구
·측지학 연구",79.3,0.0,21.0
2024,730007,"전문, 과학 및 기술서비스업",연구개발업,자연과학 및 공학 융합 연구개발업,자연과학 및 공학 융합 연구개발업,"◦특정 자연과학 및 공학 연구 분야에 해당하지 않고, 다학제에 걸친 융합 연구개발을 수행하는 산업활동을 말한다.
<제 외>
·자연과학 두 개 이상 연구 분야에 걸친 융합 연구(730004)
·공학 두 개 이상 연구 분야에 걸친 융합 연구(730006)",85.9,0.0,25.3
2024,730008,"전문, 과학 및 기술서비스업",연구개발업,인문 및 사회과학 연구개발업,경제 및 경영학 연구개발업,"◦경제, 경영, 금융, 경제 및 사회 통계 이론 등에 관하여 연구 개발을 수행하는 산업활동을 말한다.
<예 시>
·경제학 연구
·경영학 연구
·경제 통계학 연구
·사회 통계학 연구",79.3,0.0,31.1
2024,741101,"전문, 과학 및 기술서비스업",전문 서비스업,법무관련 서비스업,변호사업,"◦의뢰인을 대리하여 민◦형사 및 기타 사건의 소송, 변호, 소원 심사 청구, 이의 신청 등을 수행하는 산업활동을 말한다.
<예 시>
·변호사 사무
·소송 대리인
·공증 변호인
·소송 사건 법률 상담",44.6,0.0,15.9
2024,741104,"전문, 과학 및 기술서비스업",전문 서비스업,법무관련 서비스업,변리사업,"◦의뢰인을 대리하여 특허, 실용 신안, 디자인(의장), 상표 및 저작권에 대한 등기 신청, 이의 신청 등을 수행하는 산업활동을 말한다.
<예 시>
·특허 사무
·변리사 사무
·저작권 관련 법률 사무
·비금융 무형자산 관련 법률 사무",60.7,0.0,19.8
2024,741106,"전문, 과학 및 기술서비스업",전문 서비스업,법무관련 서비스업,기타 법무관련 서비스업(공증인),"◦공증인(고문료, 수당, 기타 이와 유사한 성질의 대가 포함)",53.8,0.0,16.7
2024,741107,"전문, 과학 및 기술서비스업",전문 서비스업,법무관련 서비스업,법무사업,"◦변호사업을 제외하고, 사법기관에 제출하는 서류의 작성, 등기 및 공탁 등에 관한 수속 절차를 수행하는 산업활동을 말한다.
<예 시>
·법무사 사무
·등기관계 서류 작성 대행
·공탁 증서 작성 대행
·사법기관 제출 서류 대리 작성",58.3,0.0,15.5
2024,741108,"전문, 과학 및 기술서비스업",전문 서비스업,법무관련 서비스업,기타 법무관련 서비스업(집행관),"◦집행관(고문료, 수당, 기타 이와 유사한 성질의 대가포함)",51.5,0.0,27.3
2024,741109,"전문, 과학 및 기술서비스업",전문 서비스업,법무관련 서비스업,기타 법무관련 서비스업,"◦행정사
<예 시>
·행정 서류 작성 대행
·여권 서류 작성 대행
·대서 사무(행정관련)",66.1,0.0,18.1
2024,741110,"전문, 과학 및 기술서비스업",전문 서비스업,법무관련 서비스업,기타 법무관련 서비스업(노무사),"◦공인노무사(고문료, 수당, 기타 이와 유사한 성질의 대가 포함)",66.1,0.0,22.5
2024,741114,"전문, 과학 및 기술서비스업",전문 서비스업,법무관련 서비스업,기타 법무관련 서비스업,"◦의뢰인을 대리하여 행정기관 및 공공기관 등에 제출하는 행정 서류 및 법적 규정관련 서류의 작성을 대리하는 산업활동을 말한다.
<제 외>
·편지 및 일반 문서 작성 대행(749905)

*공증인(→741106)                       *집행관(→741108)
*행정사(→741109)                       *공인노무사(→741110)",72.7,0.0,13.5
2024,741201,"전문, 과학 및 기술서비스업",전문 서비스업,회계 및 세무관련 서비스업,세무사업,"◦조세에 관한 신고◦청구 등의 대리, 세무관련 서류의 작성, 세무 상담 및 자문 등을 수행하는 세무사의 산업활동을 말한다.
<제 외>
*세무사의 기장대리 보수(→741203)",58.2,0.0,23.0
2024,741202,"전문, 과학 및 기술서비스업",전문 서비스업,회계 및 세무관련 서비스업,공인회계사업,"◦재무 회계 서류의 작성, 감사, 조사 및 조정 등을 수행하는 공인회계사의 산업활동을 말한다.
<제 외>
*공인회계사의 기장대리 보수(→741204)",58.2,0.0,23.0
2024,741203,"전문, 과학 및 기술서비스업",전문 서비스업,회계 및 세무관련 서비스업,"세무사업(기장대리), 기타 회계 관련 서비스업","◦세무사의 기장대리 보수
◦세무사를 제외한 회계 관련 사무 전문인에 의하여 회계 장부의 기장 및 계산 등 회계 서비스를 제공하는 산업활동을 말한다.
·회계 기장 대리 및 상담                          ·부기 전문 사무 대리",72.9,0.0,23.0
2024,741204,"전문, 과학 및 기술서비스업",전문 서비스업,회계 및 세무관련 서비스업,"공인회계사업(기장대리), 기타 회계 관련 서비스업","◦공인회계사의 기장대리 보수
◦공인회계사를 제외한 회계 관련 사무 전문인에 의하여 회계 장부의 기장 및 계산 등 회계 서비스를 제공하는 산업활동을 말한다.
·회계 기장 대리 및 상담                          ·부기 전문 사무 대리",72.9,0.0,23.0
2024,741300,"전문, 과학 및 기술서비스업",전문 서비스업,시장 조사 및 여론 조사업,시장 조사 및 여론 조사업,"◦시장 및 여론에 관한 자료를 체계적으로 수집, 제표 및 분석하는 산업활동을 말한다.
<예 시>
·여론 조사
·소비·구매 습관 조사
·상품 인기도 조사
·상품의 시장 잠재력 조사
·설문지조사",78.8,0.0,26.4
2024,741400,"전문, 과학 및 기술서비스업",전문 서비스업,경영 컨설팅 및 공공 관계 서비스업,경영 컨설팅업,"◦다른 사업체에게 사업 경영 문제에 관하여 자문 및 지원하는 산업활동을 말한다.
<예 시>
·일반 경영 자문
·전략 기획 자문
·특정 부문 경영 자문
·시장 관리 자문
·생산 관리 자문
·재정 관리 자문
·인력 관리 자문
<제 외>
*경영지도사(→741401)",77.3,0.0,25.7
2024,741401,"전문, 과학 및 기술서비스업",전문 서비스업,경영 컨설팅 및 공공 관계 서비스업,경영 컨설팅업(경영지도사),"◦경영지도사 자격을 가진 자로서 경영의 종합 진단ㆍ지도, 컨설팅 등의 영업을 하는 업",73.2,0.0,23.9
2024,741402,교육서비스업,교육 서비스업,직원 훈련기관,직원 훈련기관,"◦정부기관, 공공 단체, 사업체 등에서 직원의 직업훈련을 위해 설립한 훈련기관을 말한다. 이 기관에서는 직원이 아닌 사람들도 교육시킬 수 있다. 교육은 훈련시설뿐만 아니라, 교육생이 있는 시설에서도 이루어질 수 있다.
<예 시>
·공무원 훈련원
·기업 직원훈련시설",85.2,0.0,25.9
2024,741403,"전문, 과학 및 기술서비스업",전문 서비스업,경영 컨설팅 및 공공 관계 서비스업,공공관계 서비스업,"◦의뢰인이 일반 대중, 정부, 유권자 및 주주 등과의 관계 및 이미지를 개선하도록 자문 및 지침을 제공하는 산업활동을 말한다.
<예 시>
·공공관계(PR) 자문
·홍보 서비스
·로비 활동
·정치 자문
<제 외>
·변호사의 중재 활동(741101)
·정부기관의 노동 관련 중재 활동(842211)",77.8,0.0,28.4
2024,742101,"전문, 과학 및 기술서비스업","건축 기술, 엔지니어링 및 기타 과학기술 서비스업","측량, 지질 조사 및 지도 제작업",측량업,"◦건축 또는 지도 제작 등에 관련된 토지, 도로, 수로 등을 측량하는 산업활동을 말한다.
<예 시>
·지형 측량 서비스
·수로 측량 서비스
·항공 측량 서비스
<제 외>
·지질 조사 및 탐사에 관련된 지표면 측정과 관찰 조사(742113)
·측량 활동의 결합 여부를 불문한 지도 제작 활동(742102)",72.3,0.0,23.5
2024,742102,"전문, 과학 및 기술서비스업","건축 기술, 엔지니어링 및 기타 과학기술 서비스업","측량, 지질 조사 및 지도 제작업",지질 조사·탐사 및 지도 제작업,"◦지상의 지형 지물에 대한 정보를 얻기 위한 항공사진 측량과 경도 및 위도와 좌표를 구하기 위한 지상 기준점 측량을 실시하고 수치도화한 후 지리 조사, 보완 측량 및 편집 과정을 거쳐 각종의 지도를 제작하거나 수정하는 산업활동을 말한다. 직접 제작한 지도를 인쇄물 또는 전자적 방법으로 제공하는 산업활동도 포함한다.
<예 시>
·지도 제작
·해도 제작
·교통 지도 제작
·군사 지도 제작
·관광 지도 제작
·수치 지도 제작
<제 외>
·지도 제작 과정 없이 계약에 의하여 출판하는 경우(221100)
·지도를 제작하지 않고 계약에 의하여 온라인으로 제공하는 경우(724000)",74.2,0.0,20.6
2024,742103,"전문, 과학 및 기술서비스업","건축 기술, 엔지니어링 및 기타 과학기술 서비스업",건축 및 조경 설계 서비스업,건축 설계 및 관련 서비스업,"◦건축 설계, 건설 공정, 건축 법규 및 건설 자재 등에 관한 지식을 이용하여 각종 건물 또는 구축물의 기획 및 설계를 수행하는 산업활동을 말한다.
<예 시>
·건축 상담
·건물 건축 설계관련 서비스
<제 외>
·건물 및 토목공사 관련 엔지니어링 서비스(742109)
*건축사(→742105)",74.4,0.0,23.3
2024,742104,"전문, 과학 및 기술서비스업","건축 기술, 엔지니어링 및 기타 과학기술 서비스업",엔지니어링 서비스업,기타 엔지니어링 서비스업,"◦기계, 전기, 전자, 해양, 교통 부문 등과 관련한 엔지니어링 서비스를 제공하는 산업활동을 말한다.
<예 시>
·기계 엔지니어링
·전기 엔지니어링
·전자 엔지니어링
·지질 엔지니어링
·해양 엔지니어링
·교통 시스템 엔지니어링
·항행용 선박 설계
<제 외>
·환경 복원(토양, 수질, 대기) 서비스(372002, 372003)",76.3,0.0,19.8
2024,742105,"전문, 과학 및 기술서비스업","건축 기술, 엔지니어링 및 기타 과학기술 서비스업",건축 및 조경 설계 서비스업,건축 설계 및 관련 서비스업(건축사),"◦건축사(건축사자격을 가진 자로서 건축물의 설계 또는 공사감리의 업무를 행하는 업)
<예 시>
·감리업, 건축설계, 설계도작성",73.6,0.0,21.0
2024,742106,"전문, 과학 및 기술서비스업","건축 기술, 엔지니어링 및 기타 과학기술 서비스업",엔지니어링 서비스업,건물 및 토목 엔지니어링 서비스업(기술사),"◦기술사(「국가기술자격법」에 따라 기술사의 자격을 취득하고, 교육과학기술부에 등록한 자로서 과학기술에 관한 전문적 응용능력을 필요로 하는 사항에 대하여 계획ㆍ연구ㆍ설계ㆍ분석ㆍ조사ㆍ시험ㆍ시공ㆍ감리ㆍ평가ㆍ진단ㆍ사업관리ㆍ기술판단ㆍ기술중재를 하고, 이에 관한 기술자문과 기술지도를 하는 업)",77.4,0.0,30.2
2024,742107,"전문, 과학 및 기술서비스업","건축 기술, 엔지니어링 및 기타 과학기술 서비스업",건축 및 조경 설계 서비스업,도시 계획 및 조경 설계 서비스업,"◦공원 및 기타 휴양 지역, 공항, 고속도로, 병원, 학교, 분양 토지, 상업◦산업◦거주 지역 등의 개발을 계획 및 설계하는 산업활동을 말한다. 이를 위하여 토지, 건물 및 구축물의 배치, 토지 활용, 조경 설계 등의 지식을 이용한다. 조경과 관련한 환경 디자인도 포함한다.
<예 시>
·정원 설계
·산업용 토지 이용 설계
·골프장 또는 스키장 설계
·조경 및 경관(익스테리어) 디자인
·국토 개발 및 토지 이용 계획 설계",76.0,0.0,23.9
2024,742108,"전문, 과학 및 기술서비스업","건축 기술, 엔지니어링 및 기타 과학기술 서비스업","측량, 지질 조사 및 지도 제작업",제도업,"◦엔지니어링 및 건축 관련 설계 명세서를 기초로 건물, 구축물 및 시스템의 세밀한 설계 도면을 작성하는 산업활동을 말한다. 작성된 도면을 청사진 또는 전자 기록 매체 등으로 저장하는 활동을 병행하여 수행할 수 있다.
<예 시>
·엔지니어링 설계 제도
·건축 설계 제도
·청사진 제도
·설계 도면 작성",72.3,0.0,26.3
2024,742109,"전문, 과학 및 기술서비스업","건축 기술, 엔지니어링 및 기타 과학기술 서비스업",엔지니어링 서비스업,건물 및 토목 엔지니어링 서비스업,"◦도로, 철도, 교량, 터널, 항만, 댐, 상◦하수도 시스템, 통신 및 전력선, 옥외 운동장 및 휴양시설, 산업 시스템 등의 토목 건설에 관련된 엔지니어링 서비스를 제공하는 산업활동을 말한다. 건물에 대한 엔지니어링 서비스도 포함한다.
<예 시>
·토목 공학설계
·토목공사 사업관리
·토목공사 프로젝트 대행
·건물 엔지니어링 서비스
<제 외>
·건물 건축 설계관련 서비스(742103)
·건축사(742105)
·조경설계 서비스(742107)
*기술사(→742106)",76.3,0.0,24.4
2024,742110,"전문, 과학 및 기술서비스업","건축 기술, 엔지니어링 및 기타 과학기술 서비스업",엔지니어링 서비스업,환경 관련 엔지니어링 서비스업,"◦대기ㆍ수질◦소음◦진동◦폐기물 처리 등 환경과 관련된 엔지니어링 서비스를 제공하는 산업활동을 말한다. 환경과 관련한 문제를 종합적으로 검사, 측정 및 평가하고 대안을 제시하는 컨설팅 활동도 포함한다.
<예 시>
·환경 및 폐기물 처리시설 엔지니어링
·대기 관리, 수질 관리, 소음ㆍ진동 관리 시설물 엔지니어링
·기타 자연 및 토양 환경 관련 엔지니어링
·환경 영향 평가
·환경 부지 평가
<제 외>
·환경 복원(토양, 수질, 대기) 서비스(372002, 372003)
·환경 요인 및 오염 측정 서비스(742203)",76.3,0.0,19.9
2024,742113,"전문, 과학 및 기술서비스업","건축 기술, 엔지니어링 및 기타 과학기술 서비스업","측량, 지질 조사 및 지도 제작업",지질 조사·탐사 및 지도 제작업,"◦지질 조사, 지구 물리학적 조사 및 탐사 서비스를 제공하는 산업활동을 말한다. 지질 조사 및 탐사와 관련하여 수행하는 측량활동도 포함하며, 광물을 채굴하기 위한 광물 탐사활동은 광업으로 분류한다.
<예 시>
·지질 조사
·지질 조사 관련 측량
·지구 물리학적 탐사 및 개발",76.3,0.0,19.9
2024,742201,"전문, 과학 및 기술서비스업","건축 기술, 엔지니어링 및 기타 과학기술 서비스업","기술 시험, 검사 및 분석업","기타 기술 시험, 검사 및 분석업","◦금속, 플라스틱, 목재, 유리, 콘크리트 등의 물질에 대한 강도, 유연성, 전기 전도성, 장력, 내구력, 내화력과 같은 물질의 특성을 시험하는 활동: 기계류, 도구류, 자동차 등의 제품에 대한 성능 및 안전성을 시험 또는 검사하는 활동: 선박, 항공기, 댐, 용접 등의 결함 및 안전성을 검사하기 위한 X선, 자기, 초음속 시험 등의 검사서비스를 제공하는 산업활동을 말한다. 이러한 검사는 주로 실물 또는 모형을 이용하거나 비파괴 검사 방식에 의하여 수행한다.
<예 시>
·자동차 품질 검사
·댐 검사
·장비 종합 검사
·비파괴 검사
·용접 검사
·기계 및 구조물의 초음파 검사
<제 외>
·차량의 수리 및 유지 서비스(922201~922204)
*기술지도사(→742202)",76.0,0.0,24.0
2024,742202,"전문, 과학 및 기술서비스업","건축 기술, 엔지니어링 및 기타 과학기술 서비스업","기술 시험, 검사 및 분석업","기타 기술 시험, 검사 및 분석업(기술지도사)","◦기술지도사(기술지도사 자격을 가진 자로서 생산현장에서 제품생산에 관계되는 기술의 종합 진단ㆍ지도, 컨설팅 등의 영업을 하는 업 )",80.2,0.0,28.8
2024,742203,"전문, 과학 및 기술서비스업","건축 기술, 엔지니어링 및 기타 과학기술 서비스업","기술 시험, 검사 및 분석업",물질 성분 검사 및 분석업,"◦공기, 물, 폐기물, 연료, 금속, 토양, 광물, 식품 및 화학 물질 등과 같은 각종 물질의 순도, 성분 및 성질을 검사하거나 분석하는 산업활동을 말한다.
<예 시>
·식품 검사
·화학물 성분 검사
·환경 요인 측정·분석
·대기 오염 측정·분석
·금속 등 광물의 물리적 성질 분석
·미생물 성분 분석
·목재의 물리적 성질 분석 
·수질 자동 측정·분석
<제 외>
·물품 감정(749912)",76.0,0.0,24.8
2024,743001,"전문, 과학 및 기술서비스업",전문 서비스업,기타 광고업,옥외 광고업,"◦인쇄, 그림 또는 전자적 방식 등의 전시 광고물을 기획․제작하여 옥내․외 간판 또는 차량, 상점 등 전시 공간에 전시 구조물을 게시하는 산업활동을 말한다. 광고용 설치물(광고탑 등)을 임대하는 활동도 포함한다.
<예 시>
·옥외 광고
·차량 간판 광고
·가게 전시물 광고
·전광판 방송 광고
·전철 간판 광고
·광고탑 임대
<제 외>
·비전기식 옥외 광고물 제조(369503)
·옥외 광고용 구조물 설치(해당 건설 산업활동으로 분류)",79.9,0.0,17.4
2024,743002,"전문, 과학 및 기술서비스업",전문 서비스업,광고 대행업,광고 대행업,"◦광고주를 대리하여 광고에 관련된 시장 조사 및 광고 기획, 광고물 제작, 매체 선택, 매체와의 광고 계약, 광고물을 라디오, 텔레비전, 인터넷, 정기 간행물, 신문 등의 광고 매체에 광고하는 업무를 총괄적으로 대행하는 산업활동을 말한다. 이 사업체는 광고주와의 포괄적인 계약으로 광고 대행 업무를 수행하며 이에 관련된 특정 업무를 자체 인력 또는 다른 업체에 의뢰하여 수행할 수 있다.
<예 시>
·라디오 광고 대행
·텔레비전 광고 대행
·신문 광고 대행
·인터넷 광고 대행",79.3,0.0,22.1
2024,743003,"전문, 과학 및 기술서비스업",전문 서비스업,기타 광고업,그 외 기타 광고 관련 서비스업,"◦광고 매체(TV, 신문 등) 소유자를 대리하여 광고 시간 또는 지면을 판매하거나, 광고 매체로부터 광고 시간 또는 지면을 구입하여 광고대행사 또는 광고주에게 직접 재판매하는 산업활동을 말한다.
<예 시>
·신문사 광고 지면 판매 대리
·텔레비전 광고 시간 판매 대리",81.5,0.0,40.9
2024,743004,"전문, 과학 및 기술서비스업",전문 서비스업,기타 광고업,"광고물 문안, 도안, 설계 등 작성업","◦광고주 또는 광고 대행업체와의 계약에 의하여 각종 광고물의 광고 문안 및 도안 작성, 광고물의 설계, 방송 광고물 제작을 위한 시나리오 작성 등 광고에 관련된 광고물의 작성을 전문적으로 대리하는 산업활동을 말한다.
<제 외>
·광고활동을 총괄적으로 대리하는 광고 대행업체에서 수행하는 광고물 작성(743002)",81.4,0.0,19.8
2024,743005,"전문, 과학 및 기술서비스업",전문 서비스업,기타 광고업,그 외 기타 광고 관련 서비스업,"◦그 외 기타 광고 관련 서비스를 수행하는 산업활동을 말한다.
<예 시>
·광고물 배포
·광고용 명함, 인사장, 초대장 견본 배부 대리
·우편 광고물 배포
·광고용품 배포 대리",79.3,0.0,22.7
2024,749100,"사업시설 관리, 사업지원 및 임대 서비스업",사업지원 서비스업,고용 알선업,고용 알선업,"◦고용주 또는 고용 알선업체의 직원이 아닌 구직자를 대리하여 일자리 및 구직자 정보를 기초로 인력을 선발, 알선 및 배치하는 산업활동을 말한다.
<예 시>
·사무 인력 알선
·제조업 노동 인력 알선
·개인 및 가사 인력 알선
·고급 인력 알선(헤드헌터)
·간호 인력 알선
·직업소개소
<제 외>
·영화 및 기타 공연을 위한 배역 서비스 활동(921405)",84.1,0.0,17.9
2024,749101,"사업시설 관리, 사업지원 및 임대 서비스업",사업지원 서비스업,인력 공급업,임시 및 일용 인력 공급업,"◦자기관리 아래 있는 노동자를 계약에 의하여 타인 또는 타사업체에 단기간(1년 미만) 공급하는 산업활동을 말한다. 이 노동자들은 인력 공급업체의 직원이지만 고객 사업체의 지시 및 감독을 받아 업무를 수행한다.
<예 시>
·임시 및 일용 근로자 파견업
·단기 인력 파견업
·단기 개인 및 가사 인력 공급
·단기 간호 인력 공급
·모델 공급
·단기 산업 노동 인력 공급
·근로자 단기 파견업
·인력풀(pool) 공급 운영
·단기 사무 인력 공급
·연극, 영화 단역배우 공급 운영",83.7,0.0,19.2
2024,749102,"사업시설 관리, 사업지원 및 임대 서비스업",사업지원 서비스업,인력 공급업,상용 인력 공급 및 인사관리 서비스업,"◦자기관리 아래 있는 노동자를 계약에 의하여 타인 또는 타사업체에 장기간(1년 이상) 공급하는 산업활동을 말한다. 이들 사업체는 파견 인력에 대한 인사관리 서비스를 수행할 수 있으나, 파견 인력은 고객 사업체의 지시 및 감독을 받아 업무를 수행한다.
<예 시>
·상용 근로자 파견 및 공급업",83.7,0.0,17.5
2024,749200,"사업시설 관리, 사업지원 및 임대 서비스업",사업지원 서비스업,경비 및 경호 서비스업,경비 및 경호 서비스업,"◦사무실, 주택, 오락시설, 유원지 및 주차장 등에서 경계, 재산 보호 및 도난을 방지하거나 사람의 생명 및 신체를 위해로부터 보호하는 산업활동을 말한다. 귀중품 운송 서비스를 제공하는 산업활동도 포함한다.
<예 시>
·경비업
·순찰 서비스
·건물 경비
·사업체 보안 서비스
·보디가드 서비스
·경호견 서비스
·경호 서비스
<제 외>
·보험에 관련된 조사 활동(672001)
·탐정 및 경호를 경찰에서 수행하는 경우(844040)",85.0,0.0,25.7
2024,749201,"사업시설 관리, 사업지원 및 임대 서비스업",사업지원 서비스업,보안 시스템 서비스업,보안 시스템 서비스업,"◦화재 및 도난 경보장치 등과 같은 전자 보안◦경보 시스템의 원격 감시 및 유지◦관리 서비스를 제공하는 산업활동을 말한다.
<제 외>
·경보 조직 관련 통신설비 설치(452128)
·차량 경보 시스템 판매(도매 503007, 소매 503010)",85.0,0.0,25.7
2024,749300,"사업시설 관리, 사업지원 및 임대 서비스업",사업시설 관리 및 조경 서비스업,건물 및 산업설비 청소업,건축물 일반 청소업,"◦주거용, 상업용 또는 산업용 건물의 내부 및 창문을 청소하는 산업활동을 말한다.
<예 시>
·건물 창문 청소
·건물 외부 청소
·공중 전화시설 청소
·구내 청소 대행
·바닥 청소 및 광택 내기
·내부 벽 청소
<제 외>
·건물 외부에 대한 증기 청소 및 건축활동이 완료된 후 신축 건물에 대한 정리활동(452200)
·산업설비, 운송장비 또는 공공장소 청소(900900)
·카펫, 바닥깔개, 가리개 및 커튼 세탁(930100, 930102)
·개인 가정 고용인의 청소활동(950001)
·하수도관 및 하수 처리시설 등 관련 시설 청소(900200 ,749301)",85.5,0.0,17.3
2024,749301,"수도, 하수 및 폐기물처리, 원료재생업","하수, 폐수 및 분뇨 처리업",하수 및 폐수 처리업,하수 처리업,◦하수도관 청소,85.5,0.0,33.0
2024,749302,"사업시설 관리, 사업지원 및 임대 서비스업",사업시설 관리 및 조경 서비스업,"소독, 구충 및 방제 서비스업","소독, 구충 및 방제 서비스업","◦건물, 가구 및 기기 등을 소독, 구충 및 방제하는 산업활동을 말한다.
<예 시>
·건물 해충 구제 서비스
·선박 소독 및 살균 서비스
·화장실 위생 소독 서비스
·훈증 소독 서비스
<제 외>
·농작물 해충 구제 서비스(014302)",85.5,0.0,18.5
2024,749303,"사업시설 관리, 사업지원 및 임대 서비스업",사업시설 관리 및 조경 서비스업,조경관리 및 유지 서비스업,조경관리 및 유지 서비스업,"◦수수료 및 계약에 의하여 건물 주위, 도로변, 정원, 공원, 운동장 등의 환경 조성에 따른 조경수, 잔디, 화초 등 각종 조경용 식물을 식재 및 유지◦관리하는 산업활동을 말한다. 조경수 및 관목의 보호를 위한 활동도 포함한다.
<예 시>
·조경수 관리
·정원수 식재
·정원관리 대리
·조경수목 치료 서비스
<제 외>
·조경수를 재배한 사업체가 식재를 하는 경우(011002)
·토목공사와 결합되는 조경수 식재(451400)
·산림 병충해 방지 서비스(020300)",85.5,0.0,17.2
2024,749400,"전문, 과학 및 기술서비스업","기타 전문, 과학 및 기술 서비스업",사진 촬영 및 처리업,인물 사진 및 행사용 영상 촬영업,"◦사진관 또는 고객의 사무실 및 가정과 같은 장소에서 인물을 촬영하는 산업활동을 말한다. 사진은 그 대상을 있는 그대로 표현한다. 영화용 이외의 행사 사진 및 비디오 등 영상 촬영활동도 포함한다.
<예 시>
·초상화 촬영(개인)
·행사 비디오 촬영
·여권 사진 촬영
·학교 사진 촬영
<제 외>
·동전 조작식 사진 촬영기 운영(749401)

*예식사진촬영업(→930904)",87.1,0.0,21.2
2024,749401,"협회 및 단체, 수리 및 기타 개인서비스업",기타 개인 서비스업,그 외 기타 분류 안된 개인 서비스업,그 외 기타 달리 분류되지 않은 개인 서비스업,"◦즉석에서 스티커사진이나 증명사진 등을 촬영할 수 있도록 자동사진촬영기를 설치하여 운영하는 업
<예 시>
·동전작동식 사진촬영기 운영",83.3,0.0,20.8
2024,749402,"전문, 과학 및 기술서비스업","기타 전문, 과학 및 기술 서비스업",사진 촬영 및 처리업,상업용 사진 촬영업,"◦광고회사, 출판업자 및 기타 산업 사용자를 대상으로 사진 촬영서비스를 제공하는 산업활동을 말한다.
<예 시>
·광고관련 사진 촬영
·상품 사진 촬영
·상업용 사진 촬영
·산업용 사진 촬영
·의류 사진 촬영
·카탈로그 사진 촬영
·기기 및 건물 사진 촬영
·홍보 관련 인물 촬영
·구축물 촬영",87.1,0.0,25.1
2024,749403,"전문, 과학 및 기술서비스업","기타 전문, 과학 및 기술 서비스업",사진 촬영 및 처리업,사진 처리업,"◦사진 및 비디오의 현상 처리, 인화 및 확대 처리 등을 수행하는 산업활동을 말한다. 슬라이드 제작, 오래된 사진 복원 및 투영도 수정 등을 수행하는 경우도 포함한다.
<예 시> 
·사진 인화 서비스
·슬라이드 제작 서비스
·사진 처리 서비스
·사진 복원 서비스
·사진 복사 및 손질 서비스(청사진 복사 제외)
·마이크로 필름 처리 서비스
<제 외>
·텔레비전 및 영화산업에 관련된 영화 필름 현상(921503)",87.1,0.0,22.8
2024,749500,"사업시설 관리, 사업지원 및 임대 서비스업",사업 지원 서비스업,그 외 기타 사업 지원 서비스업,포장 및 충전업,"◦수수료 또는 계약에 의하여 자동 또는 수동 포장을 불문하고 수축 포장, 투명 포장 등의 각종 포장 방법을 이용하여 음식물, 의약품, 화장품, 철물 등의 제품을 포장하는 산업활동을 말한다. 이 산업에는 에어로졸의 혼합 및 주입이 포함되며, 포장물에 상표 부착 및 날인하는 활동이 결합될 수 있다.
<예 시>
·상표 부착 서비스
·여행용구 조립 및 포장
·부탄 가스 주입
·의류 포장
<제 외>
·운수업과 관련된 화물 포장 활동(630903)",88.6,0.0,22.9
2024,749601,"사업시설 관리, 사업지원 및 임대 서비스업",사업 지원 서비스업,그 외 기타 사업 지원 서비스업,그 외 기타 분류 안된 사업 지원 서비스업,◦종이재단 지원 서비스,84.1,0.0,30.0
2024,749602,"사업시설 관리, 사업지원 및 임대 서비스업",사업 지원 서비스업,그 외 기타 사업 지원 서비스업,그 외 기타 분류 안된 사업 지원 서비스업,"◦해태건조
·화입(火入)방법에 의한 김 건조서비스
◦마세크탄(조개탄)도급가공
◦갈포가공",85.7,0.0,12.0
2024,749603,"사업시설 관리, 사업지원 및 임대 서비스업",사업 지원 서비스업,그 외 기타 사업 지원 서비스업,그 외 기타 분류 안된 사업 지원 서비스업,◦선박 임가공,91.4,0.0,17.4
2024,749604,"사업시설 관리, 사업지원 및 임대 서비스업",사업 지원 서비스업,그 외 기타 사업 지원 서비스업,그 외 기타 분류 안된 사업 지원 서비스업(기타임가공),"◦기타 임가공
 ·타인의 의뢰에 의하여 타인이 공급한 재화에 주요자재를 해당 사업자가 전혀 부담하지 않고(일부자재를 부담하는 것은 무방) 단순히 가공만 하여주고 그에 대한 대가를 받는 경우",88.4,0.0,15.4
2024,749609,"사업시설 관리, 사업지원 및 임대 서비스업",사업 지원 서비스업,그 외 기타 사업 지원 서비스업,"온라인 활용 마케팅 및 관련 사업지원 서비스업, 그 외 기타 분류 안된 사업 지원 서비스업","◦그 외 기타 달리 분류되지 않은 사업 지원 서비스를 수행하는 산업활동을 말한다.
<예 시>
·가스, 전기, 수도 계량 대리
<제 외>
*상품권 매매업(→659901)
*종이재단 지원 서비스(→749601)
*해태건조, 마세크탄 도급가공, 갈포가공(→749602)
*선박 임가공(→749603)
*기타 임가공(→749604)
*기타 대리(→749921)",86.4,0.0,22.5
2024,749901,"사업시설 관리, 사업지원 및 임대 서비스업",사업 지원 서비스업,사무 지원 서비스업,문서 작성 및 복사업,"◦속기사
·법정·회의·중개 등에 관한 사항의 속기록을 수기 또는 타이핑으로 작성하는 업(테이프, 디스크 및 구술내용을 전사하는 업 포함)",81.5,0.0,25.3
2024,749902,"전문, 과학 및 기술서비스업","기타 전문, 과학 및 기술 서비스업","그 외 기타 전문, 과학 및 기술 서비스업",번역 및 통역 서비스업,"◦번역, 통역 및 수화 서비스를 제공하는 산업활동을 말한다.
<예 시>
·번역 서비스
·통역 서비스",77.5,0.0,29.2
2024,749903,"전문, 과학 및 기술서비스업","기타 전문, 과학 및 기술 서비스업","그 외 기타 전문, 과학 및 기술 서비스업",사업 및 무형 재산권 중개업,"◦사업 재산권을 감정, 중개 및 알선하는 산업활동을 말한다.
<예 시>
·사업체 합병(M&A) 알선 및 자문
·회원권 분양 중개 및 대행

<제 외>
*무형 재산권 감정, 중개 및 알선(→749941)",77.9,0.0,28.3
2024,749904,금융 및 보험업,금융 및 보험관련 서비스업,보험 및 연금관련 서비스업,손해 사정업,"◦보험 및 피보험자를 위해 각종 손실, 파손의 감정 및 기타 보험 감정업무를 수행하는 산업활동을 말한다.
<예 시>
·손해사정 사무소
·손실평가서비스",73.6,0.0,25.8
2024,749905,"사업시설 관리, 사업지원 및 임대 서비스업",사업 지원 서비스업,사무 지원 서비스업,문서 작성 및 복사업,"◦편지 및 이력서 작성, 문서 편집 및 교정, 타이핑, 문서 처리(워드프로세싱),  필사 등을 하는 산업활동을 말한다.
<예 시>
·챠트작성업
<제 외>
*속기사(→749901)",78.7,0.0,26.6
2024,749906,운수 및 창고업,창고 및 운송관련 서비스업,그 외 기타 운송관련 서비스업,통관 대리 및 관련서비스업,◦관세사,72.1,0.0,24.8
2024,749907,"사업시설 관리, 사업지원 및 임대 서비스업",사업 지원 서비스업,그 외 기타 사업 지원 서비스업,"전시, 컨벤션 및 행사 대행업","◦각종 전시회, 컨벤션 및 행사를 기획․조직하는 산업활동을 말한다. 전시회, 컨벤션 및 행사와 관련된 조사, 기획, 설계, 구성, 제작, 시공감리 등에 관한 전반적인 책임을 맡아 이러한 시설의 내장, 외장, 전시장치, 기계 설비(음향, 영상 등) 등을 종합적으로 구성․연출하는 사업체도 포함한다. 전시회 및 회의 장소만을 임대하는 경우는 제외한다.
<예 시>
·산업 박람회 기획
·주택 전시회 기획
·패션쇼 기획
·전시디자인(전시장 및 전시회 등 관리 지원서비스에 한함)
·과학 행사 기획
·문화 행사 기획
·전시시설 기획 및 연출
<제 외>
·과학 및 문화 전시관 운영(923200)
·전시회장 및 컨벤션장 임대(701201)",83.6,0.0,26.5
2024,749909,"사업시설 관리, 사업지원 및 임대 서비스업",사업 지원 서비스업,사무 지원 서비스업,문서 작성 및 복사업,"◦인쇄활동은 하지 않으면서 도서의 복사, 청사진 처리를 수행하는 산업활동을 말한다.",85.2,0.0,18.1
2024,749910,"전문, 과학 및 기술서비스업","기타 전문, 과학 및 기술 서비스업",전문 디자인업,시각 디자인업,"◦특정 메시지, 이미지 또는 개념을 시각적으로 전달하거나 가상 현상 등을 시각적으로 명확하게 전달 또는 표현하기 위한 시각 전달 매체를 기획, 디자인 및 관리하는 산업활동을 말한다. 비디오물 및 영상 화면 구성, 기업 로고 등의 디자인, 기술적인 정확성 또는 해석 기술이 요구되는 설명도 및 삽화를 제작하는 사업체도 포함한다.
<예 시>
·상업 미술
·메디컬 일러스트레이션
·그래픽 디자인
·실크스크린 디자인
·기업 로고 디자인
·캐릭터 디자인
·각종 제품 및 상품 패키지(용기, 라벨, 제품 박스 등) 디자인
·타이포그래피 디자인
·아이덴티티 디자인(CI, BI)
·출판물 편집 디자인
·영상 디자인
<제 외>
·애니메이션(만화) 영화 제작(921504)
·만화 및 시각 예술을 제작하는 자영 예술가(940200)
·광고물 제작 대리(743001~743005)",78.8,0.0,19.1
2024,749911,"전문, 과학 및 기술서비스업","기타 전문, 과학 및 기술 서비스업","그 외 기타 전문, 과학 및 기술 서비스업",매니저업,"◦예술가, 연예인, 스포츠인 등 일반적으로 공인을 대리하고 관리하는 산업활동을 말한다. 이 사업체는 고객을 위하여 계약 협상, 금전 문제 관리, 경력 홍보 등을 수행한다.
<예 시>
·유명 인사 매니저
·모델 매니저",80.7,0.0,30.2
2024,749912,"전문, 과학 및 기술서비스업","기타 전문, 과학 및 기술 서비스업","그 외 기타 전문, 과학 및 기술 서비스업","물품 감정, 계량 및 견본 추출업","◦물품을 감정하거나 각종 상품의 계량, 형량 및 견본 추출과 그 결과를 증명하는 산업활동을 말한다.
<예 시>
·계량 증명소
·상품 견본 추출 대리
·보석 감정
·골동품 감정
·물량 조사 서비스
<제 외>
·운수관련 화물 검수·계량 서비스(630903)
·손해 사정 서비스(749904)
·부동산 감정 평가(702002)
·물질 성분 검사(742203)",80.9,0.0,29.3
2024,749913,"사업시설 관리, 사업지원 및 임대 서비스업",사업 지원 서비스업,그 외 기타 사업 지원 서비스업,신용 조사 및 추심 대행업,"◦개인의 신용◦고용 기록 및 사업체의 신용 기록을 수집하고, 이들의 신용도를 알고자 하는 금융기관, 소매상 등에게 수집된 정보를 제공하는 산업활동과 청구서의 금액을 수금하여 고객에게 송금하는 산업활동을 말한다.
<예 시>
·외상 수금 대리
·채무자 추적 서비스
·개인 신용도 조사
·회사 신용도 조사
·기업 신용 평가
<제 외>
·탐정 서비스(930916)",81.7,0.0,21.9
2024,749914,"전문, 과학 및 기술서비스업","기타 전문, 과학 및 기술 서비스업",전문 디자인업,인테리어 디자인업,"◦건축관련 법규, 안전성, 기계 및 전기적 특성, 내부 부착물 및 가구 등을 고려하여 사용상의 안전성, 편의성 및 미적 요소 등을 충족시키는 실내 공간 구성을 기획, 설계 및 관리하는 산업활동을 말한다. 이 사업체는 식당 및 호텔, 의료기관, 공공건물, 상업 및 기업 건물, 주택 등의 설계 분야에서 인테리어 디자인 및 자문을 제공한다. 실내 공간 설계와 관련하여 미적인 디자인만 제공하는 실내 장식 전문가도 포함한다.
<예 시>
·실내 장식 디자인
·실내 장식 자문 서비스
<제 외>
·가구 및 실내설비를 판매하면서 실내 장식 서비스를 제공(해당 산업활동으로 분류)
·실내 장식공사(452105~452107)
·전시시설 기획 및 행사 대행(749907)",81.5,0.0,23.0
2024,749915,"전문, 과학 및 기술서비스업","기타 전문, 과학 및 기술 서비스업",전문 디자인업,제품 디자인업,"◦제품의 기능, 사용, 가치 및 외관 등을 최적화 하도록 사양을 기획 및 디자인하는 산업 디자인 서비스 활동을 말한다. 이 서비스에는 안전성, 시장성 및 생산의 효율성, 유통, 사용 및 수리 측면 등을 고려하여 제품의 재료, 공정, 작동 방식, 외관, 색, 표면 처리 등을 결정할 수 있다.
<예 시>
·자동차 디자인
·제품 디자인 자문 서비스
·가구 디자인
·모형 디자인
·기계 및 수공구 디자인
·포장산업 디자인
·전기 및 전자제품 디자인
·생활 및 환경용품 디자인
·운송 기기 디자인
<제 외>
·패션 관련 제품, 텍스타일(섬유류) 및 기타 전문 디자인업(749916)
·기계, 재료, 구축물 및 시스템의 공학적인 설계 및 개발(742104,742106,742109,742110)",80.7,0.0,19.7
2024,749916,"전문, 과학 및 기술서비스업","기타 전문, 과학 및 기술 서비스업",전문 디자인업,"패션, 섬유류 및 기타 전문 디자인업","◦패션 제품, 텍스타일 제품 및 기타 전문 디자인을 수행하는 산업활동을 말한다.
<예 시>
·패션 제품(의복, 가죽, 가방 및 액세서리) 디자인
·텍스타일(섬유류) 패턴(pattern) 디자인
·귀금속 및 보석 디자인
·구두 디자인
·모피 디자인
·의류 디자인",80.5,0.0,20.8
2024,749921,"사업시설 관리, 사업지원 및 임대 서비스업",사업 지원 서비스업,그 외 기타 사업 지원 서비스업,"온라인 활용 마케팅 및 관련 사업지원 서비스업, 그 외 기타 분류 안된 사업 지원 서비스업","◦기타 대리
<예 시>
·편집대리 서비스
·판매권 발행대리
·경품권 발행대리 서비스
·신용카드 발행대리
·복권 발행대리(로또, 토토)
·인터넷가입유치대행",77.2,0.0,17.4
2024,749927,도매 및 소매업,도매 및 상품 중개업,상품 중개업,"섬유, 의복, 신발 및 가죽제품 중개업, 목재 및 건축자재 중개업, 연료, 광물, 1차 금속, 비료 및 화학제품 중개업, 기계 및 장비 중개업, 상품 종합 중개업",◦물품매도확약서 발행업,71.1,0.0,17.9
2024,749930,운수 및 창고업,창고 및 운송관련 서비스업,육상 운송 지원 서비스업,도로 및 관련시설 운영업,◦고속도로 톨게이트 통행료 징수대행사업,77.2,0.0,16.7
2024,749934,"사업시설 관리, 사업지원 및 임대 서비스업",임대업: 부동산 제외,무형 재산권 임대업,무형 재산권 임대업,"◦특허권, 상표권 등의 무형 재산권을 보유하여 제3자에게 사용할 수 있는 권한을 부여하고 사용료를 받는 산업활동을 말한다.
<예 시>
·특허권 임대
·상표권 임대
·브랜드 사용권 임대
·기술 사용권 임대
<제 외>
*광업권자·조광권자의 채굴권리의 대여 수입(→701600)
*광업권자, 조광권자로부터 받은 조광료 수입중 사업소득 과세분(→143200)",46.6,0.0,9.2
2024,749935,"사업시설 관리, 사업지원 및 임대 서비스업",사업시설 관리 및 조경 서비스업,사업시설 유지ㆍ관리 서비스업,사업시설 유지ㆍ관리 서비스업,"◦고객의 사업시설을 유지 및 관리하는 산업활동으로서 경비, 청소, 우편물 선별, 기계장치, 통신 및 전기장치 점검◦유지◦수리 등의 관련 서비스를 다양하게 제공하는 산업활동을 말한다. 사업장 내부시설(전기시설, 통신시설, 기계◦장비시설, IBS(지능형빌딩시스템, Intelligent Building System)시설, 급배수 및 송풍시설, 사업시설, 소방설비 및 건물시설 등 일체의 사업시설)에 대한 관리 서비스를 함께 포함한다.
<예 시>
·사업시설 유지·관리
·기관시설 유지·관리
<제 외>
·비주거용 부동산 관리활동(702003)
·정비, 수리, 청소 등 특정 전문서비스 대리는 그 활동종류에 따라 각각 분류",81.5,0.0,17.5
2024,749937,"사업시설 관리, 사업지원 및 임대 서비스업",사업 지원 서비스업,사무 지원 서비스업,기타 사무 지원 서비스업,"◦고객의 요구에 의하여 청구서 작성 및 기록 활동, 인력 및 물자 분배 등의 일일 사무 행정 서비스를 종합적으로 제공하거나 기타 분류되지 않은 사무 지원 서비스업을 포함한다.",81.4,0.0,21.9
2024,749938,"사업시설 관리, 사업지원 및 임대 서비스업",사업 지원 서비스업,그 외 기타 사업 지원 서비스업,콜센터 및 텔레마케팅 서비스업,"◦수수료 또는 계약에 의해 전화 매체로 고객의 불만 또는 기타 요청 사항을 접수하여 처리하거나 제품 및 상품을 소유하지 않고 고객의 상품 및 서비스를 전화로 홍보, 주문 접수, 정보 제공 등의 서비스를 제공하는 산업활동을 말한다. 상품 소매, 보험 대리 등의 특정 산업활동을 수행하는 사업체가 전화 매체를 통해 사업을 수행하는 경우에는 그 본질적인 활동에 따라 분류한다.
<예 시>
·콜센터 운영
·텔레마케팅 서비스
·전화번호 안내 서비스
·인바운드(in-bound),아웃바운드(out-bound) 서비스
<제 외>
·통신 수단에 의한 상품 소매활동(525101, 525102, 525103)
·통신 수단에 의한 보험 대리(672000)",84.8,0.0,31.4
2024,749939,"전문, 과학 및 기술서비스업","기타 전문, 과학 및 기술 서비스업","그 외 기타 전문, 과학 및 기술 서비스업","고고유산 조사연구 서비스업,그 외 기타 분류 안된 전문, 과학 및 기술 서비스업","◦토지(지표·지중) 또는 수중(바다·호수·하천)에 분포·매장(생성·퇴적)되거나 건조물 등에 포장되어 있는 고고유산에 대한 전문지식과 조사기술을 이용하여 고고유산을 보호·보존 및 조사·연구 등의 서비스를 제공하는 산업활동을 말한다.
◦기타 분류되지 않은 전문, 과학 및 기술 서비스를 제공하는 산업활동을 말한다. 농․축산물, 식품 및 의약품에 대하여 방사선을 쬐어 멸균 또는 보존 처리하는 산업활동을 포함한다.
<예 시>
·고고유산 지표·발굴조사 서비스           
·고고유산 보존 및 활용 서비스
·고고유산 조사기관                        
·보존 서적 방부처리 서비스    
·의약품 조사 처리                        
·식품 조사 처리
·농산물 방사선 처리
<제 외>
·우유 저온 살균 처리(152002)",79.8,0.0,22.6
2024,749940,도매 및 소매업,도매 및 상품 중개업,재생용 재료 및 기타 상품 전문 도매업,재생용 재료 수집 및 판매업,"◦국세청고시에 따라 공병보증금제실시
 주류제조업자로부터 공병수집상이 지급 받는 공병 취급 수수료",83.4,0.0,22.3
2024,749941,"전문, 과학 및 기술서비스업","기타 전문, 과학 및 기술 서비스업","그 외 기타 전문, 과학 및 기술 서비스업",사업 및 무형 재산권 중개업,"◦무형 재산권을 감정, 중개 및 알선하는 산업활동을 말한다.
<예 시>
·지적 재산권 감정
·복제권 감정 및 알선
·특허권, 저작권 구매 및 임차 중개
<제 외>
·무형 재산권 임대(749934)

*사업 재산권 감정, 중개 및 알선(→749903)",49.9,0.0,22.0
2024,749942,"전문, 과학 및 기술서비스업",전문 서비스업,기타 전문 서비스업,기타 전문 서비스업,"◦전문 지식이 요청되는 서비스 제공과 관련하여 사업계획 수립, 전문인력 확보 및 조직 관리, 회계 관리업무 등을 총괄적으로 수행하는 서비스 산업활동을 말한다. 부수적으로 지식재산권 취득 및 관리, 시장 및 여론 조사, 자문 및 컨설팅, 기술이전 지원업무 등을 수행할 수 있다.
<예 시>
·산학협력단
·각종 연구개발 사무관리 기구 및 단체",81.9,0.0,25.2
2024,804101,교육서비스업,교육 서비스업,외국인학교,외국인학교,"◦외국에서 일정 기간 거주하고 귀국한 내국인, 국적 취득자 및 외국인 자녀를 교육하기 위하여 설립된 교육기관을 말한다. 외국인학교는 유치원, 초등학교, 중학교, 고등학교 과정을 통합하여 운영할 수 있다.",0.0,0.0,0.0
2024,809001,교육서비스업,교육 서비스업,기술 및 직업 훈련학원,운전학원,"◦중장비, 비행기, 선박 등의 운송장비에 대한 운전교습을 수행하는 산업활동을 말한다.
<예 시>
·중장비 운전학원
·항공 훈련학원
·선박 운전학원
<제 외>
*자동차 운송장비에 대한 운전교습(→809011)",80.2,0.0,29.8
2024,809002,교육서비스업,교육 서비스업,기술 및 직업 훈련학원,기타 기술 및 직업 훈련학원,"◦기타의 기술 및 직업 분야에 대하여 전문적인 훈련을 수행하는 산업활동을 말한다.
<예 시>
·통신 기술학원
·자동차 정비학원
·양재학원
·미용학원
·직업 훈련원
·모형 제작학원
·체육 전문강사 교육
·비서학원
<제 외>
*가정계열학원(→809010)",83.3,0.0,21.6
2024,809003,교육서비스업,교육 서비스업,스포츠 및 레크리에이션 교육기관,레크리에이션 교육기관,"◦바둑교육 등 레크리에이션에 관한 교육을 하는 산업활동을 말한다.
<예 시>
·바둑 교실
<제 외>
*댄스교습소(→921902)",84.1,0.0,21.8
2024,809004,교육서비스업,교육 서비스업,일반 교습학원,일반 교과학원,◦체육계열 입시 전문학원,83.3,0.0,23.6
2024,809005,교육서비스업,교육 서비스업,일반 교습학원,일반 교과학원,"◦상급학교 진학 및 보습을 위한 일반 교과과정을 교육하는 산업활동을 말한다.
<예 시>
·입시학원
·일반교과 보습학원
·학생 대상 속셈학원(성인 대상 경영ㆍ사무 목적인 경우 809022)
<제 외>
·기술관련 자격증 시험교육(해당 기술관련 산업활동으로 분류)
·통신 및 인터넷을 통한 일반교과 교육(809016)
·음악, 무용, 미술학원(예체능학원 해당 산업활동으로 분류)

*체육계열 입시 전문학원(→809004)
*예능계열 입시 전문학원(→809012)
*과외수업지도, 예능실기지도 등(→809007)",80.0,0.0,22.6
2024,809006,"예술, 스포츠 및 여가관련 서비스업",스포츠 및 오락관련 서비스업,기타 스포츠시설 운영업,그 외 기타 스포츠시설 운영업,"◦정구장, 테니스장
 ·정구, 배드민턴 기타 라켓게임만 주로 운영되는 설비 운영업
◦탁구장",87.2,0.0,24.5
2024,809007,교육서비스업,교육 서비스업,"일반 교습학원, 예술학원, 외국어학원 및 기타 교습학원","일반 교과학원, 음악학원, 미술학원, 기타 예술학원, 외국어학원","◦독립된 자격으로 정규학교와 공인학원 강의 이외의 과외수업지도, 예능실기지도 등을 행하고 얻은 수입금액
 -「학원의 설립·운영 및 과외교습에 관한 법률」 제6조에 따라 등록한 학원에서 이루어지는 변칙적인 과외교습행위를 포함
<예 시>
·공부방, 교습소                         ·학습향상클리닉(입시교육위주)",78.0,0.0,22.3
2024,809009,교육서비스업,교육 서비스업,예술학원,음악학원,"◦피아노, 바이올린, 실용 음악 등 음악에 관한 이론과 실기 등을 교습하는 산업활동을 말한다.
<예 시>
·음악학원
·피아노, 바이올린 교습학원
·실용 음악 교습학원
<제 외>
*독립된 자격의 과외교습(음악실기지도)(→809007)",81.8,0.0,24.8
2024,809010,교육서비스업,교육 서비스업,기술 및 직업 훈련학원,기타 기술 및 직업 훈련학원,"◦가정계열학원
<예 시>
·요리, 꽃꽂이, 꽃기예(조화)
·pop예쁜글씨, 퀼트 교육
·다도(茶道)교습소, 예절교육",83.8,0.0,19.4
2024,809011,교육서비스업,교육 서비스업,기술 및 직업 훈련학원,운전학원,"◦자동차 운송장비에 대한 운전교습을 수행하는 산업활동을 말한다.
<예 시>
·자동차 운전학원
<제 외>
*중장비, 비행기, 선박 등의 운송장비에 대한 운전교습(→809001)",80.2,0.0,30.8
2024,809012,교육서비스업,교육 서비스업,일반 교습학원,일반 교과학원,◦예능계열 입시 전문학원,81.9,0.0,25.1
2024,809013,교육서비스업,교육 서비스업,그 외 기타 교육기관,컴퓨터 학원,"◦컴퓨터 프로그램 작성, 컴퓨터 작동, 근거리 통신망 운영과 같은 컴퓨터교육을 수행하는 산업활동을 말한다. 교육은 학원뿐만 아니라, 교육생이 있는 시설에서도 이루어질 수 있다.",82.7,0.0,23.4
2024,809014,교육서비스업,교육 서비스업,스포츠 및 레크리에이션 교육기관,태권도 및 무술 교육기관,"◦태권도, 유도, 권투 등 각종 무술 관련 스포츠에 관한 교육을 하는 산업활동을 말한다.
<예 시>
·태권도학원",81.1,0.0,22.6
2024,809015,교육서비스업,교육 서비스업,스포츠 및 레크리에이션 교육기관,기타 스포츠 교육기관,"◦축구, 야구 등 구기 종목과 체조, 수영 등 개인 종목 스포츠에 관한 교육을 하는 산업활동을 말한다.
<예 시>
·축구 교실
·요가학원",81.1,0.0,24.0
2024,809016,교육서비스업,교육 서비스업,일반 교습학원,온라인 교육학원,"◦강의 내용물을 제작, 보유하고 통신 및 인터넷 방법으로 일반 교과 과정을 교육하는 산업활동을 말한다. 온라인 교육과 강의실 직접 교육을 병행하는 경우는 직접 강의하는 교육 내용에 따라 분류한다.
<예 시>
·통신 이용 교육
·인터넷 이용 교육
<제 외>
·정규 교과과정의 통신교육(해당 교육서비스업의 산업활동으로 분류)",83.2,0.0,31.1
2024,809017,교육서비스업,교육 서비스업,외국어학원 및 기타 교습학원,외국어학원,"◦회화 또는 시험을 위하여 외국어 강습을 수행하는 산업활동을 말한다. 외국인을 대상으로 하는 한국어학원도 포함한다.
<예 시>
·외국어학원
·회화학원
<제 외>
·언어 교정학원(809022)

*독립된 자격의 과외교습(회화 또는 외국어)(→809007)",83.2,0.0,23.7
2024,809018,교육서비스업,교육 서비스업,외국어학원 및 기타 교습학원,기타 교습학원,"◦취업 및 각종 전문 시험을 위한 교과를 교육하는 산업활동을 말한다.
<예 시>
·고시학원",79.9,0.0,24.4
2024,809019,"예술, 스포츠 및 여가관련 서비스업",스포츠 및 오락관련 서비스업,그 외 기타 오락관련 서비스업,기원 운영업,"◦바둑, 장기, 체스, 카드 놀이 및 유사 경기시설을 운영하는 산업활동을 말한다.
<제 외>
·교육 목적의 바둑교실 운영(809003)",88.2,0.0,26.9
2024,809020,교육서비스업,교육 서비스업,예술학원,미술학원,"◦소묘(스케치, 데생 등), 수채화, 정물화 등 미술에 관한 이론과 실기 등을 교습하는 산업활동을 말한다.
<예 시>
·미술학원
<제 외>
*독립된 자격의 과외교습(미술실기지도)(→809007)",83.3,0.0,22.7
2024,809021,교육서비스업,교육 서비스업,예술학원,기타 예술학원,"◦음악 및 미술 교습 이외에 연극, 무용 등 각종 예술에 관한 이론과 실기를 교습 하는 산업활동을 말한다.
<예 시>
·무용 및 댄스학원
·연기학원
·도예학원
<제 외>
*독립된 자격의 과외교습(예능실기지도)(→809007)",83.9,0.0,24.4
2024,809022,교육서비스업,교육 서비스업,그 외 기타 교육기관,그 외 기타 분류 안된 교육기관,"◦사무관련 교육학원 및 달리 분류되지 않은 교육기관을 말한다.
<예 시>
·속기학원
·사무 실무 교육
·속독학원
·경영관련 교육
·부기학원
·웅변학원
<제 외>
·무술 교육시설(809014)",84.2,0.0,21.3
2024,851101,보건업 및 사회복지 서비스업,보건업,병원,요양병원,"◦30인 이상의 입원시설을 갖추고 의사 또는 한의사가 노인성 질환자, 만성 질환자, 외과 수술 또는 상해 후 회복을 위한 환자 등 주로 장기 입원이 필요한 환자를 대상으로 진료 행위를 하는 의료기관을 말한다. 진료 및 요양을 위한 정신병원(50인 이상 병상 보유)과 일반병원 요건을 갖춘 장애인 의료 재활시설도 포함한다.
<예 시>
·요양병원
·정신병원
·병원급 장애인 의료 재활시설",78.6,0.0,19.0
2024,851102,보건업 및 사회복지 서비스업,보건업,병원,치과병원,◦입원시설을 갖추고 치과의사가 입원환자 위주로 진료행위를 하는 의료기관을 말한다.,63.6,0.0,21.5
2024,851103,보건업 및 사회복지 서비스업,보건업,병원,한방병원,◦30인 이상의 입원시설을 갖추고 한의사가 입원 환자 위주로 진료행위를 하는 의료기관을 말한다.,67.5,0.0,23.4
2024,851113,보건업 및 사회복지 서비스업,보건업,병원,종합병원,◦100인 이상의 입원시설과 일정 수준 이상의 진료 과목을 설치하고 의사가 입원 환자 위주로 진료행위를 하는 의료기관을 말한다.,78.6,0.0,19.0
2024,851114,보건업 및 사회복지 서비스업,보건업,병원,일반병원,"◦30인 이상의 입원시설을 갖추고 의사가 입원 환자 위주로 진료행위를 하는 의료기관을 말한다.
<예 시>
·일반병원
·외과 전문병원
·내과 전문병원
·보건의료원
·군 및 교도소 병원
·결핵병원
·한센병원
·전염병원",78.6,0.0,19.0
2024,851201,보건업 및 사회복지 서비스업,보건업,의원,일반의원,"◦일반과, 내과, 소아과 전문의 또는 일반 의사가 외래 환자 위주로 진료 행위를 하는 의료기관을 말한다. 이 진료기관은 일정 규모 이하의 입원시설을 갖춘 경우도 있다.",70.5,0.0,27.9
2024,851202,보건업 및 사회복지 서비스업,보건업,의원,일반의원,"◦일반외과, 정형외과, 항문과, 신경외과 전문의 또는 일반 의사가 외래 환자 위주로 진료 행위를 하는 의료기관을 말한다. 이 진료기관은 일정 규모 이하의 입원시설을 갖춘 경우도 있다.",74.8,0.0,27.5
2024,851203,보건업 및 사회복지 서비스업,보건업,의원,일반의원,"◦신경과, 정신과, 신경정신과 전문의 또는 일반 의사가 외래 환자 위주로 진료 행위를 하는 의료기관을 말한다. 이 진료기관은 일정 규모 이하의 입원시설을 갖춘 경우도 있다.",73.9,0.0,27.0
2024,851204,보건업 및 사회복지 서비스업,보건업,의원,일반의원,"◦피부과, 비뇨기과 전문의 또는 일반 의사가 외래 환자 위주로 진료 행위를 하는 의료기관을 말한다. 이 진료기관은 일정 규모 이하의 입원시설을 갖춘 경우도 있다.",68.3,0.0,25.9
2024,851205,보건업 및 사회복지 서비스업,보건업,의원,일반의원,◦안과 전문의 또는 일반 의사가 외래 환자 위주로 진료 행위를 하는 의료기관을 말한다. 이 진료기관은 일정 규모 이하의 입원시설을 갖춘 경우도 있다.,69.5,0.0,28.7
2024,851206,보건업 및 사회복지 서비스업,보건업,의원,일반의원,◦이비인후과 전문의 또는 일반 의사가 외래 환자 위주로 진료 행위를 하는 의료기관을 말한다. 이 진료기관은 일정 규모 이하의 입원시설을 갖춘 경우도 있다.,73.1,0.0,31.0
2024,851207,보건업 및 사회복지 서비스업,보건업,의원,일반의원,◦산부인과 전문의 또는 일반 의사가 외래 환자 위주로 진료 행위를 하는 의료기관을 말한다. 이 진료기관은 일정 규모 이하의 입원시설을 갖춘 경우도 있다.,65.0,0.0,22.8
2024,851208,보건업 및 사회복지 서비스업,보건업,의원,방사선 진단 및 병리 검사 의원,"◦의료 검사 및 진단 촬영을 포함한 진단 서비스를 제공하는 의료기관을 말한다.
<예 시>
·엑스레이 촬영 의원
·의료 검사 의원
<제 외>
·미생물 성분 분석(742203)

*세균검사(→851905)
*기타 병리실험 서비스(→851909)",71.1,0.0,29.1
2024,851209,보건업 및 사회복지 서비스업,보건업,의원,일반의원,◦성형외과 전문의 또는 일반 의사가 외래 환자 위주로 진료 행위를 하는 의료기관을 말한다. 이 진료기관은 일정 규모 이하의 입원시설을 갖춘 경우도 있다.,42.7,0.0,16.1
2024,851211,보건업 및 사회복지 서비스업,보건업,의원,치과의원,"◦치과의사가 외래환자 위주로 진료행위를 하는 의료기관을 말한다.
<제 외>
·치과 병원(851102)",61.7,0.0,17.2
2024,851212,보건업 및 사회복지 서비스업,보건업,의원,한의원,"◦한의사가 외래환자 위주로 진료행위를 하는 의료기관을 말한다.
<제 외>
·한방병원(851103)",56.6,0.0,18.9
2024,851219,보건업 및 사회복지 서비스업,보건업,의원,일반의원,"◦마취과, 결핵과, 가정의학과, 재활의학과 등 달리 분류되지 않은 병과 전문의 또는 일반 의사가 외래 환자 위주로 진료 행위를 하는 의료기관을 말한다. 이 진료기관은 일정 규모 이하의 입원시설을 갖춘 경우도 있다.",67.1,0.0,15.0
2024,851901,보건업 및 사회복지 서비스업,보건업,기타 보건업,그 외 기타 보건업,"◦조산소, 조산원(독립된 간호사 포함)",75.2,0.0,15.0
2024,851902,보건업 및 사회복지 서비스업,보건업,기타 보건업,유사 의료업,"◦침구 치료 등의 유사 의료 행위를 수행하는 산업활동을 말한다.
<예 시>
·침술원(침사, 구사)
<제 외>
*안마사(안마원 또는 안마시술소 미개설)(→851903)
*안마시술소 운영(→851908)
*안마원 운영(→851912)
*지압 치료 등의 유사 의료 행위(→851904)",67.9,0.0,18.5
2024,851903,보건업 및 사회복지 서비스업,보건업,기타 보건업,유사 의료업,"◦다음 각 호에 모두 해당하는 안마사
 1. 「의료법」 제82조에 따른 안마사 자격이 있는 자
 2. 「안마사에 관한 규칙」에 따른 안마원 또는 안마시술소를 개설하지 아니하고 안마시술을 하는 자(출장안마포함)",79.1,0.0,18.9
2024,851904,보건업 및 사회복지 서비스업,보건업,기타 보건업,유사 의료업,"◦지압 치료 등의 유사 의료 행위를 수행하는 산업활동을 말한다.
<예 시>
·척추 지압 요법 치료
·접골사
·기타유사의료업
<제 외>
*안마사(안마원 또는 안마시술소 미개설)(→851903)
*안마시술소 운영(→851908)
*안마원 운영(→851912)
*침구 치료 등의 유사 의료 행위(→851902)",58.1,0.0,11.1
2024,851905,보건업 및 사회복지 서비스업,보건업,의원,방사선 진단 및 병리 검사 의원,"◦세균검사
<예 시>
·기생충검사서비스",70.4,0.0,15.8
2024,851906,보건업 및 사회복지 서비스업,보건업,기타 보건업,그 외 기타 보건업,"◦혈액원
<예 시>
·제대혈보관, 조혈모세포은행, 혈액은행",83.5,0.0,15.6
2024,851907,보건업 및 사회복지 서비스업,보건업,기타 보건업,그 외 기타 보건업,"◦기타 의료 행위를 수행하는 산업활동을 말한다.(조산사와 독립적인 간호사는 제외한다.)
<예 시>
·장기 은행
·정자 은행
·의무 기록 서비스
<제 외>
·산후조리원(930913)

*조산소, 조산원(독립된 간호사 포함)(→851901)
*혈액원(→851906)",78.0,0.0,16.0
2024,851908,보건업 및 사회복지 서비스업,보건업,기타 보건업,유사 의료업,"◦「의료법」에 따른 안마사 자격이 있고 「안마사에 관한 규칙」에 따른 안마시술소를 운영
<제 외>
·안마원(851912)",85.3,0.0,18.9
2024,851909,보건업 및 사회복지 서비스업,보건업,의원,방사선 진단 및 병리 검사 의원,"◦기타 병리실험 서비스
<예 시>
·수수료 또는 계약에 의하여 방사선촬영, 형태학적 병리실험, 화학병리실험, 미생물실험, 혈액검사 등을 수행하는 독립된 의료실험실
·세포검사서비스(병리검사)",78.0,0.0,17.1
2024,851911,보건업 및 사회복지 서비스업,보건업,기타 보건업,앰뷸런스 서비스업,"◦자동차, 선박 및 항공기 등으로 환자 이송과 응급 치료를 하는 산업활동을 말한다. 차량에는 훈련된 직원이 조작하는 응급 구조장비가 장착되어 있다.",78.0,0.0,17.1
2024,851912,보건업 및 사회복지 서비스업,보건업,기타 보건업,유사 의료업,"◦「의료법」에 따른 안마사 자격이 있고 「안마사에 관한 규칙」에 따른 안마원을 운영
<제 외>
·안마시술소(851908)",85.3,0.0,19.6
2024,852000,"전문, 과학 및 기술서비스업","기타 전문, 과학 및 기술 서비스업",수의업,수의업,"◦축산 동물 및 반려용·애완용 동물에 대한 질병의 예방 및 치료를 수행하는 산업활동을 말한다.
<예 시>
·축산 동물병원
 ·반려·애완 동물병원            
·수의 서비스
·수의관련 실험 서비스
·동물관련 임상병리 서비스
·동물 구급 서비스
<제 외>
·인공 수정 및 거세 서비스(014300)",65.1,0.0,15.7
2024,900100,"수도, 하수 및 폐기물처리, 원료재생업","폐기물 수집, 운반, 처리 및 원료 재생업","지정 외 폐기물 수집, 운반업","지정 외 폐기물 수집, 운반업","◦가정 및 사업장에서 발생하는 무해 폐기물(지정 외 폐기물)을 수집, 운반하는 산업활동을 말한다.
<예 시>
·무해 고체 폐기물 수집, 운반
·무해 산업 폐기물 수집, 운반
·무해 생활 폐기물 수집, 운반
<제 외>
·방사성 폐기물 처리(900102)",88.0,0.0,20.4
2024,900101,"수도, 하수 및 폐기물처리, 원료재생업","폐기물 수집, 운반, 처리 및 원료 재생업",지정 외 폐기물 처리업,지정 외 폐기물 처리업,"◦가정 또는 사업장에서 배출되는 생활 폐기물 등의 무해 폐기물(지정 외 폐기물)을 매립, 소각, 중화, 파쇄, 고형화 등의 방법으로 처리하는 시설을 운영하는 산업활동을 말한다. 처리과정에서 부수적으로 전기, 열 및 증기를 생산할 수 있다.
<예 시>
·무해 폐기물 소각로 운영
·무해 폐기물 매립장 운영
·음식 폐기물 처리
<제 외>
·수집 폐기물을 공급받아 전기 생산(401003)",88.0,0.0,19.9
2024,900102,"수도, 하수 및 폐기물처리, 원료재생업","폐기물 수집, 운반, 처리 및 원료 재생업","방사성 폐기물 수집, 운반 및 처리업","방사성 폐기물 수집, 운반 및 처리업","◦폐기 대상인 핵폐기물 등 방사성 폐기물을 수집, 운반, 처리하는 산업활동을 말한다.",88.0,0.0,20.4
2024,900103,"수도, 하수 및 폐기물처리, 원료재생업","폐기물 수집, 운반, 처리 및 원료 재생업","지정 폐기물 수집, 운반업","지정 폐기물 수집, 운반업","◦사업체 및 의료기관 등에서 배출되는 인체 건강과 환경에 유해한 폭발성, 산화성, 인화성, 유독성, 자극성, 발암성, 부식성, 전염성 물질로서 특별 관리되는 폐기물을 수집, 운반하는 산업활동을 말한다.
<예 시>
·부식성 폐기물(폐산, 폐알카리) 수집, 운반
·폐유(폐식용유는 지정 외 폐기물) 수집, 운반
·폐석면, 폐농약 수집, 운반
·액상 폐합성수지, 폐고무 수집, 운반
·폐수 오니, 공정과정 배출 오니 수집, 운반
·보건ㆍ의료기관, 동물병원, 시험ㆍ검사기관 등에서 배출되는 폐기물 중 인체에 위해한 폐기물, 인체 조직 등 적출물, 실험 동물 사체
·유해성 광재(슬래그), 폐주물사, 폐내화물, 폐유기용제, 폐페인트 및 폐래커, 폐유독물질 수집, 운반
<제 외>
·방사성 폐기물 수집, 운반, 처분(900102)",88.0,0.0,15.6
2024,900104,"수도, 하수 및 폐기물처리, 원료재생업","폐기물 수집, 운반, 처리 및 원료 재생업","건설 폐기물 수집, 운반업","건설 폐기물 수집, 운반업","◦건설 관련 폐기물(건물 해체물 등) 및 무해성 광재 등을 수집, 운반하는 산업활동을 말한다.
<예 시>
·건설 폐기물 수집, 운반
·무해성 광재(고로 슬래그 등) 수집, 운반
<제 외>
·공사장에서 배출되는 지정 폐기물 수집, 운반(900103)
·방사성 폐기물 수집, 운반, 처리(900102)",88.0,0.0,15.6
2024,900105,"수도, 하수 및 폐기물처리, 원료재생업","폐기물 수집, 운반, 처리 및 원료 재생업",지정 폐기물 처리업,지정 폐기물 처리업,"◦사업장 및 의료기관에서 배출하는 각종 지정 폐기물 처리 시설을 운영하는 산업활동을 말한다.
<예 시>
·폐수 오니 처리
·의료 적출물 처리
·동물 사체 처리",88.0,0.0,16.6
2024,900106,"수도, 하수 및 폐기물처리, 원료재생업","폐기물 수집, 운반, 처리 및 원료 재생업",건설 폐기물 처리업,건설 폐기물 처리업,"◦건물 해체물 등 건설관련 폐기물 처리시설을 운영하는 산업활동을 말한다. 처리과정에서 재활용이 가능한 골재를 부수적으로 얻을 수 있다. 무해성 광재를 처리하는 산업활동도 포함한다.
<예 시>
·무해성 광재(고로 슬래그 등) 처리
<제 외>
·재생 골재와 기타 재료를 혼합하여 특정 제품(벽돌 등) 생산(비금속광물제품 제조에 따른 산업활동에 따라 분류)
·공사장에서 배출되는 지정 폐기물 처리(900105)",88.0,0.0,16.6
2024,900200,"수도, 하수 및 폐기물처리, 원료재생업","하수, 폐수 및 분뇨 처리업",하수 및 폐수 처리업,하수 처리업,"◦하수를 하수도관에 의해서 수집하고, 수집된 하수를 희석, 선별, 여과, 침전 등 물리◦화학◦생물공정 등으로 처리하는 하수도관시설 및 하수 처리시설을 운영하는 산업활동을 말한다.
<예 시>
·하수 펌프장 운영
·하수도관시설 운영
·하수 종말 처리장 운영
<제 외>
·산업 폐수 처리시설 운영(900202)

*하수도관 청소(→749301)",84.6,0.0,20.4
2024,900201,"수도, 하수 및 폐기물처리, 원료재생업","하수, 폐수 및 분뇨 처리업",분뇨 처리업,사람 분뇨 처리업,"◦사람 분뇨의 수집, 운반, 보관 및 처분을 수행하는 산업활동을 말하며 관련 시설을 청소하는 활동을 포함한다.
<예 시>
·정화조 청소업
·분뇨 수집, 운반업
·분뇨 처리업",83.8,0.0,19.9
2024,900202,"수도, 하수 및 폐기물처리, 원료재생업","하수, 폐수 및 분뇨 처리업",하수 및 폐수 처리업,폐수 처리업,"◦산업 폐수를 폐수 수집관에 의해서 수집하고, 수집된 폐수를 희석, 선별, 여과, 침전 등 물리◦화학◦생물공정 등으로 처리하는 폐수도관시설 및 폐수 처리시설을 운영하는 산업활동을 말하며, 관련 시설을 청소하는 활동을 포함한다.
<예 시>
·산업 폐수 처리시설 운영",84.6,0.0,19.9
2024,900203,"수도, 하수 및 폐기물처리, 원료재생업","하수, 폐수 및 분뇨 처리업",분뇨 처리업,축산 분뇨 처리업,"◦가축 사육장에서 배출되는 액체성 또는 고체성 오염 물질의 수집, 운반, 보관 및 처분을 수행하는 산업활동을 말하며 관련 시설을 청소하는 활동을 포함한다.
<예 시>
·가축 분뇨 수집 및 운반업
·축산 폐수 공용 처리시설 운영
<제 외>
·축산 분뇨를 이용한 유기질 비료 제조(241202)",83.8,0.0,19.9
2024,900300,"수도, 하수 및 폐기물처리, 원료재생업","폐기물 수집, 운반, 처리 및 원료 재생업","금속류 해체, 선별 및 원료 재생업",금속류 해체 및 선별업,"◦폐차처리업
<예 시>
·금속원료재생을 위한 철도차량 해체",87.9,0.0,15.6
2024,900900,"사업시설 관리, 사업지원 및 임대 서비스업",사업시설 관리 및 조경 서비스업,건물 및 산업설비 청소업,"산업설비, 운송장비 및 공공장소 청소업","◦산업설비, 운송장비 및 산업용품을 기계적 또는 화학적 방법으로 세척 및 청소하는 산업활동을 말한다. 공공 장소에 대한 거리 청소, 제설 및 기타 유사 서비스를 수행하는 산업활동을 포함한다.
<예 시>
·산업설비 청소 서비스
·탱크 청소 서비스
·로 및 굴뚝 청소 서비스
·컴퓨터실 청소 서비스
·활주로 청소 서비스
·거리 청소 서비스
·선박 청소 서비스
·산업용 장비 세척(직물 및 직물제품 제외)
<제 외>
·분뇨 수거 및 처리(900201, 900203)
·직물 및 직물제품 세탁(930100~930102)",86.9,0.0,17.4
2024,921100,정보통신업,영상ㆍ오디오 기록물 제작 및 배급업,"영화, 비디오물 및 방송 프로그램 배급업","영화, 비디오물 및 방송 프로그램 배급업","◦일반◦애니메이션 영화, 각종 비디오물 및 방송 프로그램의 배급권을 획득하고 영화관, 방송사 및 기타 상영자(일반 소비자 제외)에게 배급하는 산업활동을 말한다.
<예 시>
·영화 배급
·텔레비전 프로그램 배급
·애니메이션 영화 배급
·비디오물 배급
<제 외>
·일반 대중을 상대로 비디오를 임대하는 산업활동(713004)",81.8,0.0,24.8
2024,921200,정보통신업,영상ㆍ오디오 기록물 제작 및 배급업,영화 및 비디오물 상영업,영화관 운영업,"◦실내 또는 야외에서 영사시설을 갖추고 영화를 상영하는 산업활동을 말한다.
<예 시>
·실내 영화관
·자동차 영화관",82.4,0.0,22.7
2024,921301,정보통신업,방송 및 영상·오디오물 제공 서비스업,라디오 방송업,라디오 방송업,"◦직접 제작하거나 구입한 라디오 방송 프로그램을 방송시설을 통하여 송출하는 산업활동을 말한다.
<예 시>
·공동체 라디오 방송",79.1,0.0,32.2
2024,921302,정보통신업,방송 및 영상·오디오물 제공 서비스업,지상파 방송업,지상파 방송업,"◦직접 제작하거나 구입한 텔레비전 방송 프로그램을 지상파 방송시설을 통하여 송출하는 산업활동을 말한다.
<예 시>
·지상파 방송(공영, 민영 TV 방송)
·지상파 이동 멀티미디어 방송(DMB)
<제 외>
·중계소 또는 위성에 의한 라디오 및 텔레비전 방송의 전송 서비스활동(642003)",78.3,0.0,23.7
2024,921303,정보통신업,방송 및 영상·오디오물 제공 서비스업,"유선, 위성 및 기타 방송업",유선 방송업,"◦직접 제작하거나 프로그램 공급업자로부터 공급받은 텔레비전 방송 프로그램을 유선으로 송출하는 산업활동을 말한다.
<예 시>
·종합 유선 방송
·케이블 방송
·중계 유선 방송
·음악 유선 방송
<제 외>
·위성 방송(921305)",75.8,0.0,16.6
2024,921304,정보통신업,영상ㆍ오디오 기록물 제작 및 배급업,"영화, 비디오물 및 방송 프로그램 제작업",방송 프로그램 제작업,"◦방송 제작시설을 갖추고 텔레비전 방송사로부터 요청받은 방송용 프로그램만을 전문적으로 제작하는 산업활동을 말한다.
<예 시>
·텔레비전 쇼 제작
·텔레비전 제작소(프로덕션) 운영
<제 외>
·방송 채널에 유선 및 위성 프로그램 공급활동(921306)",88.6,0.0,27.6
2024,921305,정보통신업,방송 및 영상·오디오물 제공 서비스업,"유선, 위성 및 기타 방송업",위성 및 기타 방송업,"◦직접 제작하거나 프로그램 공급업자로부터 공급받은 텔레비전 방송 프로그램을 위성 및 기타의 방법으로 송출하는 산업활동을 말한다.
<예 시>
·위성 방송
·인터넷 방송
·IPTV 방송
·보도 중심 전광판 방송
<제 외>
·유선 방송(921303)
·위성 방송 프로그램 공급(921306)
·통신위성 운영(642003)",75.8,0.0,23.7
2024,921306,정보통신업,방송 및 영상·오디오물 제공 서비스업,"유선, 위성 및 기타 방송업",프로그램 공급업,"◦직접 제작하거나 구입한 텔레비전 방송프로그램을 유선, 위성 및 기타 방송사업체에 공급하는 산업활동을 말한다.
<예 시>
·유선 방송 프로그램 공급업
·위성 방송 프로그램 공급업
<제 외>
·텔레비전에 의한 상품 소매(홈쇼핑)(525102)
·독립적인 텔레비전 프로그램 제작(921304)",88.6,0.0,34.9
2024,921401,"예술, 스포츠 및 여가관련 서비스업","창작, 예술 및 여가관련 서비스업",기타 창작 및 예술관련 서비스업,공연 기획업,"◦공연 예술 행사를 기획, 조직 및 관리하는 산업활동을 말한다. 이 사업체는 공연시설을 소유할 수 있다.",85.0,0.0,26.1
2024,921402,"예술, 스포츠 및 여가관련 서비스업","창작, 예술 및 여가관련 서비스업",공연단체,무용 및 음악단체,"◦무용 및 음악단체를 운영하는 산업활동을 말한다.
<예 시>
·현대 무용단
·국악단체
·고전 무용단
·발레단
·포크댄스단
·밴드단
·오케스트라
·탭댄스단
·재즈단",94.3,0.0,27.9
2024,921403,"예술, 스포츠 및 여가관련 서비스업","창작, 예술 및 여가관련 서비스업",공연단체,연극단체,"◦실황극을 공연하는 공연단체를 운영하는 산업활동을 말한다. 이 사업체는 극장시설을 소유할 수 있다.
<예 시>
·음악연극 단체
·오페라 극단
·뮤지컬 극단
·코미디 극단
·인형 극단
<제 외>
·독립적인 자영 연예인 활동(해당되는 산업활동으로 분류)",96.7,0.0,28.4
2024,921404,부동산업,부동산업,부동산 임대업,비주거용 건물 임대업,"◦극장대관(연극, 쇼공연, 행사 등을 위하여 극장을 대관하는 업)",85.5,0.0,16.8
2024,921405,"예술, 스포츠 및 여가관련 서비스업","창작, 예술 및 여가관련 서비스업",기타 창작 및 예술관련 서비스업,그 외 기타 창작 및 예술관련 서비스업,"◦영화, 텔레비전, 연극 제작을 위하여 제작자의 주문에 따라 연기자를 공급하는 배역 서비스와 영화 제작, 연극 제작, 스포츠 또는 기타 공연물 제작에 관련하여 제작자를 대리하여 장소 및 예약 등을 대리하는 산업활동을 말한다.
<제 외>
·독립적인 연예인 또는 예술가의 대리활동(749911)
·연극, 영화 등 단역배우 공급(749101)",83.5,0.0,29.4
2024,921406,"예술, 스포츠 및 여가관련 서비스업","창작, 예술 및 여가관련 서비스업",기타 창작 및 예술관련 서비스업,그 외 기타 창작 및 예술관련 서비스업,"◦공연 기획, 공연 및 제작관련 대리를 제외한 기타 창작 및 예술관련 서비스를 제공하는 산업활동을 말한다.
<예 시>
·조명장치 설치 및 운영
·연극 배경장치 운영
·음향장치 설치 및 운영
·무대 설비설치 운영
·무대 예술 운영업
·입장권 판매시설 운영",83.5,0.0,26.7
2024,921407,"예술, 스포츠 및 여가관련 서비스업","창작, 예술 및 여가관련 서비스업",공연단체,기타 공연단체,"◦기타 공연 예술단체를 운영하는 산업활동을 말한다.
<예 시>
·서커스단
·마술쇼단
·아이스스케이팅단",94.3,0.0,36.6
2024,921501,정보통신업,영상ㆍ오디오 기록물 제작 및 배급업,"영화, 비디오물 및 방송 프로그램 제작업",광고 영화 및 비디오물 제작업,"◦특정 사업체 및 제품 등을 광고하는 광고 영화 및 비디오물을 제작하는 산업활동을 말한다.
<예 시>
·텔레비전용 광고물 제작
·홍보 영화 제작
·공익 광고 영화 제작
<제 외>
·일반 영화 제작(921502)",82.0,0.0,24.5
2024,921502,정보통신업,영상ㆍ오디오 기록물 제작 및 배급업,"영화, 비디오물 및 방송 프로그램 제작업",일반 영화 및 비디오물 제작업,"◦일반 영화 및 비디오 영화를 제작하는 산업활동을 말한다. 제작과 결합된 배급활동도 포함한다.
<예 시>
·일반 비디오물 제작
·일반 영화 제작
·교육용 비디오물 제작
·뮤직 비디오물 제작
<제 외>
·광고용 영화제작(921501)",87.3,0.0,21.6
2024,921503,정보통신업,영상ㆍ오디오 기록물 제작 및 배급업,"영화, 비디오물 및 방송 프로그램 제작 관련 서비스업","영화, 비디오물 및 방송 프로그램 제작 관련 서비스업","◦영화, 비디오물 및 방송 프로그램 제작에 관련된 필름 가공, 편집, 재녹음(더빙), 검사 등의 제작 후 서비스를 독립적으로 수행하는 산업활동을 말한다. 영화 상영용 필름 복제활동도 포함한다.
<예 시>
·필름 검사 서비스
·재녹음(더빙) 서비스
·필름 편집 서비스
·자막 서비스
·영화 상영용 필름 복제
<제 외>
·영화용 필름을 비디오 테이프로 복제하는 산업(223001)",87.3,0.0,24.2
2024,921504,정보통신업,영상ㆍ오디오 기록물 제작 및 배급업,"영화, 비디오물 및 방송 프로그램 제작업",애니메이션 영화 및 비디오물 제작업,"◦실사 또는 컴퓨터 그래픽 등을 이용하여 애니메이션 영화 및 비디오물을 제작하는 산업활동을 말한다.
<예 시>
·애니메이션 영화 제작
·만화 영화 제작",87.3,0.0,11.8
2024,921505,정보통신업,영상ㆍ오디오 기록물 제작 및 배급업,"영화, 비디오물 및 방송 프로그램 제작업",미디어콘텐츠창작업,"◦인적 또는 물적시설을 갖추고 인터넷기반으로 다양한 주제의 영상 콘텐츠 등을 창작하고 이를 영상 플랫폼에 업로드하여 시청자에게 유통함으로써 수익이 발생하는 산업활동을 말한다.
* 인적 또는 물적시설없는 1인 미디어콘텐츠창작자는 940306 적용",73.8,0.0,14.2
2024,921901,"예술, 스포츠 및 여가관련 서비스업","창작, 예술 및 여가관련 서비스업",공연시설 운영업,공연시설 운영업,"◦극장, 음악당 및 기타 실연극을 공연하는 시설을 운영하면서 자체 제작한 오페라, 연극, 음악회 등을 공연하는 산업활동을 말한다. 공연시설을 운영하면서 부수적으로 단기간 공연시설을 대관하고 수수료를 받는 경우도 포함한다.
<예 시>
·극장 운영
·음악당 운영
·연극장 운영
<제 외>
·연예활동이 보조적으로 결합 수행되는 나이트클럽 및 카바레(552203)
·영화상영관(921200)
·공연시설 임대(921404)",87.3,0.0,19.2
2024,921902,교육서비스업,교육 서비스업,스포츠 및 레크리에이션 교육기관,레크리에이션 교육기관,"◦댄스교습소
<예 시>
·교육목적의 댄스교습소 운영
·무도, 사교댄스, 스포츠댄스",86.7,0.0,24.1
2024,921903,"예술, 스포츠 및 여가관련 서비스업",스포츠 및 오락관련 서비스업,유원지 및 테마파크 운영업,유원지 및 테마파크 운영업,"◦기계적인 탑승 놀이기구, 수상 탑승기구, 전시장, 쇼 및 게임장, 휴식시설 등의 종합적인 놀이시설을 갖춘 유흥장을 운영하는 산업활동을 말한다.
<예 시>
·유원지 운영
·테마파크 운영
·각종 놀이기구 운영
<제 외>
·유원지 이외의 공원 운영(924916)",84.0,0.0,18.2
2024,921904,"예술, 스포츠 및 여가관련 서비스업",스포츠 및 오락관련 서비스업,그 외 기타 오락관련 서비스업,무도장 운영업,"◦주류 및 식사가 제공되지 않는 무도장, 댄스홀 등을 운영하는 산업활동을 말한다.
<예 시>
·무도장
·콜라텍
·댄스홀
<제 외>
·무도 유흥주점 및 디스코 클럽 운영(552203)
·교육 목적의 댄스 교습소 운영(809021)",87.4,0.0,13.7
2024,922101,"협회 및 단체, 수리 및 기타 개인서비스업",개인 및 소비용품 수리업,기타 개인 및 가정용품 수리업,그 외 기타 개인 및 가정용품 수리업,"◦가정용 철물, 수공구 및 정원용 장비, 가구, 운동기구 등의 가정용품을 전문적으로 수리하는 산업활동을 포함한다.
<예 시>
·가정용 철물 수리
·가정용 기기 수리(비전기식)
·보일러 수리(가정용)
·가정용 가스 기기 수리
·운반식 석유히터 수리
·가정용 재봉틀 수리(비전기식)
·가구 수리
·운동기구 수리
·자전거 수리
·가정용품 종합 수리
·농기구수선
<제 외>
·컴퓨터 및 기타 주변 기기 수리활동(725000)",90.9,0.0,19.3
2024,922102,제조업,산업용 기계 및 장비 수리업,일반 기계류 수리업,기타 일반 기계 및 장비 수리업,"◦기타 일반 기계 및 장비를 전문적으로 수리◦유지하는 산업활동을 말한다.
<예 시>
·조립 금속제품 수리              
·산업용 보일러 수리         
·농업용 기계 수리                
·축산용 기계 수리
·선박 부품 수리                  
·항공기 부품 수리     
·사무용 기계 수리",88.9,0.0,12.5
2024,922103,제조업,산업용 기계 및 장비 수리업,전기ㆍ전자 및 정밀 기기 수리업,전기ㆍ전자 및 정밀 기기 수리업,"◦전기◦전자 및 정밀 기기를 전문적으로 수리◦유지하는 산업활동을 말한다.
<제 외>
·냉장고, 세탁기 등 가전제품 수리(922104)",88.9,0.0,16.7
2024,922104,"협회 및 단체, 수리 및 기타 개인서비스업",개인 및 소비용품 수리업,가전제품 수리업,가전제품 수리업,"◦각종 가정용 전기제품 및 용품을 전문적으로 수리하는 산업활동을 말한다.
<예 시>
·가정용 전자제품 수리
·가정용 전기제품 수리
·가정용 전열기 수리",89.4,0.0,18.0
2024,922105,"협회 및 단체, 수리 및 기타 개인서비스업",개인 및 소비용품 수리업,기타 개인 및 가정용품 수리업,의복 및 기타 가정용 직물제품 수리업,"◦각종 의복 및 기타 가정용 직물제품을 전문으로 수리하는 산업활동을 말한다.
<예 시>
·직물제품 수리
·의복 수리
<제 외>
·가방, 지갑, 핸드백 수리(922108)",89.4,0.0,18.3
2024,922106,제조업,산업용 기계 및 장비 수리업,일반 기계류 수리업,건설ㆍ광업용 기계 및 장비 수리업,◦건설 및 광업용 기계◦장비를 전문적으로 수리◦유지하는 산업활동을 말한다.,88.9,0.0,8.0
2024,922107,"협회 및 단체, 수리 및 기타 개인서비스업",개인 및 소비용품 수리업,통신장비 수리업,통신장비 수리업,"◦무선 전화기를 포함한 통신장비를 전문적으로 수리◦유지하는 산업활동을 말한다.
<예 시>
·통신기계기구수리(가정용)
<제 외>
·텔레비전, 라디오 등 가전제품 수리(922104)",88.9,0.0,20.9
2024,922108,"협회 및 단체, 수리 및 기타 개인서비스업",개인 및 소비용품 수리업,기타 개인 및 가정용품 수리업,"가죽, 가방 및 신발 수리업","◦각종 가정용 가죽, 가방, 신발 제품을 전문으로 수리하는 산업활동을 말한다.
<예 시>
·신발 수리
·가죽제품 수리
·가방, 지갑, 핸드백 수리
<제 외>
·구두닦기(930925)
·의복 및 가정용 직물제품 수리(922105)",89.4,0.0,18.6
2024,922109,"협회 및 단체, 수리 및 기타 개인서비스업",개인 및 소비용품 수리업,기타 개인 및 가정용품 수리업,"시계, 귀금속 및 악기 수리업","◦시계, 귀금속의 장신구 및 악기를 전문적으로 수리하는 산업활동을 말한다.
<예 시>
·시계 수리
·악기 수리
·귀금속 제품 수리",89.4,0.0,14.0
2024,922201,"협회 및 단체, 수리 및 기타 개인서비스업",개인 및 소비용품 수리업,자동차 수리 및 세차업,자동차 종합 수리업,"◦승용차, 트럭 및 트레일러 등의 자동차를 전기 및 기계적인 방법으로 차량 전체 부분을 종합적으로 수리하는 산업활동을 말한다.
<예 시>
·자동차 정비소(종합 수리)
·덤프 및 레미콘 종합 수리
·자동차 종합정비업
·소형 자동차 종합정비업",86.5,0.0,10.2
2024,922202,"협회 및 단체, 수리 및 기타 개인서비스업",개인 및 소비용품 수리업,자동차 수리 및 세차업,자동차 전문 수리업,"◦자동차의 기관, 차체, 제동 조직, 용접 및 도장, 연계 조직, 차축, 운전 기어 및 튜브, 내장품 등 자동차의 특정 부분만을 전문적으로 수리하는 산업활동을 말한다. 자동차 각 부위의 일상적인 단순 수리활동을 포함한다.
<예 시>
·카센터(전문 수리)
·자동차 타이어 및 튜브 수리
·자동차 도장
·자동차 경정비
·자동차 내장 전문 수리
·카인테리어(전문 수리)
·자동차 유리 및 내장품 수리(내장품 판매 제외)
·원동기 전문 정비업",83.9,0.0,8.4
2024,922203,"협회 및 단체, 수리 및 기타 개인서비스업",개인 및 소비용품 수리업,자동차 수리 및 세차업,자동차 세차업,"◦자동차 세차 및 광택처리 등과 유사 활동을 수행하는 산업활동을 말한다.
<예 시>
·동전식 세차장 운영
·차량 광택처리 서비스
·수세식 세차장 운영
·차량 왁스처리
<제 외>
·자동차 도장(수리) 활동(922202)",84.9,0.0,14.0
2024,922204,"협회 및 단체, 수리 및 기타 개인서비스업",개인 및 소비용품 수리업,모터사이클 수리업,모터사이클 수리업,"◦모터사이클 및 설상용 차량을 수리◦유지하는 산업활동을 말한다.
<예 시>
·모터사이클 수리
·오토바이 수리
·설상용 차량 수리",87.2,0.0,5.9
2024,923100,"예술, 스포츠 및 여가관련 서비스업","창작, 예술 및 여가관련 서비스업","도서관, 기록 보존소 및 독서실 운영업",독서실 운영업,"◦숙박시설 없이 일반 대중을 대상으로 각종 도서를 읽을 수 있는 장소를 제공하는 산업활동을 말한다.
<예 시>
·독서실 운영
<제 외>
·숙박형 독서실(551016)
·「학원의 설립·운영 및 과외교습에 관한 법률」제6조에 따른 독서실에 해당하지 않으나, 카페·독서실 형태의 공간에서 공부, 회의, 토론을 할 수 있는 장소를 제공(예시: 스터디카페→923102)",87.4,0.0,19.4
2024,923101,"예술, 스포츠 및 여가관련 서비스업","창작, 예술 및 여가관련 서비스업","도서관, 기록 보존소 및 독서실 운영업",도서관 및 기록 보존소 운영업,"◦열람시설을 갖추고 도서 열람 서비스를 제공하는 도서관, 시청각실, 자료센터, 기록 보존소 등을 운영하는 산업활동을 말한다. 이 사업체는 기록물들을 인터넷 등으로 제공할 수 있다.
<예 시>
·도서관(국·공·사립)
·시청각실
·기록 매체 보존소
·책 기록 보존소
<제 외>
·서적을 임대하는 활동(713005)
·데이터 베이스 구축 활동(724000)
·각 기관 직원 전용 부설 도서실은 그 기관의 산업활동에 따라 분류",83.9,0.0,16.2
2024,923102,"예술, 스포츠 및 여가관련 서비스업","창작, 예술 및 여가관련 서비스업","도서관, 기록 보존소 및 독서실 운영업",독서실 운영업,"◦숙박 시설 없이 일반 대중을 대상으로 카페･독서실 형태의 공간에서 공부, 회의, 토론을 할 수 있는 장소를 제공하는 산업 활동
<예 시> 스터디카페 운영
<제 외>
·독서실(923100)
·숙박형 독서실(551016)",87.4,0.0,22.5
2024,923200,"예술, 스포츠 및 여가관련 서비스업","창작, 예술 및 여가관련 서비스업",박물관 및 사적지 관리 운영업,박물관 운영업,"◦일반 대중에게 미술 공예품, 조각품, 순수 과학물, 응용 과학물, 문화재 등을 진열하여 관람시키는 일반 또는 전문 박물관 시설을 운영하는 산업활동을 말한다.
<예 시>
·천문관
·과학관
·미술관
·예술품 전시관
·역사 박물관
<제 외>
·미술품을 소매하는 화랑(523952)",89.6,0.0,19.8
2024,923201,"예술, 스포츠 및 여가관련 서비스업","창작, 예술 및 여가관련 서비스업",박물관 및 사적지 관리 운영업,사적지 관리 운영업,"◦역사적인 유적지, 전적지, 사적지, 고궁 등 사적 명소를 보존◦전시하는 산업활동을 말한다.",87.9,0.0,19.1
2024,923300,"예술, 스포츠 및 여가관련 서비스업","창작, 예술 및 여가관련 서비스업","식물원, 동물원 및 자연공원 운영업",식물원 및 동물원 운영업,"◦일반 대중이 관람할 수 있도록 산식물 및 산동물을 일정 시설에서 보존◦관리하는 산업활동을 말하며, 관람 목적의 수족관 운영도 포함한다.
<제 외>
·관상어를 소매하는 수족관 운영(523996)",87.5,0.0,19.7
2024,923301,"예술, 스포츠 및 여가관련 서비스업","창작, 예술 및 여가관련 서비스업",기타 유사 여가관련 서비스업,기타 유사 여가관련 서비스업,"◦달리 분류되지 않은 유사 여가관련 산업활동을 말한다.
<예 시>
·천연 동굴 관리 운영",88.9,0.0,21.5
2024,924101,"예술, 스포츠 및 여가관련 서비스업",스포츠 및 오락관련 서비스업,기타 스포츠 서비스업,그 외 기타 스포츠 서비스업,"◦이 산업에는 스포츠 행사 기획자, 경기 후원단체, 스포츠 연맹 및 규제 단체 활동, 경마 및 경주견 훈련활동 등을 포함한다.
<제 외>
·개인교사, 지도자에 의한 스포츠 지도(940903)
·직업운동가(940904)

*개인마주(→924102)",84.9,0.0,33.6
2024,924102,"예술, 스포츠 및 여가관련 서비스업",스포츠 및 오락관련 서비스업,기타 스포츠 서비스업,그 외 기타 스포츠 서비스업,◦개인마주,85.3,0.0,30.2
2024,924103,"예술, 스포츠 및 여가관련 서비스업",스포츠 및 오락관련 서비스업,기타 스포츠 서비스업,스포츠 클럽 운영업,"◦프로 및 실업 경기단체 등과 같이 스포츠 활동에 참가할 기회를 제공해주는 스포츠 클럽을 운영하는 산업활동을 말한다. 여기에는 게임단을 운영하는 산업활동을 포함한다.
<예 시>
·프로야구단
·프로축구단
·동계 스포츠 클럽
·실업 경기단체
·체스 클럽
·사격 클럽
·프로게임단
<제 외>
·단순 친목의 운동 동호회 활동(949900)",81.6,0.0,17.5
2024,924200,"예술, 스포츠 및 여가관련 서비스업",스포츠 및 오락관련 서비스업,경기장 운영업,실내 경기장 운영업,"◦농구, 배구, 권투, 레슬링, 유도, 태권도, 씨름, 수영 등의 경기를 위한 관람석이 있는 실내 경기장을 운영하는 산업활동을 말한다.",87.6,0.0,23.4
2024,924201,"예술, 스포츠 및 여가관련 서비스업",스포츠 및 오락관련 서비스업,경기장 운영업,실외 경기장 운영업,"◦육상 경기, 축구, 야구, 럭비, 하키 등 각종 필드 경기를 위한 관람석이 있는 실외 경기장을 운영하는 산업활동을 말한다.",82.7,0.0,18.4
2024,924202,"예술, 스포츠 및 여가관련 서비스업",스포츠 및 오락관련 서비스업,경기장 운영업,경주장 및 동물 경기장 운영업,"◦자동차 경주, 경마, 경륜 등을 위한 관람석이 있는 경주장을 운영하는 산업활동을 말한다. 동물을 이용한 투우 등 비경주 경기를 위한 경기장도 포함한다.
<예 시>
·경륜장
·자동차 경주장
·경마장
·투우장
<제 외>
·경기장과 독립된 마권 등 경주권 발행소(924917)",82.7,0.0,18.4
2024,924302,"예술, 스포츠 및 여가관련 서비스업",스포츠 및 오락관련 서비스업,기타 스포츠시설 운영업,볼링장 운영업,◦볼링장 시설을 운영하는 산업활동을 말한다.,87.2,0.0,17.6
2024,924303,"예술, 스포츠 및 여가관련 서비스업",스포츠 및 오락관련 서비스업,골프장 및 스키장 운영업,골프장 운영업,"◦골프 코스 및 기타 관련 설비를 운영하는 산업활동을 말한다. 본질적인 산업활동을 수행하면서 부수적으로 관련 장비 임대 및 강습을 수행할 수 있다.
<제 외>
·골프 연습장(924307, 924308)",81.0,0.0,23.5
2024,924304,"예술, 스포츠 및 여가관련 서비스업",스포츠 및 오락관련 서비스업,골프장 및 스키장 운영업,스키장 운영업,"◦숙박시설과 독립된 스키장 및 스키리프트를 운영하는 산업활동을 말한다. 본질적인 산업활동을 수행하면서 부수적으로 스키강습 및 장비임대 등을 할 수 있다.
<제 외>
·눈썰매장(924310)
·숙박시설과 결합된 스키장(551004)",77.7,0.0,22.6
2024,924305,"예술, 스포츠 및 여가관련 서비스업",스포츠 및 오락관련 서비스업,기타 스포츠시설 운영업,체력 단련시설 운영업,"◦심신을 단련하는 시설을 운영하는 산업활동을 말한다.
<예 시>
·헬스 클럽
<제 외>
·무도장(921904)
·교육 목적의 체력 단련시설 운영(809014)",85.5,0.0,22.8
2024,924306,"예술, 스포츠 및 여가관련 서비스업",스포츠 및 오락관련 서비스업,기타 스포츠시설 운영업,그 외 기타 스포츠시설 운영업,◦스트레스해소방,83.4,0.0,19.6
2024,924307,"예술, 스포츠 및 여가관련 서비스업",스포츠 및 오락관련 서비스업,기타 스포츠시설 운영업,골프 연습장 운영업,"◦야외 골프 연습장 시설을 운영하는 산업활동을 말한다.
<예 시>
·야외 그물망설치 골프연습장
<제 외>
*실내 골프 연습장 시설 운영(→924308)",83.4,0.0,21.2
2024,924308,"예술, 스포츠 및 여가관련 서비스업",스포츠 및 오락관련 서비스업,기타 스포츠시설 운영업,골프 연습장 운영업,"◦실내 골프 연습장 시설을 운영하는 산업활동을 말한다.
<예 시>
·실내 스크린 골프연습장
<제 외>
*야외 골프 연습장 시설 운영(→924307)",88.9,0.0,25.4
2024,924309,"예술, 스포츠 및 여가관련 서비스업",스포츠 및 오락관련 서비스업,기타 스포츠시설 운영업,당구장 운영업,◦당구장 시설을 운영하는 산업활동을 말한다.,84.1,0.0,17.5
2024,924310,"예술, 스포츠 및 여가관련 서비스업",스포츠 및 오락관련 서비스업,기타 스포츠시설 운영업,그 외 기타 스포츠시설 운영업,"◦눈썰매장
<예 시>
·빙상장운영, 잔디썰매장",87.6,0.0,18.9
2024,924311,"예술, 스포츠 및 여가관련 서비스업",스포츠 및 오락관련 서비스업,기타 스포츠시설 운영업,수영장 운영업,"◦관람석이 없는 수영장을 운영하는 사업체의 산업활동을 말한다.
<제 외>
·관람석이 있는 실내 수영경기장(924200)",83.4,0.0,15.6
2024,924312,"예술, 스포츠 및 여가관련 서비스업",스포츠 및 오락관련 서비스업,기타 스포츠시설 운영업,그 외 기타 스포츠시설 운영업,◦라켓볼ㆍ스쿼시경기장,82.4,0.0,26.0
2024,924313,"예술, 스포츠 및 여가관련 서비스업",스포츠 및 오락관련 서비스업,기타 스포츠시설 운영업,종합 스포츠시설 운영업,"◦동일 장소에서 경기장, 골프장, 스키장을 제외한 두 종류 이상의 스포츠 운동시설을 복합적으로 운영하는 산업활동을 말한다.
<예 시>
·종합 체육시설
·복합 체육시설",82.3,0.0,24.8
2024,924314,"예술, 스포츠 및 여가관련 서비스업",스포츠 및 오락관련 서비스업,기타 스포츠시설 운영업,그 외 기타 스포츠시설 운영업,"◦달리 분류되지 않은 운동시설을 운영하는 산업활동을 말한다. 이 사업체는 부수적으로 강습 및 관련 장비의 임대 활동 등을 수행할 수 있다.
<예 시>
·야구 연습장
·롤러 스케이트장
·승마 연습장
·요트장
·조정장
·카누장
·오락용이 아닌 공기총, 클레이 사격장
·게이트볼장
·국궁장, 석궁장
·실내 암벽시설
<제 외>
·오락용 사격장(924902)

*정구장, 테니스장, 탁구장 등 기타 라켓게임 운영(→809006)
*라켓볼ㆍ스쿼시경기장(→924312)
*스트레스해소방(→924306)
*눈썰매장(→924310)",87.8,0.0,20.6
2024,924901,정보통신업,영상ㆍ오디오 기록물 제작 및 배급업,오디오물 출판 및 원판 녹음업,녹음시설 운영업,"◦계약에 의하여 음반, 테이프 및 기타 오디오 기록물에 소리를 녹음하여 오디오 기록물 원판을 생산하는 산업활동을 말한다.
<예 시>
·녹음시설 운영
·계약에 의한 음반 원판 생산
<제 외>
·음반 기획 제작 및 출판(221300)
·오디오물 복제활동(223001)",80.4,0.0,28.8
2024,924902,"예술, 스포츠 및 여가관련 서비스업",스포츠 및 오락관련 서비스업,오락장 운영업,기타 오락장 운영업,"◦이 산업에는 오락적 성격의 관람 및 놀이시설을 운영하는 산업활동을 포함한다.
<예 시>
·유령의 집(관람장)
·기계적 동물 모형 관람장
·오락 사격장
·모형 관람시설 운영
·목마 놀이시설 운영
<제 외>
·유원지 및 테마파크 운영업(921903)

*전화방(→924904)
*보드게임방(→924913)",84.1,0.0,17.7
2024,924903,"예술, 스포츠 및 여가관련 서비스업",스포츠 및 오락관련 서비스업,오락장 운영업,노래 연습장 운영업,"◦노래 연습장을 운영하는 산업활동을 말한다.
<제 외>
·가요 주점(552201~552210)",84.6,0.0,14.8
2024,924904,"예술, 스포츠 및 여가관련 서비스업",스포츠 및 오락관련 서비스업,오락장 운영업,기타 오락장 운영업,◦전화방,75.1,0.0,17.9
2024,924905,"예술, 스포츠 및 여가관련 서비스업","창작, 예술 및 여가관련 서비스업","식물원, 동물원 및 자연공원 운영업",자연공원 운영업,"◦자연 지역의 보존 및 전시에 종사하는 산업활동을 말한다.
<예 시>
·자연공원(휴양용)
·휴양림 운영
·자연 보존원
·야생 생물 보존 구역 관리",87.4,0.0,20.8
2024,924906,"예술, 스포츠 및 여가관련 서비스업",스포츠 및 오락관련 서비스업,사행시설 관리 및 운영업,복권 발행 및 판매업,"◦각종 복권을 발행하는 산업활동을 말한다.
<예 시>
·스포츠 복권 발행
·기입식 복권 발행
·즉석식 복권 발행
<제 외>
*각종 복권 도매(→512293)
*각종 복권 소매(→522082)",35.4,0.0,10.3
2024,924907,"예술, 스포츠 및 여가관련 서비스업",스포츠 및 오락관련 서비스업,오락장 운영업,전자 게임장 운영업,"◦컴퓨터가 아닌 각종 전자 게임기를 갖춘 시설을 운영하는 산업활동을 말한다.
<예 시>
·아케이드 게임장
·전자오락실
<제 외>
*실내운전연습실(→924912)
*청소년게임장(→924908)",75.9,0.0,11.4
2024,924908,"예술, 스포츠 및 여가관련 서비스업",스포츠 및 오락관련 서비스업,오락장 운영업,전자 게임장 운영업,"◦청소년게임장
◦「게임산업진흥에 관한 법률」에 따라 등급분류된 게임물 중 청소년이용가게임물을 설치하여 운영하는 업",86.4,0.0,13.8
2024,924909,"예술, 스포츠 및 여가관련 서비스업",스포츠 및 오락관련 서비스업,오락장 운영업,컴퓨터 게임방 운영업,"◦인터넷 또는 시디롬(CD-ROM) 등에 의한 컴퓨터 게임을 주로 제공하는 시설을 운영하는 산업활동을 말한다.
<예 시>
·인터넷 게임방
·PC 게임방
<제 외>
·직접 정보를 축적하여 온라인상으로 제공(724000)",89.0,0.0,19.1
2024,924910,정보통신업,영상ㆍ오디오 기록물 제작 및 배급업,영화 및 비디오물 상영업,비디오물 감상실 운영업,"◦모니터를 이용한 비디오물 감상실을 운영하는 산업활동을 말한다.
<예 시>
·비디오방
·DVD방",81.2,0.0,15.1
2024,924911,"예술, 스포츠 및 여가관련 서비스업",스포츠 및 오락관련 서비스업,그 외 기타 오락관련 서비스업,그 외 기타 분류 안된 오락관련 서비스업,"◦독립적으로 운영하는 오락용 궤도 및 삭도시설, 각종 체험시설과 전망탑 등 기타 오락설비를 운영하는 산업활동을 포함한다.
<예 시>
·전망탑 운영
·오락용 궤도, 삭도 운영
<제 외>
·자전거, 경기용품 및 기타 오락용품 임대(713002)
·관광지의 승객 운송 목적용 부정기 케이블카 및 트롤리 버스를 독립적으로 운영하는 경우(602209)
·교육 위주의 비숙박형 청소년 수련시설(551003)
·숙박시설이 있는 청소년 수련시설(551003)",88.6,0.0,17.4
2024,924912,"예술, 스포츠 및 여가관련 서비스업",스포츠 및 오락관련 서비스업,오락장 운영업,전자 게임장 운영업,◦실내운전연습실,77.6,0.0,13.5
2024,924913,"예술, 스포츠 및 여가관련 서비스업",스포츠 및 오락관련 서비스업,오락장 운영업,기타 오락장 운영업,◦보드게임방,87.2,0.0,18.4
2024,924914,"예술, 스포츠 및 여가관련 서비스업",스포츠 및 오락관련 서비스업,수상오락 서비스업,낚시장 운영업,"◦낚시장을 운영하는 산업활동을 말한다.
<예 시>
·유료 낚시터 운영
·실내 낚시장 운영",88.7,0.0,18.3
2024,924915,"예술, 스포츠 및 여가관련 서비스업",스포츠 및 오락관련 서비스업,수상오락 서비스업,기타 수상오락 서비스업,"◦기타 수상오락 서비스를 제공하는 산업활동을 말한다.
<예 시>
·레저 보트용 정박시설 운영업
·마리나업
·오락용 낚싯배 임대(낚시터 시설에서 포함하여 운영)
·오락용 보트 임대(물놀이 시설에서 포함하여 운영)
·해수욕장 운영
<제 외>
·유료 낚시터 운영(924914)
·물놀이시설과 별개로 운영하는 레크리에이션용 보트 임대(713002)",89.4,0.0,32.2
2024,924916,"예술, 스포츠 및 여가관련 서비스업",스포츠 및 오락관련 서비스업,그 외 기타 오락관련 서비스업,체육 공원 및 유사 공원 운영업,"◦일반 대중이 여가 생활을 하면서 이용할 수 있는 경기용 코트, 운동장 및 산책로 등을 설치하여 조성된 체육 공원 및 유사 공원을 운영하는 산업활동을 말한다.
<예 시>
·체육 공원 운영
·시민 공원
<제 외>
·유원지 운영업(921903)
·자연공원 및 휴양림 운영업(924905)",85.8,0.0,17.5
2024,924917,"예술, 스포츠 및 여가관련 서비스업",스포츠 및 오락관련 서비스업,사행시설 관리 및 운영업,"카지노 운영업, 기타 사행시설 관리 및 운영업","◦카지노, 슬롯 머신, 카드 게임, 빙고, 룰렛, 주사위 게임 등 각종 도박시설을 운영하는 산업활동과 경마, 경륜, 경정 등 베팅관련 시설을 운영하는 산업활동을 말한다.
<제 외>
·경주장에서 운영하는 마권 등 경주권 발행(924202)",35.4,0.0,13.7
2024,930100,"협회 및 단체, 수리 및 기타 개인서비스업",기타 개인 서비스업,세탁업,가정용 세탁업,"◦일반 대중을 대상으로 각종 세탁물을 수집 및 세탁하는 산업활동을 말한다. 동전 조작식 또는 셀프 서비스형 세탁시설(아파트 및 기숙사 등에서 설치 가능)을 운영하는 산업활동도 포함한다.
<예 시>
·드라이 클리닝
·동전 조작식 세탁시설
<제 외>
·세탁물 공급업(930102)",83.3,0.0,18.3
2024,930101,"협회 및 단체, 수리 및 기타 개인서비스업",기타 개인 서비스업,세탁업,산업용 세탁업,◦산업 또는 상업 사용자를 대상으로 산업 및 상업용 세탁물을 세탁하는 산업활동을 말한다. 가정용 세탁업자들이 수집한 세탁물을 재취합하여 이를 세탁하는 경우도 여기에 포함한다.,85.9,0.0,18.0
2024,930102,"협회 및 단체, 수리 및 기타 개인서비스업",기타 개인 서비스업,세탁업,세탁물 공급업,"◦개인, 상업 및 산업 사용자와의 임대 계약에 의하여 타월, 냅킨, 식탁보, 가운, 기저귀 및 기타 린넨제품, 작업복, 보호복, 안전 장갑, 청정실용 의복 등을 반복적으로 세탁◦공급하는 산업활동을 말한다.
<예 시>
·린넨 공급업
·의료기관 세탁물 공급업
·물수건 대여업
·기저귀 대여업
·걸레 대여업
·유니폼 세탁 공급업",84.8,0.0,20.2
2024,930201,"협회 및 단체, 수리 및 기타 개인서비스업",기타 개인 서비스업,이용 및 미용업,이용업,"◦주로 남성 고객의 머리카락 및 수염을 깎거나 다듬고 염색하는 등의 방법으로 고객의 용모를 단정하게 하는 산업활동을 말한다.
<예 시>
·이발소
·이용원",82.7,0.0,21.8
2024,930203,"협회 및 단체, 수리 및 기타 개인서비스업",기타 개인 서비스업,이용 및 미용업,두발 미용업,"◦파마, 염색, 머리카락 자르기, 머리카락 모양내기, 머리 피부 손질 등으로 고객의 머리를 아름답게 꾸미는 산업활동을 말한다.
<예 시>
·미장원",82.4,0.0,21.4
2024,930205,"협회 및 단체, 수리 및 기타 개인서비스업",기타 개인 서비스업,이용 및 미용업,피부 미용업,"◦손이나 기구를 이용한 피부 관리, 습포(팩, pack), 제모, 눈썹 손질 등으로 고객의 피부를 아름답게 꾸미는 산업활동을 말한다.
<예 시>
·피부관리실",85.8,0.0,17.0
2024,930207,"협회 및 단체, 수리 및 기타 개인서비스업",기타 개인 서비스업,이용 및 미용업,기타 미용업,"◦손톱과 발톱의 손질 등 고객의 외모를 아름답게 꾸미는 산업활동을 말한다.
<예 시>
·손·발톱 관리, 네일아트",86.9,0.0,20.6
2024,930208,"협회 및 단체, 수리 및 기타 개인서비스업",기타 개인 서비스업,"욕탕, 마사지 및 기타 신체 관리 서비스업",마사지업,"◦일반 대중에게 안마, 마사지 등으로 신체에 물리적 자극을 가하는 시설을 운영하는 산업활동을 말한다.
<예 시>
·마사지업
·발 마사지업
·스포츠 마사지업
<제 외>
·지압치료(851904)
·피부관리실 등 피부미용 관련 마사지(930205)",84.5,0.0,17.8
2024,930209,"협회 및 단체, 수리 및 기타 개인서비스업",기타 개인 서비스업,"욕탕, 마사지 및 기타 신체 관리 서비스업",체형 등 기타 신체 관리 서비스업,"◦고객이 원하는 체형을 만들거나 유지하기 위하여 비의료적인 서비스를 제공하는 산업활동을 말한다.
<예 시>
·다이어트 센터
·체중 감량 센터
·비만 관리 센터",85.8,0.0,17.4
2024,930301,"협회 및 단체, 수리 및 기타 개인서비스업",기타 개인 서비스업,장례식장 및 관련 서비스업,장례식장 및 장의관련 서비스업,"◦장례식을 준비하거나, 장례식장을 운영하는 산업활동을 말한다.
<예 시>
·장의사업
·장례식장
<제 외>
·종교시설의 장례 의식 서비스(종교단체 해당 산업활동으로 분류)",75.2,0.0,12.6
2024,930302,"협회 및 단체, 수리 및 기타 개인서비스업",기타 개인 서비스업,장례식장 및 관련 서비스업,"화장터 운영, 묘지 분양 및 관리업","◦묘지를 관리하거나 화장터를 운영하는 산업활동을 말한다.
<예 시>
·화장터 운영
·묘지 관리
·납골당 운영
<제 외>
*묘지를 개발하여 분묘기지권을 설정하고 분묘설치자로부터 받은 지료 등의 수입(→701700)",77.4,0.0,27.9
2024,930901,"협회 및 단체, 수리 및 기타 개인서비스업",기타 개인 서비스업,그 외 기타 분류 안된 개인 서비스업,예식장업,"◦일반 대중에게 결혼식을 위한 시설을 제공하는 산업활동을 말한다.
<예 시>
·실내 예식장
·야외 예식장",79.2,0.0,15.0
2024,930902,"협회 및 단체, 수리 및 기타 개인서비스업",기타 개인 서비스업,"욕탕, 마사지 및 기타 신체 관리 서비스업",욕탕업,"◦실내◦외를 불문하고, 대중탕, 가족탕, 한증막, 사우나탕, 증기탕 및 온탕 등을 운영하는 산업활동을 말한다.
<예 시>
·대중 목욕탕
·온천탕
·찜질방
·황토방",87.5,0.0,16.7
2024,930903,"사업시설 관리, 사업지원 및 임대 서비스업",임대업: 부동산 제외,기타 개인 및 가정용품 임대업,의류 임대업,"◦신부(신랑)드레스대여 전문점
<예 시>
·아동용드레스",85.1,0.0,20.2
2024,930904,"전문, 과학 및 기술서비스업","기타 전문, 과학 및 기술 서비스업",사진 촬영 및 처리업,인물 사진 및 행사용 영상 촬영업,"◦예식사진촬영업
<예 시>
·신혼부부야외촬영, 테마사진
·가두사진업, 결혼비디오촬영, 웨딩사진촬영",82.5,0.0,22.2
2024,930908,"협회 및 단체, 수리 및 기타 개인서비스업",기타 개인 서비스업,그 외 기타 분류 안된 개인 서비스업,그 외 기타 달리 분류되지 않은 개인 서비스업,◦간단한 수화물의 일시적 보관,83.7,0.0,30.8
2024,930909,"협회 및 단체, 수리 및 기타 개인서비스업",기타 개인 서비스업,그 외 기타 분류 안된 개인 서비스업,점술 및 유사 서비스업,"◦각종 예언술, 관상 및 골상학, 점성술 등에 의한 점술 및 유사 서비스를 제공하는 산업활동을 말한다.
<예 시>
·점집
·무당
·심령술업
·풍수 서비스업
·토정비결 서비스업",61.5,0.0,20.1
2024,930911,"협회 및 단체, 수리 및 기타 개인서비스업",기타 개인 서비스업,그 외 기타 분류 안된 개인 서비스업,그 외 기타 달리 분류되지 않은 개인 서비스업,◦목공,88.3,0.0,21.5
2024,930912,"협회 및 단체, 수리 및 기타 개인서비스업",기타 개인 서비스업,그 외 기타 분류 안된 개인 서비스업,결혼 상담 및 준비 서비스업,"◦미혼자를 대상으로 맞선 주선, 결혼 알선 및 상담을 하거나 결혼 예정자를 대상으로 예식 준비와 관련한 기획, 구매◦예약 대행, 정보 제공 및 자문 등을 종합적으로 수행하는 산업활동을 말한다.
<예 시>
·결혼 상담 및 맞선 주선업
·결혼 관련 컨설팅업
·결혼 준비, 기획, 대행업",84.2,0.0,27.7
2024,930913,"협회 및 단체, 수리 및 기타 개인서비스업",기타 개인 서비스업,그 외 기타 분류 안된 개인 서비스업,개인 간병 및 유사 서비스업,"◦거동이 불편한 사람에게 비의료적 보조 서비스를 제공하는 산후 조리원, 간병인 등의 산업활동을 말한다.
<예 시>
·산후 조리원
·개인 간병 서비스
<제 외>
·개인 여행 안내(630601)
·조산원(851901)",83.9,0.0,16.6
2024,930914,보건업 및 사회복지 서비스업,사회복지 서비스업,노인 거주 복지시설 운영업,노인 양로 복지시설 운영업,"◦일상 생활에 지장이 없는 노인을 입소시켜 숙식 및 일상 생활의 편의를 제공하는 산업활동을 말한다.
<예 시>
·무료 양로시설
·실비 양로시설
·유료 양로시설
<제 외>
·노인 전용 주택 임대(701102~701104)",54.0,0.0,14.6
2024,930915,교육서비스업,교육 서비스업,교육 지원 서비스업,기타 교육지원 서비스업,"◦기타 교육 과정이나 시스템을 지원하는 교육 지원 서비스를 제공하는 산업활동을 말한다.
<예 시>
·교환 학생 프로그램 운영
·유학 알선 서비스",85.0,0.0,25.1
2024,930916,"사업시설 관리, 사업지원 및 임대 서비스업",사업 지원 서비스업,탐정 및 조사 서비스업,탐정 및 조사 서비스업,"◦개인 및 사업체에 관련된 각종 정보를 조사하는 산업활동을 말한다.
<예 시>
·흥신소
·사설탐정 서비스
·필체 감정
·지문 조사 서비스
·거짓말 탐지기 서비스
<제 외>
·신용 조사 및 채무자 추적 서비스(749913)
·보험에 관련된 조사활동(749904, 672001)",82.0,0.0,37.7
2024,930917,"사업시설 관리, 사업지원 및 임대 서비스업",사업 지원 서비스업,그외 기타 사업지원 서비스업,콜센터 및 텔레마케팅 서비스업,"◦대리운전연결업체
<제 외>
·대리운전기사(940913)",85.3,0.0,27.9
2024,930919,"협회 및 단체, 수리 및 기타 개인서비스업",기타 개인 서비스업,그 외 기타 분류 안된 개인 서비스업,반려동물장묘 및 보호 서비스업,"◦반려·애완 동물의 훈련, 손질, 보호, 장례 등 반려·애완 동물 관련 서비스를 제공하는 산업활동을 말한다.
<예 시>
·반려·애완동물 훈련소                  
·반려·애완동물 미용 서비스               
·반려·애완동물 호텔                   
·유기견 보호센터             
·반려·애완동물 장례식장
<제 외>
·동물병원(852000)
·동물을 번식, 증식, 사육하는 활동(012103,012201,012204)",81.7,0.0,20.9
2024,930921,교육서비스업,교육 서비스업,교육 지원 서비스업,교육관련 자문 및 평가업,"◦교육에 관련된 상담 및 평가 업무를 수행하는 산업활동을 말한다.
<예 시>
·교과과정 상담
·시험 출제 및 평가",81.9,0.0,21.8
2024,930925,"협회 및 단체, 수리 및 기타 개인서비스업",기타 개인 서비스업,그 외 기타 분류 안된 개인 서비스업,그 외 기타 달리 분류되지 않은 개인 서비스업,"◦달리 분류되지 않은 개인 서비스를 하는 산업활동을 말한다.
<예 시>
·구두 닦기
·대리 시장 보기
·문신 서비스
·대리 운전
·동전 작동식 개인 서비스 기계 운영(체중계, 혈압계 등)
<제 외>
*동전작동식 사진촬영기 운영(→749401)
*간단한 수화물의 일시적 보관(→930908)
*목공(→930911)
*가구내 기타 개인 서비스(→950000)",86.8,0.0,21.2
2024,940100,"협회 및 단체, 수리 및 기타 개인서비스업",인적용역,저술가,작가,◦학술ㆍ문예에 관한 번역수입금액포함,58.7,42.2,9.0
2024,940200,"협회 및 단체, 수리 및 기타 개인서비스업",인적용역,화가및관련예술가,화가 및 관련예술가,"◦회화, 서예가, 조각가, 만화가, 삽화가, 도예가",68.0,55.2,14.4
2024,940301,"협회 및 단체, 수리 및 기타 개인서비스업",인적용역,음악가및연예인,작곡가,"◦작곡가, 편곡가, 작사가
◦각색영화편집",49.7,29.6,8.2
2024,940302,"협회 및 단체, 수리 및 기타 개인서비스업",인적용역,음악가및연예인,"배우,탤런트등","◦배우, 탤런트, 성우, MC, 코메디언, 개그맨, 만담가",29.0,10.6,5.9
2024,940303,"협회 및 단체, 수리 및 기타 개인서비스업",인적용역,음악가및연예인,모델,"◦탤런트, 배우 등의 광고모델수입 포함",45.9,24.3,8.3
2024,940304,"협회 및 단체, 수리 및 기타 개인서비스업",인적용역,음악가및연예인,가수,◦가수,12.3,3.8,4.4
2024,940305,"협회 및 단체, 수리 및 기타 개인서비스업",인적용역,음악가및연예인,성악가 등,"◦성악가, 국악인, 무용가, 고전음악연주가, 악사, 영화감독, 연출가",61.6,46.2,20.5
2024,940306,"협회 및 단체, 수리 및 기타 개인서비스업",인적용역,기타자영업,1인미디어콘텐츠창작자,"◦인적 또는 물적시설없이 인터넷기반으로 다양한 주제의 영상 콘텐츠 등을 창작하고 이를 영상 플랫폼에 업로드하여 시청자에게 유통함으로써 수익이 발생하는 산업활동을 말한다.
- 인적용역자의 콘텐츠 창작 등에 따른 수입 포함
(예시)유튜버, BJ, 크리에이터 등
*인적 또는 물적시설을 갖춘 미디어콘텐츠창작업은 921505 적용",64.1,49.7,12.1
2024,940500,"협회 및 단체, 수리 및 기타 개인서비스업",인적용역,연예보조서비스,연예보조서비스,"◦연예보조출연자(엑스트라), 조명, 촬영, 장치, 녹음, 분장 등 기타",70.9,59.3,16.2
2024,940600,"협회 및 단체, 수리 및 기타 개인서비스업",인적용역,기타자영업,"자문,감독,지도료,고문료,교정료","◦자격있는 자가 개업하지 않고 일시적으로 받는 자문ㆍ감독ㆍ지도료 등 이와 유사한 수입
◦교정, 고증, 필경, 타자 또는 음반취입의 대가로 받는 금품",58.4,41.8,5.9
2024,940901,"협회 및 단체, 수리 및 기타 개인서비스업",인적용역,기타자영업,바둑기사,◦바둑기사,62.6,47.6,13.0
2024,940902,"협회 및 단체, 수리 및 기타 개인서비스업",인적용역,기타자영업,꽃꽂이교사,"◦꽃꽂이, 무용, 음악, 사교댄스 및 요리교사",81.8,74.5,27.9
2024,940903,"협회 및 단체, 수리 및 기타 개인서비스업",인적용역,기타자영업,"학원강사,강사,과외교습자,재단사","◦학원강사,강사,과외교습자,재단사
<제외>
·방과후강사(940925),          
·학습지 방문강사(940920) 
·교육교구방문강사(940921).   
 ·꽃꽂이 교사(940902) ",61.7,46.4,14.9
2024,940904,"협회 및 단체, 수리 및 기타 개인서비스업",인적용역,기타자영업,직업운동가,"◦운동지도가, 기사, 역사(심판포함), 경륜, 경정선수, 기수, 경기기록계원, 감독 등 포함",54.5,36.3,14.9
2024,940905,"협회 및 단체, 수리 및 기타 개인서비스업",인적용역,기타자영업,유흥접객원 및 댄서,◦손님과 함께 술을 마시거나 노래 또는 춤으로 손님의 유흥을 돋우는 접객원(「식품위생법시행령」 제22조),61.7,46.4,22.5
2024,940906,"협회 및 단체, 수리 및 기타 개인서비스업",인적용역,기타자영업,보험설계사,"◦보험가입자의 모집 또는 집금 등의 활동을 하고 실적에 따라 보험회사, 은행으로부터 모집, 집금수당 등을 받는 업",77.6,68.6,26.5
2024,940907,"협회 및 단체, 수리 및 기타 개인서비스업",인적용역,기타자영업,음료품배달원,"◦판매실적에 따라 수수료를 받는 요구르트 등의 배달원
 ◦우유배달판매, 요구르트배달판매
 *음료품 소매판매원(→522099)",80.0,72.0,34.7
2024,940908,"협회 및 단체, 수리 및 기타 개인서비스업",인적용역,기타자영업,"서적방문판매원,학습지방문판매원,화장품방문판매원,정수기방문판매원,자동차방문판매원,일반(기타)방문판매원","◦서적 방문판매원
◦학습지 방문판매원
 ∙학습지(눈높이, 재능, 구몬, 웅진씽크빅, 윤선생 등) 배부 및 진도관리 등을 하고 그 실적에 따라 대가를 받는 사람
◦화장품 방문판매원
◦정수기 방문판매원
◦자동차 방문판매원
◦일반(기타) 방문판매원
 *다단계 판매방식에 의할 경우에는 940910 적용

<제외>
·중고자동차판매원(940929)",75.0,65.0,17.6
2024,940909,"협회 및 단체, 수리 및 기타 개인서비스업",인적용역,기타자영업,기타자영업,"◦컴퓨터 프로그래머(소프트웨어프리랜서 제외(→940926), 조율사, 전기ㆍ가스검침원 등 달리 분류되지 않은 기타 자영업으로서 독립된 자격으로, 고정보수를 받지 아니하고 그 실적에 따라 수수료를 지급받는 경우 포함
 *어로장
<제외>
·1인미디어콘텐츠 창작자(940306)
·소프트웨어프리랜서(940926)
·관광통역안내사(940927)
·어린이통학버스기사(940928)
·학원강사, 강사, 과외교습자(940903)  
 ·방과후강사(940925)",64.1,49.7,13.4
2024,940910,"협회 및 단체, 수리 및 기타 개인서비스업",인적용역,기타자영업,다단계판매원의후원수당,"◦「방문판매 등에 관한 법률」에 따른 다단계 판매원의 후원수당
 *다단계판매원의 소매수입(→525200)",67.8,54.9,10.9
2024,940911,"협회 및 단체, 수리 및 기타 개인서비스업",인적용역,기타자영업,"기타모집수당,채권회수수당","◦기타 모집수당
 ◦증권매입의 권유, 저축의 권장 또는 집금 등의 활동을 하고 실적에 따라 증권회사 또는 금융회사로부터 모집, 권장, 집금수당 등을 받는 업과 기타 이와 유사한 성질의 대가를 받는 용역 제공업(증권투자상담사 포함)
 ◦부동산 분양대행업자와 고용관계없이 분양알선을 해주거나 신문구독 등의 모집알선을 하고 그 실적에 따라 일정 대가를 받는 자영업자 포함
 *부동산분양대행업자는 부동산중개업(702001)적용
◦채권회수수당
 ◦채권회수용역을 수행하고 실적에 따라 수당 등을 받는 업",67.7,54.8,13.2
2024,940912,"협회 및 단체, 수리 및 기타 개인서비스업",인적용역,기타자영업,개인간병인,"◦병원, 요양소, 산업체 및 기타 관련기관에서 거동이 불편한 환자를 돌보는 일을 수행하고 대가를 받는 업
 ◦방문간호서비스, 파출간병인서비스",80.2,72.3,27.0
2024,940913,"협회 및 단체, 수리 및 기타 개인서비스업",인적용역,기타자영업,대리운전기사,◦대리운전용역을 직접 제공하고 실적에 따라 대가를 받는 업,73.7,63.2,25.3
2024,940914,"협회 및 단체, 수리 및 기타 개인서비스업",인적용역,기타자영업,골프장캐디,◦골프장에서 경기자를 따라다니며 보조용역을 수행하고 대가를 받는 업,71.4,60.0,20.8
2024,940915,"협회 및 단체, 수리 및 기타 개인서비스업",인적용역,기타자영업,목욕관리사,◦손님의 목욕을 도와주고 대가를 받는 업 ,78.2,69.5,35.1
2024,940916,"협회 및 단체, 수리 및 기타 개인서비스업",인적용역,기타자영업,행사도우미,"◦사업체 등에서 자사 상품 및 시설의 장점, 기능 등을 홍보하고 그 대가를 받는 업",69.8,57.7,14.7
2024,940917,"협회 및 단체, 수리 및 기타 개인서비스업",인적용역,기타자영업,심부름용역원,"◦개인 및 사업체의 각종 정보 등을 제공하고 심부름업체 등으로부터 그 대가를 받는 업 
 ◦말벗서비스, 심부름센터",71.5,60.1,25.4
2024,940918,"협회 및 단체, 수리 및 기타 개인서비스업",인적용역,기타자영업,퀵서비스배달원,"◦배달대행업체나 배달중개프로그램 등을 통하여 배달의뢰가 들어오면 오토바이 등을 이용하여 직접 음식물이나 물품 등을 지정된 곳에 신속히 배달해주고 그 대가를 받는 업
<예 시>
·퀵서비스·배달대행업체배달원
<제 외>
·각종 짐 운반원(→940919)
·음료품배달원(→940907)",79.4,71.2,15.3
2024,940919,"협회 및 단체, 수리 및 기타 개인서비스업",인적용역,기타자영업,기타물품운반원,"◦의류(직물) 운반원, 이삿짐운반원, 짐운반원 등 각종 물건을 운반해 주고 그 대가를 받는 업
<제 외>
·퀵서비스·배달대행업체배달원(→940918)
·음료품배달원(→940907)",72.8,61.9,21.3
2024,940920,"협회 및 단체, 수리 및 기타 개인서비스업",인적용역,기타자영업,학습지 방문강사,"◦학습지(국어, 영어 등) 회원의 가정을 방문하여 학습내용을 지도하고 대가를 받는 업",75.0,65.0,31.5
2024,940921,"협회 및 단체, 수리 및 기타 개인서비스업",인적용역,기타자영업,교육교구 방문강사,◦유아 및 아동의 사고력과 창의력 발달을 위해 학습지가 아닌 교재 및 교구를 활용하여 지도하고 대가를 받는 업,75.6,65.8,28.6
2024,940922,"협회 및 단체, 수리 및 기타 개인서비스업",인적용역,기타자영업,대여제품 방문점검원,◦가정 및 사무실 등을 방문하여 대여 제품의 유지·관리를 위한 정기적인 점검활동을 하고 대가를 받는 업 ,75.0,65.0,29.9
2024,940923,"협회 및 단체, 수리 및 기타 개인서비스업",인적용역,기타자영업,대출모집인,◦금융회사나 대출모집법인으로부터 업무를 위탁받아 대출신청에 관한 상담업무를 수행하거나 대출 수요자를 발굴하여 대출신청자를 모집하고 대가를 받는 업,67.5,54.5,24.8
2024,940924,"협회 및 단체, 수리 및 기타 개인서비스업",인적용역,기타자영업,신용카드회원 모집인,◦신용카드 회사로부터 업무를 위탁받아 신용카드 발급계약의 체결을 중개하고 대가를 받는 업,70.3,58.4,29.2
2024,940925,"협회 및 단체, 수리 및 기타 개인서비스업",인적용역,기타자영업,방과후강사,"◦학교 교육계획에 따라 일정기간 동안 정규수업 이외의 방과후학교 프로그램(단, 돌봄과정 제외)을 운영하고 대가를 받는 업
(단, 「교육공무원법」에 따른 교원과 「사립학교교직원연금법」의 적용을 받는 사람은 제외) 
<제외>
·학원강사, 강사, 과외교습자(940903)",69.3,57.0,14.9
2024,940926,"협회 및 단체, 수리 및 기타 개인서비스업",인적용역,기타자영업,소프트웨어프리랜서,"◦｢소프트웨어 진흥법｣ 제2조제10호에 따른 소프트웨어기술자*로서, 소프트웨어의 개발, 제작, 생산, 유통, 운영 및 유지, 관리 등과 그 밖에 소프트웨어와 관련된 서비스를 제공하는 소프트웨어 사업에서 용역을 공급하는 자
*「국가기술자격법」에 따라 정보기술 분야의 국가기술자격을 취득한 사람 또는 소프트웨어 분야에서 「소프트웨어 진흥법 시행령」 제2조에서 정하는 학력이나 경력을 가진 사람

<예시> 
 ·소프트웨어프리랜서 
 ·소프트웨어기술자 ",64.1,49.7,20.9
2024,940927,"협회 및 단체, 수리 및 기타 개인서비스업",인적용역,기타자영업,관광통역안내사,"◦관광통역안내사 자격을 취득하고 외국인 관광객을 대상으로 국내 관광 안내를 하고 대가를 받는 업
 - 사전에 예약된 손님을 공항으로 마중나가고 여행경비 산출, 일정표 작성, 명승지나 고적지 안내, 환전, 호텔과 택시의 이용 등 입국에서 출국에 이르기까지 관광 여행자들의 관광 일정에 모든 편의와 도움을 제공하는 일을 포함한다 ",64.1,49.7,13.1
2024,940928,"협회 및 단체, 수리 및 기타 개인서비스업",인적용역,기타자영업,어린이통학버스기사,"◦유치원, 어린이집, 학원, 체육시설 등 어린이교육시설에서 13세 미만인 어린이의 통학 등에 이용되는 어린이통학버스( ｢도로교통법｣ 제2조제23호 및 제52조에 해당하는 것)를 운전하고 대가를 받는 업

 * 어린이통학버스기사가 인적 또는 물적시설(본인 또는 공동소유 차량)을 갖춘 경우(→602110) ",71.3,59.8,15.3
2024,940929,"협회 및 단체, 수리 및 기타 개인서비스업",인적용역,기타자영업,중고자동차판매원,"◦중고차의 매입 또는 판매를 알선하고 대가를 받는 자(중고차의 주행거리, 시장상황, 상태 등을 종합적으로 파악하여, 적정 판매가격을 결정하여 중고차의 매입 또는 판매를 알선한다)

<예시> 
중고차매입딜러, 중고차판매딜러 ",75.0,65.0,24.2
2024,950000,"협회 및 단체, 수리 및 기타 개인서비스업",기타 개인 서비스업,그 외 기타 분류 안된 개인 서비스업,그 외 기타 달리 분류되지 않은 개인 서비스업,◦가구내 기타 개인 서비스,84.3,0.0,22.1
2024,950001,가구 내 고용활동 및 달리 분류되지 않은 자가 소비 생산활동,가구 내 고용활동,가구 내 고용활동,가구 내 고용활동,"◦요리사, 가정부, 세탁부, 보모, 유모, 개인 비서, 집사, 운전사, 정원 관리원, 가정교사 등을 고용한 가구의 활동을 말한다.
<제 외>
·인력을 공급, 감독하는 사업체(749101, 749102)
·가구에 고용되지 않고 가사 서비스를 제공하는 개인 또는 경영단위는 그 주된 활동 내용에 따라 분류",79.7,0.0,25.0
2024,950002,보건업 및 사회복지 서비스업,사회복지 서비스업,보육시설 운영업,보육시설 운영업,"◦보호자로부터 위탁을 받아 유아 및 취학 전 어린이를 보육하는 산업활동을 말한다.(「영유아보육법」 제13조에 따라 설치 및 인가된 경우 제외)
<예 시>
·놀이방
·직장 보육시설
·탁아시설
<제 외>
·아동 교육기관(851100)

*유아 및 취학 전 어린이 보육(인가된 경우)(→872100)",86.6,0.0,17.5
